feature_1,feature_2,feature_3,feature_4,feature_5,feature_6,feature_7,feature_8,feature_9,feature_10,feature_11,feature_12,feature_13,feature_14,feature_15,feature_16,feature_17,feature_18,feature_19,feature_20,target
-3.4611199358919476,-1.1441161886235383,0.15219377980108464,-3.4543857689224313,1.3847875073682903,6.124190767458148,1.6149059259718217,-0.5249028612768583,1.2293691835821718,3.9459872198896684,2.247140127935582,-0.1771848754283862,3.6075210991744244,-1.7314453600424948,-0.7789206026117539,1.232630319073,-2.861427571667507,0.12246335925281096,1.475809645436334,0.13342691465345397,0
-0.7030009355297779,0.018099964323894817,0.961085968241973,-1.0971487556510802,0.7395234840549056,3.1798154679894726,0.4108338077809825,-1.918690568431045,1.4115117885397617,1.0827330550064505,0.48496476778022457,-0.06228182390564911,2.3476044505641465,0.8036974608753797,-0.39580218680513946,0.6426507130562684,-1.2793528668664105,-1.801922680689831,-1.450418241232103,0.0006268318364188177,2
0.6164156556638192,-0.2847904542827663,1.6653588124305174,-2.5389229446360817,2.0952885111185133,3.620207445717233,0.7668608673967203,-4.673696138311341,1.2856924464791224,-0.15961178419741429,-1.826430875523477,-0.34995827823602044,3.1575550568812765,-0.6768678259668166,0.5966700011324422,0.1233635551505523,-1.290250168140096,-3.339074521231173,0.17194140317400342,1.0803706831781659,1
0.3400068242747565,-0.6980016553104355,0.06770781001595248,-1.5388407128943349,-1.870061098685374,-0.523811956755928,0.9484257707181705,1.8218752040881032,0.7274621945320923,0.15096054511270507,-1.1344376813609016,-1.8957461434125769,0.9165598116295351,-1.5129506683718321,-3.4275888456267767,-1.0281646720348245,2.0284978537193394,0.30893937383789266,-0.45152601692168154,0.8209775618249165,0
0.7880110068361936,-0.2530073476011097,-1.7428879738170595,-0.7686944268748276,-2.1753814320391736,-0.24576248808527718,0.4633561570182974,2.239410320514814,0.17949336279124653,-0.24392532957908575,-2.835791525548136,1.4889450601163348,1.5697155880849132,-0.6881825933190304,-2.040467858725715,3.0424642146386063,-2.2472105216012634,5.295127016402758,-0.6074408952832138,-0.3066876363767765,0
-2.4855602659085596,2.8946841304733337,-0.553687515924103,0.05414503898221534,-0.2097180768228321,0.7999278163524361,-1.0361717752673318,-1.148373286041179,-0.18696842946794323,-0.032795206752414874,-3.5257579884479195,1.0484018731416267,-0.1319912858500032,1.9851256119586655,4.9705255855944355,-2.3508269660283547,-1.4525338463702238,2.019013554841197,0.11959795457485885,-0.4118713992431347,0
0.0873084643459221,0.8922098728099856,-0.2947110388441811,2.1216976251853645,-1.2188183332176559,-4.167959838014399,0.5555524818325563,2.1054120557906972,-0.6084600814322608,1.9636303869460414,-4.603256036349736,-1.1094755448397435,-0.971393850206822,4.2506720551157535,1.6446889118469126,-2.167392432539603,-1.0571453681090883,6.404387082302676,0.2181243696810031,-0.4854413691040997,0
-1.0350547723397616,1.5735429200497177,2.0515034709238975,2.6527653765003683,0.6249536980641566,0.8798386327418877,1.4701027817186962,0.5898498801684438,-1.522950449385224,-1.0549002378063923,1.1761547716076266,0.008521072738391776,1.3962502288582015,-0.13053567956644485,-2.821930423487389,2.4001556629508296,-2.8523792555260425,-1.3932333223537274,-0.3005156804971317,0.251331260458493,1
-1.0324689726098533,-1.0194778316576736,-2.2173089054711967,-2.1691709112490494,0.8512333705208499,4.27560213094241,1.062631673678995,2.303271931809284,1.4943366208944862,-0.9763209208171137,0.9747065973389886,-2.6717142433836316,0.7314376296650273,3.656934871174376,1.8932601249246577,-0.22587052985729628,-0.39230858817025294,0.7150218608331843,0.354826829520639,1.0973012889525897,1
1.2992253845071091,-0.0994724027795285,0.07208750410662172,-1.7324643379404927,-0.33257312833496894,1.673016243022254,1.5642902635270133,-2.852606219142023,0.6707183224357742,-0.2211296212010192,-1.5652379153750766,-1.7230162191325151,3.5643450341773804,-1.8571805800716974,1.5593874918504773,0.3352962439486392,-1.3021335640069658,-3.1134584491917123,0.48230842425577825,-0.5493628701120722,1
3.1446954135675944,-0.9753336776902222,-0.9273072539306401,3.6506387866315495,-0.670290580449449,-6.052267435585401,-1.3033096836080165,2.6899655326266516,-0.4516260887061294,1.0423605959690017,0.5153331799300398,-0.2397533247641409,1.9365567848088587,-1.4803009905464681,6.130547247307332,-6.347122688269987,-2.6072120530539724,-5.85091565914323,0.1275682330539122,-0.9011549513389546,1
2.5866964828832106,1.606260380726673,-0.43807285678130725,0.6329714913454294,-1.5821880508751418,-3.8216788128400156,-0.0793261963762133,1.8478867542959923,-0.02057942709086451,1.4278632318162705,0.8914326930000763,-0.6235090134903337,2.4786971361793535,-2.9578947507075632,1.0496491032750555,-2.2011145240561003,1.000533993321704,-3.8103162577781644,-1.1404457867700528,0.12390824563606952,1
-2.285417974381402,-0.9067927155209334,-0.9488789445761757,-1.821903375011148,3.77748997612812,2.799459401409188,-1.6947505248528592,-2.017392802921996,1.810534841351558,1.6952269714791843,-0.6047574498318737,-0.6146877925374229,-0.0275337120455299,-1.770993541573035,-0.5061596461277587,0.43630571324987666,-2.2056842064588826,2.0579940488478896,0.26294077876109573,0.14942137069267467,0
6.816108896346514,-0.01923676106405932,0.4395657746659394,-2.9401503647477867,-0.04820838564256086,-4.8749950129035104,-0.3039540630705414,1.9883046002740676,0.14512033292760365,0.1605187948841491,-1.5018361370834397,-1.0828340625830453,-2.2232104245485034,1.9457797580357068,-1.79527483301756,-0.8747134502748768,6.296484448389254,3.210392766201416,0.8668210859166574,0.017917738221916595,2
1.8124640522986462,-1.3837935308890936,-2.1099078362694663,-0.9782130214942172,-0.28294497536435914,5.223939348015751,-1.542445083515727,-3.8415297088633085,-0.06008556737978037,2.4028409629343335,4.885533524439199,0.3588856151710838,3.7990610706337744,2.666866410015532,-3.3622692401986827,-3.162484613417238,-2.1332431507110323,-10.848188389232295,1.2258790482242037,0.5594082342054149,2
-0.2689788215914548,0.18050463388908677,0.07245312981093784,0.6955709623844133,0.42547139158009356,4.146708485739805,-1.5844211281771077,-1.834110363323123,0.6264397504539391,-0.4210826818946807,5.06134032789868,0.4719104151741429,0.01881267765117889,0.496531908533402,-1.0925520702274194,-3.580182070510476,-3.4366570034170825,-8.637310306308203,0.5156628049375553,0.460028085116589,2
1.9453501538525024,0.9412627229597609,0.24304662965364918,-0.20885547837542173,0.16358911436627577,-0.20775748825888887,-0.9115585553391796,1.960690799099496,0.8105361148297376,-3.227138708203122,0.8423967686031879,-0.6148279504490115,-1.4863627248590259,0.6845824986961135,2.499534159677056,-1.8604525532349678,0.19237509967652278,-1.8596971543892555,0.23172100021419154,-0.7004041846681613,1
-1.7708422897565907,-2.3787619272587017,0.0952931191602342,-0.5981470338945357,1.5557119779162487,1.409118795861155,0.12550887448218748,-0.001983701233088553,-1.411575685125063,1.0187893084496298,-2.0252295579532795,0.7347096675729954,2.236310125753944,0.28597921707380713,0.5186548487171814,-3.9587045986196947,-1.372200718326835,-1.8445539243747566,1.4707624743207173,1.4985910968357032,0
2.209451025273866,0.5440149383064131,-0.28912429678450113,-2.021802824647737,0.40654029375198053,1.479953714976433,-2.298935839162718,1.0123476350274923,0.07987605427022527,-1.1207272603898284,0.7984357685733727,0.7407256829826417,0.5475128984853552,0.8695355894594812,-2.7823071372773116,-3.64325396739508,1.1648555176870263,-4.2305436969578425,0.3615990341455025,-0.29644951459805774,2
-2.67504522546433,1.1525370103303259,1.2367718895022066,-2.1168176672254457,-0.7244621682423739,3.8450017461876476,1.2199329755364838,2.3547456409893397,0.6947049704670458,-1.2612035829516473,-1.751541327184511,-0.5023907477200587,-1.6529167465339727,1.0569364193811943,0.7230261649118592,-2.00335687156608,-3.56268674929666,4.387040870159569,-0.5435217529450828,0.05512820536405596,1
-2.652606768130579,-0.04704344829848102,0.428821006012148,-2.541518168290647,-1.0810120697625603,7.404787279641713,0.2881655076420865,-1.896902349765755,-1.2618897827267748,-3.026467622162399,-1.1143712995470443,-0.7414954274106673,1.739045819054909,1.5855475540776114,1.9432110614465696,-3.3378029705061616,-3.1094109400493664,-4.429459326331402,1.4543101017964906,-0.9738283359082052,0
1.9248907886829898,-0.07784778154432369,0.5281585217116831,1.7691230374695484,0.8370510042355225,-6.225070948991546,-0.21080832450621106,1.9198094940563135,2.3905354771458587,1.5923870977381362,-2.0335966091032294,0.506379498694662,-1.553754649008571,-1.0461650600524504,-0.19968489090618602,0.6851323088546768,1.1230294447725022,5.040418917126631,0.11277074508506787,0.077974461818732,2
-3.4600414392186196,0.4173034615036174,1.4189040694751835,3.32827329491992,0.5320288361173547,-1.6401817557891971,-2.3912418679213387,-3.841029191349169,1.698553206067221,2.8636212531960727,-1.4701191518582621,0.39514433315690634,4.422635702356141,0.733143362952288,-0.9755024970428248,0.21136900494545396,3.777962966746996,-4.746063355341627,-0.3258117824897338,0.12459075794206703,1
-3.039346220710096,1.587225753825556,-1.0406595794171818,1.7765949732116972,-0.908793467195573,-1.6426879771154999,0.16999604147217434,2.5801830661917706,0.06116488315665739,3.1790902294601757,1.763914819464969,0.05343175265543497,0.8237692181367672,-0.8763681223620341,-3.1186942341936095,-1.7934126730645648,1.8633411609061872,-0.8344959570850128,-0.9681310092523677,0.3453222574703249,2
-3.6353331477126805,-0.6849664698523465,0.4561661270135527,4.494588015615718,-0.6763657556359388,-3.493487513020291,0.42882255462666935,-2.205675648273632,0.17778455640450103,-0.873638118306956,-2.971097060087163,-0.13964364124158132,-0.19630946890486478,-0.6381771487805004,0.12494599691398389,5.964538024098557,2.7132366710066536,3.749002965371558,-0.8088451508609211,-0.6535504696058138,1
1.0057918380678987,-1.0481502997801369,1.5172310250102452,-1.0990261783220434,-1.6309532132923052,-2.365252859033969,0.1828039641701267,2.4541539355029767,-0.778582645746157,2.674930274263546,-0.993996524656615,-1.4442213202567409,-1.191824807779052,2.423253734426413,-0.9183357836287834,4.165286686170668,2.5929190864691076,8.979736035425502,0.6992476221520606,-1.4345623784678974,2
-2.483771022525256,1.3190761913682747,1.0370622897644273,-1.232934226657971,0.0037664035082537583,5.354682655022901,-0.820867267409795,-3.1924605966107276,-1.1060684529617113,-5.188063581188275,-2.713774662549368,-0.1783643972134808,0.9677221271968395,-1.237328449152185,-1.3971518478969913,4.362023352364078,-1.3750552199548407,-0.011491628927668288,0.6474075265997693,0.2256709659631877,1
-1.2829908910761807,0.9014020901613844,0.7812571909962575,-3.270406145102129,1.1440926945412941,1.1787661405426517,-0.14867908887143086,-0.3312745034900283,-0.9445294576993009,2.4827110285359515,-0.7925022738880012,-0.7541921187951445,0.29402698841631847,-0.4787070075287989,1.5596744607815802,1.7965226265326817,2.2355794831602265,4.514754587907534,-1.763723876486993,2.336746454024997,2
1.2369076812128594,0.3283623953335297,0.039848239515323805,-0.23349734014775148,-1.242826058329825,-1.2180916090876963,0.9532912543025196,-0.8443879353655734,0.5210397575671122,-0.48648972523643375,-2.87045067222598,-0.3611424346118292,-0.3925836377536347,-2.1720903045440147,-0.9162420307318179,2.4020083747450114,-2.367538245607928,4.118679622791795,-1.7163271096772137,-1.0959377796704024,0
-0.5250110836639734,1.1238932901712488,1.0736102952456577,-6.69976669428669,-0.8791639454365066,9.359845042126569,0.5819938044171737,-4.303035488238828,0.48936498527543776,-0.7543451275560908,-3.9006690507269814,-0.8884719666699248,0.8774765531016793,3.507208860178665,-1.095678185281857,-0.9229037464455823,-3.8051221553403307,2.4490212536415124,-1.1579956366942243,2.34064329118308,2
-1.5006148657255012,0.7158715028435898,-0.0361435972205378,-0.6406574714894069,-1.562234856650264,1.775725480315292,1.0716639795447496,0.5735092298969391,1.3258207169727854,0.3128228215512503,-0.5997526138390596,0.7504960325257349,-0.4079658990207584,-0.9882867789654899,-1.4386611475343574,2.944342528475617,-3.0182722076092463,4.779404284957096,0.170414268811586,-1.3547416592922763,0
1.752849078677695,0.4560395883836946,-0.4113654880221563,1.1248896246812583,-2.334415589215141,-3.406706061427337,0.17944839173657468,3.5575885367340696,0.48344366827831825,-0.5742463728982632,1.131665767472226,-0.8878791855361773,2.142529041410718,-4.497375993390845,1.6988199561907806,-1.9725780686643837,-0.35519038299709604,-3.794068576278984,0.5906652967043781,-0.5883570224656404,1
1.2818386914621152,-0.774817263600515,-1.9141866727408046,1.381764710651346,-1.4278065290843733,-1.1496656972859307,-1.3316043186119952,0.16126463584187456,-0.7502886691740386,0.8479803507254533,2.6667918860176485,0.23027231325506942,1.9860282315778843,-0.7472890734288713,-1.1796183387170731,0.10315926702267797,0.8338219744643849,-4.646421535663359,1.2130147200800059,0.45239448329036974,1
2.778037356992382,-1.9740078022656418,0.2834313183720053,5.119766106526768,0.08970726268500426,-6.049305684224597,-2.173351079895689,2.334721105926888,0.7267305457153483,-0.4289801595316656,0.7547355123842663,0.00691944848858827,-0.8706193509474447,-0.6311674557580573,2.293006231824933,-3.4803655449794917,-3.168194120206472,-2.986224894230525,-1.1439335705975266,0.3247023835507225,1
0.6438201795917908,-0.20990779110796134,-0.7491526548670611,0.4107083159701004,0.8705355430382522,-1.5246061568688305,0.018539945289034115,0.963943118805664,2.565841659244398,2.9741679862822634,-1.5729203274252923,-0.3389680508233362,-0.5845256277443072,2.826077191550331,0.5333215838538687,0.46699154040708146,-2.2787602870076973,5.880927768560114,0.3518154509138963,0.30871839419384045,0
-0.2377755982701396,-0.17972636478580264,-1.2323125260226988,-0.9787493073090516,1.0937656474284883,2.053175344683489,0.5792129424360255,-1.796822081295724,-0.9320368655873537,1.215541010117018,-0.0552737407379863,-0.17554791863099908,1.090107261003368,-0.03423863094597157,-0.7724999840424739,-0.14986429071995122,-1.8635354878753354,-0.6751187140520623,-0.35837809823226846,-0.4043653256803252,0
-0.5141400536183786,-1.1286963336068758,1.7517962170705998,-0.5768373432832842,0.8226153699736483,1.3303057111475616,-0.6072104429957799,1.0200352907047634,0.5628109699500876,-0.9066557023247228,0.479597414412104,-0.3781936851072912,-2.999561178191282,1.2700601715435318,1.57052004272246,1.283298835372239,-1.9541198922382457,4.476924404739144,0.564301351141907,1.1966177360048202,0
0.5950294025996539,-1.8902406641369962,-0.7974605228064238,-4.365612694576831,-1.657932993720959,5.518070415676115,1.3907631720334803,1.4716550553695686,-1.5106847034140596,-0.9063033427968177,1.5579807348639134,1.8018480256358902,0.36946770947386853,2.789550861026676,-2.731964746164924,0.4522089323952354,0.7076316848116162,0.4594947369515184,1.3483754483380468,-1.7519635347055817,2
2.9955555071546485,0.05446036929644432,0.21555000064529165,-3.498713052867203,-1.0752939033304105,-1.9999751226219409,1.7516744537778939,2.4712871886296774,1.8149139351663486,3.982477762384109,-1.172307543054655,-0.5051094154115093,-0.017496856831798024,3.9730124967746923,-1.1044597992274803,-0.6767408972209581,4.723936089788705,5.481602775931213,0.86151388816879,0.014320402204858777,2
-4.4177976478447345,-0.4011203061709095,-1.088354451073005,-1.1671604819095145,-0.0017690228592416313,6.1834974067335216,-0.557129888598408,0.803911572927253,-0.638723320526415,0.39002841856997794,1.1103826563084978,1.2154887216247832,0.7256822321330014,1.5713765511112356,-1.6117743554052537,0.7295901302340068,-3.645404528354452,1.5981193050798994,2.071132593760768,0.46536292373182886,2
-0.4406675150063648,0.09577141565544345,-0.36565146884881455,-0.8822916161054025,0.29574778647011774,1.5407542396025964,0.032108245831276166,-0.2718321093444368,1.0804390648354485,1.4838408915414816,-0.49387454452354507,1.5039367461662614,0.18568734895160888,2.3128672378318265,-0.31727620952377034,-0.4360163910844218,-1.0565111973965615,1.7445260913733294,-0.6674296206734219,0.5602975015318421,2
-2.3107577987981793,0.7863963530491347,-0.8386907445435131,-0.6120923777335101,0.15180971381551212,0.9902802484154126,-0.7351735618733791,1.0485206588866718,-0.15520391286675808,1.5124074908284084,0.3891917789046896,-0.9397883083349045,-0.41746115178028265,-0.1925946352335921,-0.6788585216260494,-1.102618121141686,0.023586997860679748,1.4350843833293276,0.6833588234970358,0.6461510893561248,2
1.8056846260941772,0.5921246247453483,0.4741348011830975,-2.2286508445831794,0.4109161335930336,-2.198838616344522,-0.025838144716133032,2.3586559652402794,-0.19162591565741793,3.402176722752968,-1.7669071843827777,-1.9413731289826768,-1.956203626752655,2.624181591128682,3.3268235318181967,2.714994227814027,0.006477018365765863,10.98096805661013,-2.1363317116359837,-1.3789165487173327,2
5.235067980141093,-0.8919192661546727,0.8297041293737117,2.3786800370448926,-1.2783128203538188,-10.508135225030788,-0.816042000988651,0.49594287223333544,-0.27127131945695626,1.5380265349400286,-2.5173535409494927,0.8657011788346128,-4.2547117327911925,-0.9192409936211383,-0.5450060387846294,2.706007468085101,4.438786067373767,7.300044701974594,1.1573322956735501,-2.018462428472016,2
2.040892887107715,0.29197320006678507,-0.011409078855165644,1.9755056297576492,0.5107665885939133,-2.5016443827232924,-1.0603159900310417,0.46743473097069654,-1.61029815551116,0.7164987823638538,1.159576169428053,0.33247343108210803,1.370532673347467,-0.2022760219111952,2.412698910339275,-3.256764814556273,-1.2754713612238728,-4.766637647404779,0.02682953092481496,-0.6595378722631091,1
2.0810056272656015,-0.715393571239174,-0.337502066157465,-1.2568385652412872,0.5621895306852417,1.820974074374488,0.6755187365822855,-1.6322266009564013,-0.16462909752818766,-2.6969172710958196,0.21234998261911509,-1.0223096560479346,1.7483597669891842,-1.4232928983112703,1.0501279223605158,-2.3600789024344975,-0.6020536970154862,-6.618798357689875,0.21717637258489192,-0.8095673868458734,1
-1.0698849088393627,0.49659235119030115,1.189675198185023,2.5199431313223633,1.4542000122758232,-0.9429828994853976,-0.7629170239709068,-0.03741652921089367,0.3904968604816443,1.6845544854548207,1.1189362762926707,-1.4288779545288437,3.05829698025022,0.10505902486097352,-0.09653556516536399,-0.7344451488484793,-0.18142937782331248,-4.120544096295215,-0.48351258853658513,-1.8118279424555976,2
-1.8629293318039002,-1.735487535167645,-0.12624814774958787,-0.9299304416387862,-0.6136312383802843,3.129534674867617,3.0873138111123435,0.40889325433259893,0.42425058766885315,-1.9284561223432046,-4.380855476128923,-0.6433970622003758,2.9514963161677708,3.574737347420751,3.401625874824709,-3.2491031286461887,-1.6546755404474465,-0.8065092805453671,-0.21288241591064475,0.07261083423621893,0
0.05244046377028799,0.313883772123974,-0.3948939793937619,1.3585053397013436,0.013395129720671672,5.085805668188007,-0.007095859572590296,-3.4575756994764624,2.431672342531423,-0.3111272051546632,6.038616657554017,-0.06843836882482655,3.0812415404691076,0.4678581633697537,-2.478967942187839,-2.5706619271516242,-2.9949353439747224,-13.180614390798423,-1.9107704356721398,-0.14057444122984536,2
-2.85374953376805,-0.34475201767868985,-0.19464136458099254,-1.4754685767549192,1.3679694020252005,2.6683372019406466,-0.5836604573054179,3.138392609589456,1.239733307978622,1.8775808058026993,0.515791611790033,-1.046878502776499,1.745466838572205,-0.48586220968289506,-0.7959946078648473,2.173376585061094,-1.9117688161458501,4.304470400716914,-1.7168575228553693,-0.3454547476179307,0
-3.4796320883416128,-0.6770232850807263,1.411646503919558,-6.3251148963663555,-0.8073294029214,7.789804762643896,1.3494466825380171,-0.7760501691849575,0.45104363374589096,2.313995417658236,0.646437261144283,-0.0006530739155414998,2.6747244659310603,-0.2917842990225461,-0.4202568317644104,-2.415938721080443,0.5193693130950399,-1.1966944640287183,1.2169820392052504,2.7985659120309045,0
0.49744704416935037,0.7003694696476837,-0.47370913813461124,-2.1952629651165676,1.5520950076720532,3.6889144096133104,0.28183150156650727,-2.2113598222207775,0.6513867121868381,1.6270003318565809,-0.4762433609120411,0.40439952092816306,2.6653739859805956,2.542596108252354,0.7256071795753947,-0.13022427563454342,-1.9966926126803393,-0.9030057297128198,-0.3974591697846353,0.7062831431437482,0
0.12066387809618018,0.15998831789186987,-0.2910193172430512,-1.4528157208583192,0.22728888284546345,3.0162365356706378,2.100916139234912,-2.501911664641268,-0.033404181002878494,1.6756258510094253,0.7387988591478836,-0.8891107160670026,3.433030979773371,2.3053756759930897,-0.6748916292677467,-0.6520191885824318,1.0113403676292219,-4.364841013610755,0.5957719966107027,-1.702850560955932,2
1.9284426336955267,1.8522909540708852,-1.1046675477275152,0.02112176371250829,-1.1431606060400803,0.3054889388921757,-1.522954471956448,-0.2823478860960932,-1.9517764835951803,0.5532010287982048,1.6587214098965308,-0.3948521036040913,-0.9776734548444865,1.1619752610148406,0.6630741763245789,2.0721831422271637,-2.2951054275993026,1.7008515912195405,-0.29685489373197,0.16786239360676053,0
2.6651663578826907,-0.27237962308522584,-0.6407286126266447,3.0948087101193487,-2.22573333738889,-5.039912724729174,0.3105624837042775,2.588363635106939,0.219238917490338,-2.2517588652218987,-0.5750418069907075,1.1891949720939472,1.329814223771085,-2.246504922797449,1.3767588322299513,-0.5053418198783837,0.22155293754820926,-2.8671215041648312,1.755524980070087,0.11945667340578713,1
0.3693602214553193,0.08879182231780254,-0.8906003988521356,0.9137890387547409,-0.45882107267510414,0.6082711725275991,-0.695520715106446,0.5676133397836491,-0.8553469957392672,1.428164275339645,1.735519093157135,-0.13217027117084984,4.052693543598998,-1.7503211421445308,1.034900107189971,-3.8524366895481545,-3.512371525282398,-6.9568594373862025,-1.5808434575424193,1.0553709578623531,1
1.5830167658949832,-0.9627748512670647,-1.4722573634829728,-0.17523881273857755,-2.2850201039320615,2.623894444737227,1.2778643373901297,-0.6471824386653108,0.3913103208194433,-1.9731251041871598,1.7463454197426924,0.12258106868047293,-0.47948502774988944,0.31836351798187723,-0.4542763161938326,-1.528032583889145,-3.8925028025926496,-3.5825295718499794,-0.18072229018177993,-0.9490402912155661,0
0.8726273183009585,-0.030578532411292016,0.8232475017125183,-1.1132402137303334,0.5547322169891947,1.8244927529900286,1.3187013557682354,-0.32706025387304416,0.5099516667426873,0.46435607297630455,1.6033799767343742,-1.1466430836672743,3.463419846219588,0.4954497420863285,2.675119354509473,2.3783987189187834,0.25901614243557747,-2.250990262508141,2.0612454684605774,-0.6826060722180601,1
-0.40262055378861983,0.3349835554979247,1.1407914475545389,-0.13395480195618814,-3.09814715452078,2.7721603174209863,-1.9192925788569681,1.5297206040472364,0.8645406694634493,-1.893064621096745,-1.720077107041794,1.2074912492745373,0.6606482284907075,2.959590028024003,1.1529517058634988,-2.648477130742206,-4.253204036446629,-0.03645772492145733,1.8399109991688833,1.416973973837563,0
1.798839033742862,-0.09211683792364958,1.2231052939763496,0.18269845395182238,0.0870546368075889,-1.0818648815548322,0.07085890482031604,1.1034868998873462,0.09900162758932099,2.470719017247978,2.6853263729993926,-0.2496496656607904,2.2739535218895823,-0.11212544024989812,1.5582912034831515,-4.6420428498831985,-0.16634800116755322,-6.022057155473307,0.13374294128699207,0.18917808231135325,1
-1.3618846898667634,1.3575882092768423,-1.087677694731258,-2.9264591962770607,0.2518803600928554,5.179346297501821,0.9812158840733828,-2.4401806775617922,-2.410662694908141,-0.6989755526849735,-2.15781212860984,-0.7634236328562302,4.493984658450142,1.7470511162380211,0.6246949715608068,-1.196862042458407,0.56813091433243,-3.9390562635888995,0.8865088020755251,-2.02628351136724,0
0.4154874362270047,0.20351560371854796,0.7728340492664013,1.3370018364456584,0.8573713651756364,-6.925969419919437,0.22060692295888165,0.9045207762655832,-0.16869103498212665,3.818375623002493,-2.554546440890944,0.4970819410032019,-3.0792927886761956,-1.9847775992881367,1.3576561369298208,1.6398189840605761,1.1968052985705944,9.07597104589211,0.7766424893377897,1.005326025666313,2
-3.108682178513754,0.5189150428456454,0.5923584078044751,-2.6159861967043434,-0.8478509736907655,3.784340420503258,-0.6617313742720755,1.7864096022934555,0.34329769092415446,3.200593536379583,0.938245322689861,0.803280035971742,3.1385049777961407,-1.4619026364850516,-1.5751875504198027,1.1897533426684983,-1.4644792358139522,2.0460768312808217,0.6542295064967376,1.1827590192195223,0
4.686769087268661,-1.0454545078799107,0.5082764311900971,-2.602600526756902,1.3438214295481254,-2.4651948737874427,-0.7634731228902925,-2.770120284739452,0.9404565783741969,0.7913405581781152,-2.9966513045995153,-1.6158441299088375,-1.8569622177185527,0.6822856978250074,6.303743571451429,3.28545162858212,-0.028319274751676282,6.886024850929095,-0.9967184101416476,0.1616789110029908,1
-1.8253338856537114,-0.0011495648046663729,1.555338239475078,-1.4250275182018701,-0.3161792525756171,1.5609117518251325,0.9600391808954257,1.0134292711948834,-0.37953889742192626,1.621629841647422,0.8933819595654505,1.213008142942167,-1.5437994558832568,0.2457780935340811,-0.8868951304082481,-0.8117610548457729,-0.18484090813638498,2.6673102862819658,0.9295289063494676,-1.0000807425869997,2
-1.3397064648914638,0.08752634984501938,0.6204598024623365,-0.32121651006130136,-0.1828025517326632,0.5983535064616442,-0.2504293322103213,-0.34192755186800505,-0.7285501843308623,-0.001432888326820314,-1.686819116627111,0.9528001076053968,0.40438283293656496,-0.6539961932720324,0.6646506463752353,-0.6074762494021031,-0.9451946437066574,0.9418060254342897,-1.7797405111628606,-0.2673010743900444,1
1.3672635154695225,0.22753895389624126,-0.5043199689792308,-0.9102307863687016,-1.0580352588581445,-0.7793060265660442,1.0446662356754068,-0.19636420200580762,-0.613598571738008,2.9645851196793824,-2.483762436634024,1.7387983609508688,3.596618341743777,1.4637236561315412,0.020481375424329817,-0.6141908195709131,-0.3623060699310441,0.8444762777078665,-1.4446591716832917,1.2207526032547376,0
-3.3165061633331665,0.9346701581005344,1.4157466076601128,-0.6679502385316578,1.0209796051476259,1.9566325100365516,1.4371698553041121,-1.4994914272136537,-0.052978274929529716,1.290711343344822,-1.675068681526881,1.9616294732981792,-0.5594234245066816,0.06051643127518991,0.7364324097162875,-3.6340426188369452,-1.3886204372146511,0.20815098879612828,0.16394494455802602,-0.5915158696705674,0
1.5358544562987846,0.9870843417498008,-0.24765560383738025,-1.6163740195971954,1.1030922335588764,0.8921395807303119,-0.13655653611546312,-2.048047291866203,1.2810763920911812,0.7372527357307135,-1.3734179118070584,0.1705878131532736,1.7200467478227335,1.2876595824017079,2.7619139817025813,0.4655156480620567,-0.321813992092179,0.04290824111775704,-0.7339942788786429,-0.44850253406305407,1
4.0413207241981866,-0.6398126391918693,-1.039524675720976,3.169675804723733,-0.3281751268411529,-9.200264449937938,0.6650059156350103,-0.6176611567817762,0.04098432823524924,-1.6269847629282146,-4.546839773689053,-1.3322948735215885,-5.055897122542372,-1.6827127070348276,-2.166588957666007,0.9812138628968686,2.6244329428890136,5.522208247601601,-0.15995088456830253,0.582686961681618,2
-1.3844866641605975,0.4242495529750107,0.6827056477468983,3.0874374805094,0.11178463132985637,0.031336158855080044,2.338650940554561,0.3620773312743998,0.689269669125307,1.0828038449239967,0.7887053076554515,-0.13310886351736356,3.7273399182137927,-0.4995223945305062,-1.6954189873486714,1.4749406390606916,-3.0474770521769976,-2.6255475740311573,-0.09722155873808332,0.019644455960846092,1
-2.836919975056964,-1.31394449670997,-0.6022863546684106,0.17671225111333855,-0.5487163413482677,-1.6847988450367575,-0.3547019443319408,-0.9955990298892263,-0.7730381824010908,3.8838657753855634,-4.61128199172336,-0.29639865154618206,2.4281731351361273,0.9411902728333603,1.763089253738039,-2.643682892701001,1.0536126335473353,2.390637840988947,0.26454137610206696,1.629588617431935,0
-2.1816638391472036,-0.811268733480996,1.3760064863638541,1.680298448888855,-1.0023521099305026,-2.4349336800652437,-1.742696701788964,-3.130411797715584,0.9067156838508832,3.1006869966056287,-0.3125083574257116,1.10566072778317,-0.923372089316862,-4.263983087568031,-0.5469379274381694,-0.39782331336974863,-0.6061010634011926,0.24067814467242674,-0.07291096782415907,2.115613183331255,0
-0.5333681356249662,0.8612234150998442,0.6941188538511088,-2.7399013772869134,-0.7773887684381586,5.829275317706308,1.6990607523969676,-3.0022558724379715,0.10264510297377231,0.6691495990143623,0.37050343601343627,-0.06556392602974538,1.3994243508557742,0.9914136568368004,-2.6731615968368514,-0.27060414755968354,-3.165949794965926,-1.6911477646646045,0.450257691189742,0.2011890594004428,2
4.436756526871229,1.529668274287631,0.4274382280833858,-2.704530566097938,-1.8065594062345491,-7.883589601987774,0.9779352082870972,1.93088001267034,-0.48959488244877264,7.108927770363166,-4.1878592695742825,1.7733350570043276,-2.693137470702288,3.7422615434203603,2.7855398115214594,0.8240746938936807,5.37595258018486,13.630727643490808,0.8936480961224382,1.1787397760052507,2
0.4789667840974232,0.13324005397481176,2.181569080968208,-0.7844714123406044,-0.3660923129077371,-0.15383990493489252,2.1597423126681368,-0.44212550035725195,-0.9628017639684975,2.3499647523169345,-2.1757662904724078,0.8026307013236168,1.8700419751357105,1.392180232386048,-0.07738794393880655,-1.393743487793721,-0.9251889481900496,1.1519215180521298,1.9697026790511198,2.0101508500891336,0
-0.48915053124906305,-0.7409371136831225,-0.7230156982860678,-2.789545449846786,-0.31607335884173615,1.3424022951848233,-0.5829002011534333,-0.6711397810938927,1.1274543671225496,3.417489309126223,-4.137245734230882,0.3385830908863617,5.781206076070983,1.8782018066593618,-0.8889943645228702,-2.973466769598415,1.6832635032550267,-1.0711141639680188,0.8558933054052137,-0.1626442897771436,0
-0.5688181161319354,1.2522006555545784,-1.1259776634723684,-2.0580400308601314,-1.2715590702992374,3.8868281904530373,0.9597296602772671,-1.811501434660678,-0.43395549707247744,-0.6527566240181998,-0.8060855075303609,0.692857874596972,3.226430461464146,0.5037658475336477,-0.21746878796236402,-2.0005363244753083,-0.17125900605639044,-4.685063634754584,-0.060576940251455685,0.7848093094573921,1
-0.2868865038759967,0.33719442250856185,-0.002852270673149132,-1.2481367136334667,-0.3685729093066381,2.096975232766179,-0.8352383651250496,-4.527180013598583,1.9229934548284913,-1.4853345168576253,-2.930276008736244,0.933180772362211,2.0660317943102804,-1.1329687243719992,-0.41139788144769995,1.0506247609933874,0.4007456450500364,-2.272688049293267,-0.6236103906056415,1.543877161056002,1
-2.3821888463692305,-0.7713261415573625,0.9075070629706259,1.006937129637771,0.3427840438239591,-0.27428273257608565,-1.8155792897895147,2.5556826459938256,-0.7753675845865745,1.4539347311107285,2.470326740529713,1.4162033220839674,-1.7587875863282116,0.8161615382723227,-3.1620988504840613,-3.2515316638839593,1.7263713017897873,-1.017298637343817,-0.7619772317066479,-1.1284187576530538,2
-2.800586504064638,-3.1202495468984583,-1.179557021683391,-2.458651572466014,0.8518649257217694,0.094428279220364,0.6288061507847076,2.208543787281974,-0.1483321063012,1.4984193123064655,-3.0948162393267085,-0.19878598122853228,1.2611404383675915,-2.53555795905565,-0.7887668004345143,-0.45397564132654655,1.7166872693634927,4.440243514372649,0.996186671095305,0.49018927413981556,0
3.053512119371598,-0.28519447469178416,0.47377236185884813,0.9206607371613209,2.094718583848544,-0.3668813815911273,-0.24786705924526514,-0.9469818078368359,-0.42632586644180925,-1.3256060988826635,1.879462016635315,1.7579066898546003,2.329738058731636,-2.869774125973427,1.9002447859070146,-5.649200018066197,-3.1262216575090784,-10.448282583195166,0.5320323254226663,-1.536789513986315,1
-1.8622837486588315,-0.8927279710372812,-0.3599331714808636,-0.5745629168507105,-0.12116589280300478,4.804345309304373,0.6875477146212243,-1.1339650035551698,1.0486407091206436,-0.8066662773278033,3.61332099324549,-0.22487537795256549,1.0571119695445623,-0.8406760408449014,-2.132150535323579,2.872539270934173,-1.4082738068639853,-2.9140792799459776,0.4363281949032192,-0.3930518958787473,2
0.29048134981619445,-0.5236746880555153,-0.9187853088777681,0.3302093820159908,-1.3416189757453971,-2.333140571767276,0.3255604071093235,1.9862248919795198,-1.1366876164461543,-0.6357295606380913,-4.2527916920478095,2.3561289626774022,0.3929842937899657,-1.5946047303450661,-0.5158988843382053,3.293301342685073,-1.8466792817112099,7.049859764573992,-2.0503721163607103,0.013321019523264815,0
-0.5755238451071861,0.32663196225679314,-0.4652991634843355,-1.6662903424346889,-1.570125281645645,3.7364616519836513,0.4237396768413433,-2.2424332647949416,0.31562233082838287,1.049534292250982,-0.8790960301718966,0.9175108270821316,1.8376168132414437,0.1217229895781422,1.3056348966738183,1.6527905579608442,-4.501565561756844,1.4632084261107652,-0.3487016354401247,-0.10398329868709742,2
-4.121964888500846,-2.7061569997716033,0.9205737054833188,0.4185794075876068,1.3432289012964824,5.399287130406116,-0.7421464237843225,-0.16972304274874328,-0.01965001220148896,-2.0665418043171457,0.5737304799170115,-0.5649990232431683,3.9328818414110835,0.17079890271769205,-1.0648946925755536,2.65391038544842,-1.7162809659231026,-3.093433344679538,-0.5148659103564028,-0.5274444556279309,1
-2.1835886585043522,-0.875091755375022,1.331635429967839,-1.9018082700128693,-0.6419969944533351,6.337846465141138,0.6502315094495458,-0.42998711741931495,-0.9812459486006698,-1.5860093134189621,-0.42086714472748143,-0.22956017300372036,0.8904187415456928,1.5132216195517563,1.5602686478437868,-2.886501632830674,-5.2633583462411915,-1.7493505909088627,0.8758373287657037,1.4244504949072732,0
-1.2544695006456867,0.46278738652830775,0.5474377714155506,-1.6686387101919617,-1.3328079788234986,2.6331235592846114,1.7691911692366638,-0.8949213358425001,-2.016181129600552,0.8973754558363559,-0.173293559621018,0.7613485633734344,0.744495782662444,-0.012166168316584791,-0.6889598082472461,-2.4618043384194026,-0.8271305045730502,-1.53017285698705,1.2556519185204347,1.389443133517794,0
0.9270859676770921,-0.04620147110896543,-1.5786201484291058,0.8554980791093885,0.963870518999406,-2.2829928377574387,0.46002269879431695,0.6192429271324207,0.25142160740464653,-0.9170465014591764,-0.5783240745909184,-0.20424931207931116,-2.1216845166895233,-0.5875854254446669,-2.9097962781005466,3.145805803521485,1.3222170480495141,3.785046742843632,-0.4239476620747896,-1.4401211290794125,2
-0.34144081611291677,1.3344168995455894,1.495024519636157,-1.7473914108688176,-0.12231037606927596,2.47901417975648,0.701441383817183,0.12596179822088938,-0.930408983940217,0.8615188220882846,2.6019031080289654,0.26389251849658063,-2.075720627980036,1.2973061545249827,-1.2371850645126605,-1.836457462776755,0.15447200522865723,-0.42685943445487456,0.14320770777299666,0.1425038986720126,2
-3.3916961132073626,0.38858528903260314,1.7053290328976094,-1.4245012898451865,0.8449059226217087,2.407161696016704,-1.5630189012964497,3.4394056163486963,-1.2578405560053199,3.4419351839381145,1.8189799575253174,0.4645569014871503,2.6899560197149244,-1.4030892360037481,-1.9759517729643072,0.8320498150136668,-0.9114971429989264,2.088970145964992,1.7462922006600914,0.8792965256794323,0
0.47674340724417763,0.14602111704443896,-0.5845914456550211,-1.4195806965364173,-0.8440900609951246,5.765682402641372,0.3929540631734413,-3.5472653050537355,0.559778494786625,-0.30111988861175787,1.2264133928164844,0.11789407276334242,2.887606601849514,3.0939953281527215,-0.908577686551755,-2.237147243923994,-2.622121281817518,-6.914681375038659,-1.617554530930328,1.7310983601060217,2
-1.7600805707250908,-1.2253504365823,-0.6356316158615979,-2.279201674644713,-1.640093755709837,3.5808725370581977,-1.193954222045233,-1.9206765279537545,-1.2076663529019347,2.0871304879817503,-1.4877121143077279,-2.172729523202664,1.872403791288746,0.8118622151652304,1.398205853286106,-0.5073310530197603,-2.3775344633022524,1.280559764674007,0.3802395957968297,0.3692995140377083,0
-0.1748867618278409,-0.0805403246249705,-1.1842208938938112,-1.037063234415405,-0.498691424809695,0.9080354117784685,-0.10351635506286486,-0.1873977746674037,-1.2774179481323849,0.9363872142461568,-3.339107710991166,-0.5248354791007701,0.9389685000999689,3.508307360577587,2.7931855789837687,-1.3114361683920006,-1.5320093517274378,3.1453192730470505,0.29740069139109965,0.32701072997561287,0
-0.3947274276123045,0.14138067630132475,0.6117685069485765,-0.20531003819296012,1.7150881953325237,1.442898906047669,2.178416208037873,-1.1118334091967736,-0.3906286427666739,1.5135046578803562,-1.0483576833292352,-0.39743790888032404,0.9062094125395772,1.0289935721783081,-0.6685107870854956,0.7995854776536122,-3.090987302852358,1.9969502126705247,0.8667179952095518,-0.10786102892635638,2
-1.3175417678695482,-0.47345625965469706,-1.2101819050972824,-1.4064494653461095,0.6973933261952787,4.058353453594908,-0.9347231808085009,0.2060714524580468,0.7096048881627881,-1.1577538129250304,0.22157218923488897,-1.0110388627342,1.2753683132592117,0.5214240848309871,-2.1666603336954524,1.0141208485121938,-1.4501094523400995,-0.40247211694468044,-1.0806594295742495,-2.544075518734061,2
-1.2028479563748244,0.43379340501900926,1.5062332353968872,1.922120567841724,0.3399049296657207,-1.4875331331383883,-1.1218488443481371,0.05215843056913538,0.6969971029231489,-0.9785432092915685,-2.2292300156452436,1.1561357486456394,-2.6209465205067324,0.8274821313046248,-2.6622935458779198,2.7158417292831745,-0.5150321855794693,5.515300336844142,-1.5077964445891907,0.7654307292350953,2
2.719001730080936,0.6041965491497002,0.40293687242053067,1.6756036735964375,-1.2041147328955137,-1.4019130814547651,0.20083973869410499,-1.5992308411648657,-0.35541430412854735,-2.254818001871925,1.0330590613376722,-1.2852227868542092,-0.5868272624298712,-1.2233420528175634,-1.7046001166663007,-0.2339214532494608,-0.42106390263886717,-4.532520149199832,0.06194403497818751,0.5082865353556245,1
-0.5458491132676371,1.375551913363207,-1.9929363156801763,-0.45878734698156054,-0.707959370631998,2.4681886168659974,0.1847588127884412,-0.64520075907825,-0.3667360785170223,-0.27404323435885125,-0.6290325804299013,-0.3177037310668073,-0.2263643001502258,1.6598073782523328,1.9591958669174878,-1.3613252107592249,-3.7118432876213276,0.49943776341062573,-0.5650342604664934,1.6183784768913128,0
1.713031026712251,0.2673544374262525,0.716309850566015,0.47909406675601174,0.32870639862509166,-2.661431533307479,1.269266272924928,2.0802093375246207,1.0054503350780786,1.107117462809616,0.3706618226867828,-0.12245281353774572,0.4566498892148394,0.3104750285335397,-2.5578993044346467,1.5817479891143496,2.1143002506200665,1.6478750632272703,-0.3103239158053969,0.9520165453293079,2
3.452433241528194,-0.3351075453280277,0.9754703167375094,2.5809407042032833,-0.9992938076263314,-2.9333785739506353,-0.6166726850782285,-0.2665569959222469,0.0231430125659436,-1.6769178921215668,2.113769534384783,0.13535998609221697,1.4163064731632047,-2.9628501872520454,1.693401238805416,-3.3596847197448363,-1.474646290112724,-8.83247658634741,0.3106390995647888,-0.9612704991504749,1
-2.433223057442576,-0.5941201885449019,1.3705086531082344,-0.7337037662322223,-0.7482709979740649,1.6411615478383714,-0.4174489690553193,0.2482255353768652,0.9909961797249501,0.9995921874547331,0.8634068632233658,-1.7074329104488837,-0.16666714239702207,-1.8302933530278724,-1.128028300004129,4.00371754527614,-0.5520084866041826,3.877977639281471,-0.37600315706297405,0.6189276135952376,2
-1.0388217212986772,-0.7433592616256149,-1.0033440637460869,-2.0335465782262068,-0.11003342425971001,2.9794843999834715,0.14926551039329786,0.7906904997701429,1.5952280459034476,-0.13413448848129716,-0.38682460651829675,1.356046346631442,1.0737616467418625,0.04559094411441178,-2.240287427875943,0.23482618910730302,-0.5844533825452767,0.820811697618045,0.5155156340150927,-1.6352658859898688,2
1.2127941005979253,-1.805568253985203,-0.41027351238081644,-1.0142044535759167,1.0154528481746792,0.3648007401432086,0.01936732748731335,-0.20043876691084117,0.5827305583275634,0.09870278843023383,-0.10439441589237353,-0.4310701409423293,3.013991182417737,-1.4887050107833464,0.609938654948849,-0.8344880650352657,0.11594593251832408,-3.4752466475350894,1.0009645902889825,0.6435176776499427,1
0.18827100141752262,1.1152504932817804,-0.8153172366678603,0.2783866681961982,0.8129231008899449,1.16721600277181,-0.5862022186072832,0.6251635533219781,0.2774979724338658,-3.6378098120029425,-0.7151571573709405,0.10732488313411907,0.9036398048817282,-1.3952141588798623,0.04548236397089411,1.255148949688766,-1.412802941113424,-1.4641587901931594,-0.29399520860356854,-0.28196448842920624,1
0.0422518421592637,-0.08659437663819446,0.3626279925145258,-1.6852471208555249,1.293426818020839,1.2246214914570785,-0.19763800625307526,-4.316549133190138,-0.2532459471742025,1.3408814886379874,-2.3551519128255944,0.4507156200324405,2.8209397756506096,-1.1837677051845423,1.725184314418238,2.0593536810069337,0.0019052409191493425,-0.13090639377839677,-0.6279767328966177,-1.2689930591075735,1
0.8886908874304407,0.30015374152697616,1.4983949574188502,0.351251614800538,0.8604009567555533,-3.9364351517107616,-0.434743063192325,-0.7058149790985786,-1.7159390725522328,-0.8402331026471186,-3.4386163252445234,0.29601205313814366,-2.0455582859733927,-1.5937795653886182,-1.4079755936836287,-2.6659329171291266,3.017964793654974,0.7032027554654783,0.6747335553087742,0.8093600720105012,0
-1.3125320137487475,0.027924442679475893,1.309813335192124,0.03648879663472826,-1.171414392093989,-0.5884901020326861,-0.24141983551822463,0.6149720670048295,0.9430159085677375,1.734349530124323,-1.7332825513622263,0.6401707108826453,0.8179625477868592,0.3159073453543936,-0.08174628275018869,-4.433584716482027,-0.2394514452767703,-0.792706798567263,-0.7539698852904088,-0.020426742247011312,0
-0.5739479761725772,0.6242691543408252,0.5318540204738004,1.0854504317238054,-0.0387147689465107,-1.2801731089185964,2.688014290491059,-1.4048187367196197,0.6392699474777953,-1.0628215827051037,-2.5081642464317193,0.8548070356513602,-2.1113483497617214,-0.046407833328777626,-3.1817557031042045,2.768820513790203,0.5574968725290959,4.143607816200737,1.14488162369814,0.32572503424362986,2
3.65380050146639,0.8914400467341643,0.48050023313565854,-1.6532862224967935,0.460344804825644,0.8002016799295242,-0.13558814302883332,2.622333140467963,1.0131898045103889,-0.39307183973954984,3.016861973067953,0.40086101146682657,0.9992226436752312,1.8295512115942458,-0.636831184273329,1.967304067684819,0.8426071875135063,-0.5908315520133328,0.44406597792336067,-0.7082363191646834,2
-0.10893389765144823,0.2618353205715371,-0.6123937847213143,-2.6348855266508693,0.12319366136479747,2.6385323404246086,1.0526493886477606,0.09579336135830074,-0.4726843884369919,0.3317565686777213,-0.7151582697104232,0.9803386702177634,-1.2042145988264745,0.6983785113732627,2.8943034808079537,3.690171070864921,-2.9790858849801802,7.074613459176018,0.038485528340927076,-0.4427715566861966,2
-0.11143644960367871,0.3533167072516935,-2.443083621848954,-0.3391782831713055,-1.016888549129112,-0.363070035370146,0.1988956723491754,-0.7660213880763251,0.460328390011182,1.710885083585036,-1.4993417693913438,0.960183669374349,3.1872018477063997,0.11109217646965919,0.5374362783400486,0.9188685314040033,0.95093882925866,-0.17994891800806365,-1.3367758782752475,-0.15433037587971055,0
2.8204448445706705,-0.07408266206618958,-1.1206755675459958,-5.577270845839438,0.2347483784081829,4.309698502126919,-1.278636704557792,2.200118753973283,0.10608271025834201,0.19707539883793768,2.441432966961485,-1.7171401030675408,1.9268626044279937,1.2394970457204404,-1.0434684191551828,-3.692698479404334,1.47224458740042,-3.9604052007306123,1.4237073100207738,-0.8800899873211465,2
2.352434656911967,1.0083544936940132,0.1899139709201114,3.8701126887921533,-0.0657289443524329,-4.990903595194709,-0.729391334370174,2.3135857950652357,0.7197829516672924,0.6382617951170724,0.7447788641618113,-0.9526532293994713,2.386778860893473,-2.6631489793971195,-0.42437396568604635,-2.3199333704666834,-2.142507316263636,-4.564988093753624,-1.1216466229495925,-0.005386506614087911,1
-3.420690115109971,1.3755907606524072,1.7334534666048018,-2.1509979470397287,-0.621662005047517,2.7306404039188683,-0.21760223577931304,-3.078121688640182,1.377274386508468,0.82642641892347,-0.8492596528216962,-1.5543780791236008,0.8991770344826286,-0.025634049747686127,2.848339311746387,-0.013677578681018043,3.4001868057816838,-0.7328286400572851,0.08460774371294438,-1.955255159091572,0
0.005719592177920951,-1.5330126672577307,-1.474293055508531,-2.756454118114913,-1.0357026778131113,6.814851276514934,-1.0393716059309797,-2.9907636199367333,-0.8682807317999605,-1.741479085292759,-1.3782086156851707,0.39409310502821954,3.0676635184362,2.4733815136611406,0.20424374226620956,-0.3679471989565669,-3.9195975779781653,-2.9938347718669234,-1.26363406950157,-1.0922781640311832,0
-2.04191426055894,-0.4518919692228427,-0.06545397842217143,-1.0754224714960907,1.1628776937471557,0.6954653678940331,1.5335008409803093,-3.3423273045270308,-0.39502186443836856,2.3080763361314998,-0.6974349844203446,0.43777146130347266,0.06766269478868037,0.05642566359280954,2.168436869693478,2.116836375870441,2.1890743805200104,2.16044265736486,1.5330688258513046,0.424359439923299,0
4.992501049488345,-0.7197588447268848,1.9766103338806056,0.4101701012258363,0.5264618134118679,-10.576524686530245,-0.8986224302507531,1.0388109766353149,0.5333647089351805,5.057548456879995,-3.5332078359201016,0.07084639605228406,-2.983351892521717,1.2807005628227488,-0.0902600987780624,0.20715814679780342,6.552348020237787,8.628341127399528,-0.1680809844048159,0.7456735234735848,2
-3.8864135808523743,-1.0691176606988213,-1.7929505772841936,-0.7605842118957353,0.4676162799442456,3.4856500754386235,1.1937736582635834,0.31560949742472133,-1.2546344849838706,2.2615344094230885,1.5485664653713695,-0.48653903455631425,0.08433318556029357,-1.8221787618025012,-0.6723651776590928,3.5494404933238544,-3.8167228875018346,4.55887049189781,-0.4380185617930879,0.36101400468125744,0
-0.5062834912242637,-0.13685192852986058,-0.4001376378530022,-1.3638185825677,-0.24193362930049625,3.346639386243201,0.889563675057157,-1.2880322566034434,0.10691421276993877,1.4955096189529276,1.288875821743367,-1.7642225586347025,1.7262541127957511,1.5197258674266907,-2.139985985860558,-1.3096269201599915,-0.6654046891806353,-2.8979752493311577,-0.22556247838096438,1.3875896801940337,2
0.9986161056714336,0.18280171273074106,0.19073072660711488,-0.20501167491433725,0.20814176328264009,1.175505345371678,-0.5283967720203763,1.6184054560814451,-0.36568698487245527,-0.6695319762000376,-0.726017035839202,-1.7549301931162484,1.8083392262566313,2.1486117917713328,0.7822728408497794,-1.1619599120100752,-2.2999053626686297,-0.6306325465555367,1.1211383450103514,0.3843677165168059,0
-2.863477003184715,-1.0108055705118018,-0.7134700492892669,-0.9263382447749124,1.6554330809031192,4.617181768224234,0.6180514628381729,0.12595316338361173,0.11976998154074835,-0.24451778697434767,-0.407908981499818,-0.47007371980795604,2.5242612275835734,0.8638945538069712,-0.11836902353286072,-1.2363142865490189,-2.8804040526874295,-1.6575120102803493,0.20048900501679653,-0.8434854962770777,1
2.2509504001041964,0.5160550147755645,-1.09246704047634,4.130651299596037,1.2004943444400167,-6.407799865755619,0.32568452521082647,3.8559343375126556,0.588163309412022,-1.0408705977687018,-1.2626141857981783,0.14933383976980114,-1.545334245447799,-0.4191570796680121,2.2715202245074098,-1.3370213632294181,-2.0625865965076633,2.058174754369348,0.8695084820001195,0.20934633589542911,1
-1.175279216373542,-1.5335006108119764,1.2505572465103996,-2.3093008314394514,0.29402495961091474,2.8857477624391104,0.7611710130736653,2.3129550422913283,0.6718763164925986,-0.5082483435678773,0.5719892290342798,0.23897841806376185,2.1548344055475006,-0.9802047659738786,0.09331262791952744,0.5169040323118861,0.06814351983376743,-0.1056498348291035,-0.5935903593905646,0.3344707050584852,1
1.7213260987669776,0.33704869084474515,2.008669008239167,1.5344564611109919,1.175224455567833,-1.0236009501793497,-1.0391461303604195,-0.882258731209173,0.6817831818346294,0.04394863260470161,1.316841963677484,-1.4952660600014247,3.2843026536214897,-2.870370111782507,-1.5469222059492638,-1.3671195359011123,-1.269039603496649,-7.079383829462138,0.16222461337815983,0.8018192902010522,1
0.13939943408404942,0.007576659778061981,-1.5878747688613812,2.2724577553378893,0.8402168599640815,-3.8436158077661666,-0.08203063630915813,5.554541615737633,0.7433635615069143,-2.075419804029707,-1.1376726431592687,-1.40300106702754,0.6499135462002876,-1.3517378811016276,-0.8069497790848539,3.7038295298505055,1.0379572142100697,4.222038988471411,1.7405212298373929,0.19932619610515928,1
4.465841104798505,-0.8788145790381195,0.008114698472211069,-4.815864104931855,0.07819513169342533,-0.35263469924969343,0.48205072830031004,1.515822694266241,0.6695805734803052,1.5072795765190083,-0.3304481640216448,1.6380555983709402,-0.568579126862895,3.212056224596586,-2.7545029884543357,-3.2125970996057474,5.433451981247136,0.6539107848502952,-0.07877182941689992,-0.7619866461208319,2
-1.2907741151000194,-0.4222567217214018,0.011557922771419234,-3.226843534875955,-1.2634846050611068,3.743864043773896,1.3056463681161927,2.6106091451506366,-1.471979277029429,0.753610917676265,-0.9101073878388317,-0.02152099458265692,2.8065363528912313,0.1588181656551999,-3.763263063014087,0.26798564481839104,-0.509958674299585,1.9051219134237325,-0.49035659652468316,-1.3120488770737155,0
-0.052142902038035954,0.10044449685978103,1.244147403639742,-0.6903677893250657,0.028666540368652703,1.6023116286715486,-0.6595915038863804,-3.450440968558964,0.17727015250844574,1.4485905145515496,-0.6685012572800046,1.1128842530120984,2.7237858175683156,0.7060902223461845,2.020288334552297,2.528399452363341,-0.40708472951822783,-0.5817130201927294,0.6116357854983389,0.06773039361612657,1
-0.06419941913486393,-2.0154014068621935,-2.2187552546413603,-0.17862390342938206,-0.15372666069731275,2.121810118455837,-0.716225009423016,0.32186878772901717,0.925017468122467,1.849015974833084,3.9402401960496327,-1.1883818721560526,-1.1657887061027958,1.569238715729929,-2.7243448801448444,-2.6899325620113306,-1.47917562441331,-2.743194729965483,1.3469542192380486,0.9411618657467511,2
-2.4359886289630555,0.3739578630598228,-0.31244014178677765,-3.9927076073494123,1.9116989388605339,9.350926059712076,-0.07825521553347335,0.618140904737394,-1.0180445374050637,-4.58145077176485,-0.7992780625576759,-0.9232417043709195,1.8022973710145282,2.0953782200889317,-0.8058455375845208,-1.3539088636790648,-3.195287033729206,-2.269104654910446,-1.2230144614347815,-0.07196565296958614,1
-3.0263960799359957,-0.789553685516321,-0.25642516912858027,-0.8766945839078993,0.8857263538818548,0.9925431955463376,0.33281593432606343,-0.9006300613816434,0.199696196625398,1.0183583463720707,-2.8866050263398737,0.27830205156317733,1.7835007165488777,0.4200258915135181,1.9618462070478224,-3.2093736403991873,1.356922476582314,-0.7791860147560775,0.737639200059881,1.2100213114457437,0
1.151850827967245,-1.4183029081738565,0.18593029505716607,-2.1157601653915075,-0.9412931361365815,4.568695380600383,1.3100562153731727,-0.1630627780454661,-1.6675689759482688,0.066683373458442,1.992426832745994,-0.7409566670561635,1.4919511677609927,4.653064034863895,2.730435959909972,-0.12061709658371234,-1.7780027999826744,-1.5786706341422214,-0.08352567618569602,0.18074021532834086,1
2.981955149184806,0.5755087277566842,2.138282316458755,5.422660879167524,-1.6512538430900197,-7.13257340663652,0.9444771321985024,2.812460917040873,0.4121092051372377,-1.0896324800063488,0.008067781452790301,-0.15044774625148527,-0.22063400622242346,-2.320380220261839,2.110128728555394,-2.3690178092013268,-2.8105766141487694,-2.649175029542588,-1.6632344792394895,0.1564220204206677,1
0.5444208431900002,0.6587608578241063,1.579819244832888,-0.6027741670096038,1.6716284579131035,4.781551250562618,-0.36081014917830184,-3.2687944966543636,1.3886097868929361,0.8442212680906204,2.957307645411098,0.7624929335478066,3.0285978648271223,2.4475735236172795,-3.5880835213868822,-2.17801538811241,-1.3086493713164007,-8.485126562158257,-0.4197113365134019,1.5056888493420801,2
-2.286714693519567,-0.9997430516452073,0.5791629425114344,-3.9751290490520623,-0.016875005724353236,8.196960086828735,0.5145324663418078,-1.8741731183566,-1.332818630339381,1.7087984473809783,-0.5710401148922812,0.3200775621770699,3.9843139635917946,1.0608288403698314,-2.91149786840762,0.8919274941715423,-4.799069181250942,0.20889886818707112,2.0358886435007544,-0.5356480725277246,0
0.9218552073666342,0.18261578366539605,-1.7517559167898828,-0.7009953700818203,1.128832746943447,2.491213566278773,-1.267057102065067,-1.4880870512276714,-0.20608537303860355,-0.0013565355787434896,3.5644366081596504,0.2099792807577828,-2.1866703417589695,0.16474837477015236,1.6990284693249276,2.327303586850949,-3.05630415549379,0.6162034236030659,-1.1244034957402724,0.05083852660983912,0
0.9925367150842594,0.024863632753244016,-2.1147648964521877,-1.4944208239991712,-0.25333374148674426,5.799315827171199,1.734148024184437,-4.147549661739518,-0.6071529663023779,0.7738486079037264,3.7839108257626615,-0.6170497881602497,2.457567227612159,1.7890852484819946,-1.3610352690097027,-3.281402667584617,-2.644683582348883,-9.56938461964493,1.1867719039853397,1.0088153550438954,2
0.1476751232341027,-0.14393338401606803,1.0461131058475746,-2.1827295217977873,1.88811087881252,4.728306339908176,1.9330652257107903,-2.7699081880483387,-0.8245185534670733,0.11755227309448513,-1.4507510518884628,1.1347210354858641,1.5932857854784626,2.8314621027165803,0.8022396099883686,0.8490166473589855,-3.5938688862366637,0.7643277756407363,-1.4381769033956318,2.008141936137437,2
5.068650114191426,-0.7125546539848696,0.38254082049506766,-0.6313731995770338,1.0077630756515632,-3.7132692489372037,0.04179908472949723,2.6497835362805597,0.07336098816887582,-2.1440540942956816,-0.4866668970726352,-0.2177675245439617,-1.6025396530520992,0.5412617701057275,-3.9621632962101643,-2.5183156580802475,3.9421729124268468,-1.3962738351216581,-1.1532776534114078,-0.6249099624230801,2
0.09510792699893278,-1.2491706196468906,0.051051506743348025,-0.41608758925286804,0.6965663434575416,-0.8034245775129711,0.2616184345462014,-0.5634825664463439,0.375374624448005,2.0103301897887444,-3.3079629728396736,0.9278687654752137,2.30478161057054,2.0388545692361797,0.6186312883426122,-0.6516871997396498,0.4063881822754163,1.8179963880550876,-0.3496302762267224,-0.41581620987865425,0
3.3219279859363136,2.1146001779083368,0.7173234939267886,-1.8550960274164794,-1.821856901770366,-1.388041855355882,-0.40453174025159216,2.2237729004043936,0.9700677886825241,0.3801299000898911,2.668313320365121,-0.4121039499732385,-2.575322089919374,1.3322563665582712,-2.0366503721638343,2.0449672087812765,3.8159848116016426,2.8364536782523944,0.9961226602523151,-0.558075932285895,2
-1.7002099157976411,0.6084796813064874,-0.07328787900357472,-0.5598060042903318,0.07239664781829855,-2.440388535147994,-1.463626458032287,-0.998411275353149,-0.3800719668924537,4.00594444475516,-3.4750439512608318,1.7806249559172147,0.6222705653905788,1.6216549822009099,3.1600727006264364,0.7365996033397619,3.0244314081609884,5.770457669232354,-0.059226168670772995,2.518714099294463,0
-2.7807050317345565,-0.8643615024257507,0.7027366716094254,-2.880791959381641,0.2165605471382922,3.7211026804709197,-0.17846899441444944,-0.6269533945459858,0.18152549674664747,2.938042646006913,-0.24442139301314725,-0.6833033288473127,2.51614350371501,-0.9768343007156342,-1.1015468915965443,-1.742022653746723,-0.6302477324870075,-0.43204551653446027,0.9216763194775675,-1.053130882905641,0
-0.1248854882651449,0.2785740264381559,0.810893025754504,-0.7230335054052703,0.9379953450911961,4.367858869979731,1.333961392289332,2.0966816388198555,0.26658333542841856,-0.6110622172101448,3.2255459655437653,0.26872299878292705,3.1192068522982215,3.689367926029066,3.006618926731705,1.8653311513391442,-1.7018113994434292,-2.163068280591604,-0.2320626885980007,1.0379708957043694,1
2.2841917248478474,2.0443238023747976,1.0838206418312581,0.8735198756381808,-0.0278968936700094,-1.7449733121966788,-1.1762292523374869,0.8649126788217978,-0.615735666971556,-0.15661421883780324,2.3261351554720706,2.7998241463378313,1.5209439911586564,-0.6359071641894614,4.139245829674465,-3.439046737148189,0.29122601153128125,-6.384853682857062,-0.974532704094733,-1.1464540161028787,1
0.7719363802682147,0.394373845392447,0.08091522552712062,0.34701225321775553,-0.16820529063211465,-1.6780643767739474,-1.3302923563147366,0.313521967826786,-0.1842694730461071,0.41184763069728547,-1.224144790142468,0.16711659922497588,0.4101181517719459,-1.36185642115306,-0.6628586153342078,1.0356876181560057,-0.590376052920693,1.741877571205763,-2.2830103724248696,1.2698139338097467,0
-1.0654961402551606,0.2531854351405917,1.4713149777599452,-0.5618230633853121,-0.06616155380558271,-2.5840239531468296,-0.1755712091840432,2.074453704219799,0.10299559976168061,5.46095165136159,-6.042935032073754,0.7445296083014029,2.8990451397862227,3.3948180732599718,0.4825705436321325,-3.0778732395134676,-0.5242634877815322,6.71916603000843,-0.6839215253494749,-0.19966367418641573,0
-0.7542238149850632,-0.5963999059798073,-0.5986481381993365,-0.910554250087461,-0.22282161418672475,1.410628008632107,0.5546640973688259,0.45324233505597555,-1.330640153846021,1.7771045565483208,-3.382736036677187,-1.0181627854590918,2.761758377171038,1.3810803012151542,-2.0082935008919613,-5.542323322675206,-2.882267742958199,-1.2532145761601343,0.030013842616624525,1.6161017404900149,0
0.4728981351294035,-1.3363713032768696,0.5536555308075164,-0.08611132717417291,1.1037289539515915,0.7768561909261047,-0.24286282457205172,-0.13656399140502984,0.2512094484418934,-0.20312984052251282,1.3759710947463037,-0.8093724413438168,3.2841663278996607,-2.934516871977162,-1.709538497876184,0.5198545576290816,-0.3048129679844058,-4.7397491389776905,-1.5086637698222398,1.9456675025532757,1
0.8241789331639542,0.8590014329706827,-0.27761869913651793,1.7300335983572483,0.03527219264530364,-1.7505729058026716,-0.3053886192040924,0.3917361231244647,1.0104418828265367,0.35861647121694207,0.19462767917618384,-0.1501756513949002,-3.139189425036527,1.542327002671061,0.8636135343804167,-0.5618447268584637,-2.5926804656613918,2.9544025955445763,0.04984925184290562,-0.7271974485930746,0
-0.437218905929898,0.19010406145054135,0.05726211434034541,-1.1363524030784533,0.5132522896942462,-0.40898040498707683,-0.392055160251482,-1.259689083589822,-0.06010294181646917,-0.4578607905504113,-3.3918391284928426,0.07477684662155416,-0.10499387445464348,-0.9438578340901325,0.881732928311985,-0.11573283922564359,0.7470452705988468,2.2657635088525114,-0.5551012746191685,-2.0102742675983114,1
-0.04628904591451144,-0.524318113969408,-0.7639474022443523,0.5490706459293029,-0.730011522864486,-1.3537052688038425,-0.9334385138729933,-0.360710006630798,0.40477585777353403,1.1498937615239322,-3.57708013916902,-1.1199391370046168,0.9079772582308645,3.1328040134597996,1.0206065528579358,-0.7754012154487914,0.21340951563475996,2.6771738755936,-0.558420168487533,1.6426665178563478,0
-0.09531254498315578,0.5891552112188644,-1.3218271117477924,0.9947681100136141,-0.1499634011101363,0.7625227057846697,-1.4044482508332634,1.3863536536419652,0.909990347594524,-1.7211794455046412,1.3113036985666469,0.10280638445942597,1.4908086714272062,-1.3657477060642391,1.6931679322026374,-1.156037968904119,-2.306498038847954,-3.8357744297386343,0.5574560004726746,-0.38930562075357045,1
3.359521567096342,2.1974837210545815,0.06725995952489733,-1.8759705754559293,-0.4317485253908717,-4.262455278688495,0.15807289709124248,0.8143102947522629,-0.7615531754262111,2.635307870093539,-2.328290604207048,0.7674759178141847,-2.369107403410636,2.6597172784504908,-1.6640661103404653,-1.8924736871180188,4.93836824507794,4.806933426192774,1.2019666345182933,0.504050337735262,2
-0.8395887400515833,0.6067846469543371,0.5475362192819941,-6.723501082690956,0.13162068898893264,10.626729858371725,-1.108121964109171,0.9257869926208583,-1.8842162685219725,-1.289361481321571,2.7060651956668345,0.28442374045197166,2.8125774931260956,2.473705034164353,-3.041503085264712,-5.334556031821175,-0.9382490892371835,-6.849837590856302,0.0860224250408956,-0.009197164050925629,2
-0.37933417148360904,0.7093673945834129,0.15968796121003587,-1.3750150803219534,1.4842990909183178,0.5074828497621039,-1.8312586378117337,1.332377511040573,-0.6951026620765272,0.9175363069345346,-1.4798119885816654,-0.5771548375561611,1.7736708033180237,-1.070210116759813,-2.477179406134189,0.7903094971301635,-0.17091122308563234,2.1472520595825704,0.39576180425807006,0.30452974933012356,0
0.16082393382340698,0.6989758183447671,0.33040111100578506,-0.7403744564724132,-0.03741064817386257,2.681010883718851,-0.22304411329846785,-0.810141485019068,0.22021318514480237,3.3241352694744015,1.5270563733786178,-0.7955126936948659,4.17274973683472,0.25405089560589844,0.857886785913055,2.635239274389684,-4.159702869417191,-0.14546659148469854,0.1561053524822054,-1.0141980701800475,0
-0.42007976853777673,-0.3298838851601831,-1.6550168940722543,-3.500162467246847,-0.08674444724533177,5.450292413410145,0.6744654244910979,1.9639839552741427,-0.8930786006049823,-0.5088247971974101,0.9070139825065018,-0.7443711598045819,0.1804241946616858,1.4794128082158713,1.9855565898479552,-1.1152351014251796,-4.192405439045865,1.6735478880888752,0.28398781971254555,0.525545680190085,1
-3.9096097809534416,0.948865245446841,-0.2531215762858126,-1.704165870278237,-0.979022129575797,-0.8569628062566178,-1.1640049100033534,1.40697270802261,-0.12115804919071038,6.521596146520882,-0.9965467920564937,1.232647504381844,5.351883574162033,-3.1782561174434756,1.9039114303717874,-2.9936787385155896,2.5121206047098,-0.4842573583605788,-0.3792459077712594,0.7613423567935124,0
-0.5942056428176858,-0.3071921093803557,-0.01916049758164179,-2.882536689192878,-0.5242816096582952,7.678255657353749,-0.4777894040635778,-0.29183230631218837,0.3021502374318582,-1.616226875080053,1.6314587980169386,-0.4774915968411002,4.715700188490597,0.9515609769067304,-1.043880364574973,0.3649313401194092,-3.3322127224334435,-5.187058771895682,-0.04797993391856003,0.8165690239710347,0
-1.16682105192336,-0.09989757926648388,1.233242982485753,-0.12451044875846118,1.198300439267942,-1.575392137683189,-0.22134816838867843,-2.2692959802152872,0.5519693633849005,1.1925364636161215,-2.159775857612488,-0.5621175920759395,3.3251416002535295,-3.301052670570641,1.786435514408431,3.711899207200374,2.802014434595312,0.4803103230107145,1.08504181797306,-0.551876051185797,1
-1.7162353196415383,-0.5181357692550287,0.5086900801902082,-2.340824931100267,0.9257446007025706,4.671474503553303,0.8983055138568968,0.5189175097520464,-0.2909867411001344,-0.6743334668094503,-0.48616420881135847,1.1875055205126552,1.2033908646524323,-0.46289957181535013,0.3788680486316225,-0.7008338774013403,-3.7228686684082666,0.4871537905184255,0.29944600405475946,1.4236655802423905,1
-0.8365736501355989,1.3904794772046483,-0.1288008287892548,1.0693529511267892,2.487200767392342,-5.615160323895988,0.46515399482691894,1.3649651969711238,-1.3001822433097072,0.6965779207357702,-2.4494920370026465,0.7394018150232046,-1.5564664820328158,-4.148147369415547,-1.1951584387410608,-1.8308306563161452,4.026661969727002,1.9246130740054774,-0.48735293921005945,-0.22000744910587589,0
-1.6027792666166705,2.054322205562732,0.36519790841142424,-3.574953236136437,0.5545285700218084,4.277180603601073,2.1524861327973177,0.17918138704130104,-0.4739381960231787,2.018658912552231,0.8578952882054218,-0.2616635842307758,1.4960483390485546,0.6124130272109337,-0.9614744980739743,1.2411566104533638,0.25424855623967835,1.908783942808068,0.8523631348003574,-3.1956240884900367,2
-1.5417663423358805,-1.8062232153398967,0.8528059005567749,-0.2605995224197266,0.7413940915019883,-1.0307421649544768,-1.3102038415387305,-0.3924746896709045,-0.34319404826442146,2.7813495189594653,-3.9919400170866175,0.0647687896196319,1.8494129299832998,1.750923635242625,1.4714261248966884,-2.832506591615822,0.4056853646751599,2.0192287997760086,-1.3186672280286587,-0.28884783873196923,0
-2.2260151190293938,-1.0603097838015614,1.8289196752065244,-0.5323711996706504,-0.7134334011115273,1.4005132707759025,1.215429813686056,-0.08866372790816313,0.3964597130409407,2.3054290733049987,-0.5282828126064476,-0.98870611557405,2.6536237961474938,-0.24339844943152467,-0.9818437715973792,0.2212257641483275,-0.20950034153150932,0.2066053663380008,-0.7333306934278847,0.5701473246469615,2
3.350101715387807,0.5778322886399249,0.1896473970119882,-1.1228873080901236,-2.0354794285511777,-4.3772210180393065,0.8474157131500993,4.998884741822578,-0.4381515056207866,1.0257625343360224,-3.5978100575593372,-0.6724081857942658,-1.928649614875165,2.0806922158374985,1.5019461348235428,-0.825046646625401,-0.44963347108730867,9.067419026544181,1.083441303347885,-1.9636701238610712,2
0.5535054839547144,0.9416533909405052,-0.6971683148162352,1.168511109019616,-1.349643734862504,-0.6200987957648935,0.4655921753951986,1.8938157578387598,-1.125049059547313,-0.5242612854519639,0.8000260774431227,-0.2652597831197709,0.12217936625944859,1.4296599761402913,4.683360300477455,-3.365754563256849,-2.033492905738049,-2.212830060378455,2.1477848272405127,-0.1799086308015253,1
0.7058844033798268,1.1282334261578777,1.0537353176489332,-4.515364795294539,0.8274648012495125,5.167166111537264,-0.5741608037981262,-1.709054581715721,-1.4389428634499404,0.7038173856061873,0.23127151841430726,0.758839056359829,-1.7031698412970315,3.8628743172736586,0.17607105708237958,-3.405527100799814,-0.9500269996818462,0.4222978143768354,-0.7109032877644443,1.352802149680511,2
0.05866659859307499,-1.2102617908469389,-1.7225377425938015,-0.2247470890292247,-0.21816918245082972,1.8675013435502743,-0.6169324702941189,0.37543711668792823,-0.025719072180556725,0.6340100442987254,1.1808981438360813,-1.3244665638906121,-0.9250455281732382,0.6960215242159713,-0.7399797077428913,-1.6410031720492781,-3.9662024940316063,0.1508345813065006,1.4282342144746913,1.2725406325855013,0
0.8114898579079002,-1.70835896623914,-0.37759658026846044,-0.9615549336675073,1.265799084366345,1.5110398519259434,0.22931891678802221,-0.4231915416760883,-1.3457491040495697,-0.48995306077629075,1.522646962276414,1.4217464845954924,0.17941913603122805,0.11747578185827434,2.1239142502505626,-2.6410122956321573,-0.7144362201521919,-3.7534554930668764,-1.438074351490207,-1.0234837863686934,1
0.8761138722869866,0.4187145588757942,1.3084741692001631,0.1916884220713604,-1.262845249768365,0.6776185893472019,-0.8724380986016776,1.1386159523189794,-1.309422299601324,-0.13418104443214052,-1.5145198006283644,-0.881541272073833,-1.2565811049438533,4.1833989816819575,1.7218995850796786,-0.4591698469796217,-3.7042472085998424,4.187982499895519,-1.386879470527027,-0.17837491960827281,0
0.2892740324193509,1.0771624764408045,1.7317583831803514,0.6156123412762673,-1.6877048624258153,0.0879351409166714,-0.03288569920279419,-0.28050181986060063,-0.4560742727116305,-1.0104908877719228,0.683213897063087,-0.5632976675458828,-0.16359755966099465,-0.9429487000892381,-0.8762950246555077,1.5185606321599474,-0.5838819309096637,-0.5334912706089993,0.17798937960330405,0.4236457885331881,1
-0.4006995474663687,0.9240967134422856,-0.6745280779152143,2.3437574500655476,0.5463388555557811,2.41213793376242,0.21283260712534693,-2.954800106426278,-0.5696328035424871,0.9300025265145275,1.645491824343115,0.12620050557729662,5.163627672427571,1.2131081421590788,-2.4067575992504517,-0.565705037507132,-2.457871162859083,-8.56764940832339,1.2968796713609954,0.6391569570392404,2
-2.6527586034588033,0.7935841176691436,1.6991150188707476,-0.7796666681084127,0.6290379839581703,3.548318058001092,-0.6284090639621739,-0.044982736237753285,1.681588375924964,-1.8871375039217786,-1.7271128978334123,-0.42652244809009326,-1.3388815677326655,2.995259476807192,-0.7266284882510783,-0.7519915666271977,-0.8294096023118608,2.045322278611842,-0.13938039625977947,-1.4204972858182259,1
-0.5895444852105878,0.39119015882625124,-1.3077999067530763,-2.1995023479241937,1.416126282081506,2.2724921500233233,0.26699609685770814,-2.46018279903379,-0.2842882277692054,0.8693416788583658,0.8802737145931583,2.3147323045409203,2.5470843274554866,-0.8478373480067818,1.8903383412805885,2.1395823134309913,2.55529979317435,-2.126230952215448,0.4185693262294482,0.07213805385166665,0
2.4382224202294935,-0.5708890002192526,1.5920027369828416,-3.2064131374600184,-0.8139486218500639,2.529225972772501,-0.03836330690595214,-1.8453847151930227,1.252055091558079,0.9368402888816438,0.10199403936061491,0.41655376162904734,2.021788669855143,1.2687465745233966,3.9892782865607868,1.6704572999548817,-1.102522052827024,0.37874474618979176,0.9600376056717446,0.3376567976939641,1
0.8838417163965715,0.6174070918679953,-0.05080011843311441,2.51129150659328,-0.5435821435468099,0.8655487354233532,-0.3497708355813571,-2.254569186851997,2.052488928796899,-2.189625981984438,3.050602670171873,0.9276649113725367,-0.46510552174901076,-0.8485456642052435,0.25206606478652605,-1.01189159779967,-2.8902462635536734,-6.866795215530739,1.2228247056561032,-0.5321293773977546,1
1.8690443201146292,-0.415227229260821,0.05120391057396452,0.1505641552273237,-1.2283487652379041,-0.27209600256780264,0.05953993623099409,0.46983247805629125,0.29869666232126635,-2.8239044954231924,0.9110339696070432,2.2823423382265653,-1.1098426084170443,-0.691081640695153,0.987051613645096,-0.8401721124496431,-0.17655020603822102,-2.5107506409351927,1.7063797807824088,-0.9973773707490861,1
-0.6947754601251539,-0.9929224800300693,0.0905839234814968,-3.5591619938285834,0.7526385344792369,5.581680442340632,-0.9702994960940159,-2.177595174748782,0.7399207602465501,-0.6406614011809886,-0.2564211116669277,1.080144166520095,5.88070103405223,0.010429036575266726,-0.3395196064752539,0.42245063392287374,1.6920504372436418,-5.91398003261258,0.46251923959207825,-0.6099539105905558,0
-1.4187800404168693,0.6632184207404347,-1.6459388977685612,0.3519847860255534,-0.025702232509186518,-0.7311803974398374,-0.4883670868558086,-1.4275703606909285,0.35892050887264293,0.552759406844961,-2.4590026761329495,1.7368727731524258,-0.4084928161560919,-0.23106583107165513,0.5170277349955364,-0.114568856692437,0.11033871213397894,2.0895241803431497,0.5522618258130304,-1.6957194907004491,0
1.4867203535114972,-0.28763746103701304,1.4254332795296318,0.191701421330146,-0.8134420560054573,-1.2582090199319347,1.1072942573856106,0.8625362211205987,-0.9311880324535422,-2.3011457300557923,-2.5136035572365176,-1.4660596703982696,-2.988598400252649,0.9734599478049027,-0.7826248244648661,0.47975976598418635,-1.3243900837277716,4.537692935027567,-0.1256653852725217,1.097662811596601,2
1.0947031199607542,0.21221912837602613,-0.8186210871641832,-2.8346006796764645,-0.2123489140343474,0.17883690906068916,-0.47627302276737804,0.4614203095015037,0.8058934603321255,1.4995207381596378,-1.3995823725904488,-1.2225973479885914,-0.24427308523019597,-0.02042748680705664,3.322419198211907,-0.5947053658840973,-0.6299216418145975,3.7998333532080735,0.3588285326452703,-1.0966375086388196,1
-2.6866089310739247,2.1692707351256835,-0.06636632177105291,-0.28753609584501705,-0.077453007266273,0.42079354243150835,-0.8556922001737279,-1.2823845577717217,-0.8725433767755096,0.27635125647121495,-3.354846198689899,-1.6133394017494636,-0.11216959525463222,2.071065316591757,3.9293670531348455,-1.9212696082392502,1.0480789418993064,1.8745787535212834,-0.1656813289113687,1.5528293201988428,0
0.9000650826987657,-1.257645437799047,-0.467797463976134,3.0175029037428645,1.1327021732161113,-1.7384610340903148,1.1093801670164412,-0.23574286740836747,-0.0694340684793298,0.5799653893774903,1.5445937550625986,-0.5371594624806632,-0.8597000626614064,1.6322589215386363,-1.2390438306383147,0.16796461844065957,-1.514666338446999,-1.0469086170088666,0.18256299069534276,0.8547880014130469,1
-0.013608115914024999,-1.51763740478641,-1.7551658799899803,-0.8338956137569482,-0.2824777107832254,-1.923923899812324,0.7601208090554414,4.709401124180328,-2.244860266589254,-0.09624249395506679,-2.7467427178237043,-1.2929813522351876,1.2880850746273862,0.21006662142594812,-1.7035846705848634,-0.20640943602087436,2.1485605405815336,3.966356923798333,-1.2988288180988146,0.22875558021718137,0
-0.7832475126510644,-0.0029312185062886987,-0.6916896590824176,-0.8340801815153465,-0.6000195816539611,1.627531523094248,0.628208011796339,-0.7116217977571477,0.25840171553463326,-0.7342128487268251,-0.3151274031584381,-0.9663882593312797,-1.8695592475664284,0.19851105596274432,0.668774492321585,0.7138861406233391,-1.396993105886326,2.4523522657303856,0.4771243697879102,0.7275201938589706,0
-0.2917555524282843,1.048364885635423,1.6795018425491917,-3.958382694988309,-0.30049656562514065,6.7298844925768675,-1.1667737929036508,-2.5658022952177766,-0.29050516053877085,-0.46256438588739845,1.2725667491215928,-0.7344554908048295,-1.6357642725283403,1.4573889261681838,0.3319917334280582,-2.0749320741675747,-3.724990998065761,-0.7527169500485797,0.3550476714550934,-0.4899669524725367,2
-2.069309794349167,0.02453558675076115,-1.6232176949497985,-2.3265421390320835,-2.1550069168997035,4.805610739949854,-0.20984211000905195,-0.5037510262952685,0.01590761982389131,-1.146193455494398,-1.103138485649572,-0.18092202765987037,-2.0950740510281167,2.2831003878960403,-0.9681405680612599,-4.061642524783359,-2.4010121749207918,0.511676159012125,-0.2687459905037352,0.7588292682758264,2
1.0301300319322326,-0.43761802428654,-0.6198526283571891,-0.4489612360629657,0.6319871331739438,-0.9746506310296765,0.503237403877222,-1.5461212707446212,0.45022163322274883,0.9658905265609392,-0.9941697909183638,-0.28358716021938346,1.5037699891639513,0.2093063425702053,3.367285506204731,2.5750087428602644,1.0113079311371536,1.3370963959358027,0.939303383562338,-0.03478006986894213,1
2.094166107708631,0.8159059889844836,0.82979081410692,-2.6533209025243916,-0.9717275602551337,4.5858138275759766,-0.8058609552534246,0.7554158423989584,0.7841950999855668,-1.997805611115608,-0.5176951577355942,1.119866629935746,1.8099483198755513,2.8260429107373715,-2.1826924344678513,1.8948913042391369,-2.914424383827079,0.8452821454315786,0.6518337321690524,-0.5074351128366975,0
-0.4670413985704097,-0.6488213635517954,0.7189700393221041,-2.6284325832799644,1.480194519239204,3.815068034682401,-0.5263072356749081,-2.9064989471789024,-1.3972142459245906,2.218125513275538,3.5970709916819934,-0.6738995484092392,3.3662006120239782,-1.4926267745249375,0.36798307987851864,1.3727051026158295,1.6972261611099695,-5.230443915359351,-1.2104825899419085,0.2216396548893205,2
1.3048393821655064,0.2369046296753219,-0.9704165795625277,1.8507142604756348,1.2004904567737311,-2.224188930925849,0.29331618482047384,1.8377643235081418,-0.4605755664742546,0.5056060093051458,1.1871808956367969,-1.8420311772390687,2.0142585834165265,-0.1858034139066096,1.6812037849490231,-1.743662912950544,-0.5080915396379972,-3.5097211842855143,-0.10223466418557733,0.20742058496143312,1
-0.22872358525333125,-0.6900392859926178,0.14983072858266513,-0.2757971074454224,1.4654301543277208,-0.3611196443603887,0.7897710286367065,0.10439555661796573,0.04939734691538389,1.463801897286761,-0.9719109563064989,0.4514884824749464,1.5577299618165483,1.3017467553706035,2.595344978027196,1.175901911314336,0.45738566331587194,1.9153159198678944,-0.11083953719272857,1.2266598343105293,0
1.3006091599899356,-1.0473358943365787,-0.9552154704962744,-1.7077666531185742,0.3051731831289448,0.1281552702430231,-0.19060853575922052,-0.9014322627460487,0.5371272087373036,-3.1863889018046008,-4.919948323752541,0.0987039684153378,-1.9979613546435773,-0.88588066183488,-4.497239204026548,0.22317132814982876,-0.2804002693690272,3.7806920486666518,0.6282594678874105,0.7676694887643675,0
1.9079286755566307,0.8349173474267537,1.1446649842487395,1.529973803445646,-0.1013503103838119,-1.0365621699246,-1.225821768681723,1.0843371880213095,0.43488634036358464,-2.0283413166552404,2.300742305523419,-0.8482871944946482,-1.9280769142049676,-1.5280484379113937,0.8090645637022631,-2.8722412116201497,-2.727334172062259,-3.7633878659043463,-1.348447749031108,-1.2558167842423265,1
-1.7316330650168426,-0.291870521179968,1.2507886953628862,0.4299121499986496,-0.6228263745532341,3.0223575580369206,0.01781292268083246,3.9934057085971872,0.4851389993319725,-0.3230664606006064,4.02033996756616,0.24617043036257155,1.0636550610152349,4.705879057897176,3.081886013490884,3.195701944414379,0.16278023688695176,1.132566105007448,0.753075565832127,0.39157170388508683,1
-0.23321377265209398,-0.8954583137194013,0.3695131163164241,-0.8558039461743825,0.31259223015353105,0.2786635111029817,-1.8265557591292327,3.8312724954422133,-0.755416300249058,-0.9423110400089877,0.1398360893538978,-1.1195583744715538,3.1223000907712914,-2.7445576765737107,1.4650808932233574,-0.4760063210508767,-0.5675835523854988,-1.4100072087645157,0.3532230675468552,-1.396730673228127,1
-2.6855167421881574,-0.31609928405105125,-0.8967843857224138,-1.7907639638507615,-0.38338190226126884,5.903958604251729,-0.09022459790015883,-0.8306970143288457,1.608888093413138,-1.4109207254789142,-0.949957135943977,-2.129810183859867,2.018269180223383,1.4591013268303987,0.3540314600637109,-2.8210799120426957,-2.9219684333724505,-3.0039895569271584,-0.2515792770268969,-1.7335702284214536,0
-3.9205954020677924,0.2028933792661254,0.33295020049012247,-1.8792519727021837,-0.5753908793371463,-0.257984269753978,-1.0472740400910394,-2.409317110623216,-0.3419458118312522,6.771810598463739,-0.1899123408689506,-0.18234036328361974,3.1803035139931803,-4.70309070516604,0.7514766784803868,-4.2925948989052545,2.1794476692239804,-2.700689417678636,-0.27900802150803067,-0.6803345111790656,0
3.6791811596901267,-0.5166771070339689,-0.5620938101481859,-2.4093257154409193,1.6594194988582092,-3.9739853908906926,0.011286223160318652,1.7746683181428433,0.0317487576237926,2.7646082287350793,-2.127402394464356,-0.7727086601309809,-2.0005824382231716,2.4672766116691944,-0.374996044070254,-0.23520950406283836,3.979813030888523,6.774470186688144,-1.631735399777714,1.0790113624135365,2
-0.9561613932215524,-0.9159978695561506,0.4188669269168215,-1.3641148120669364,-0.36962123238004674,1.7723922404633459,-1.0745147516033553,1.8049028225590873,-1.3689814857098772,1.0898756173798367,0.5029413185953171,1.0261759668603714,1.3440933075980381,0.36234745391986667,2.5690589770663186,0.4267593676982747,-1.5060669928485118,1.8200477162980284,-0.052075163942980264,1.9306420024624773,1
-4.284253919204938,0.3875279582421452,0.7373477600580713,-0.21035646756811655,-0.5717468894180819,4.86551735091906,-0.7442460611397718,1.082536082998991,-1.21329195605392,-2.839970309534067,-0.9435655304065309,-0.28737163969779744,1.2488059366521822,1.8229534069868407,-1.353373567231102,-0.1887659659649843,-0.71698430178972,-0.8830579476656082,1.3324943599506938,0.1285589213693865,1
-1.4383198065608116,0.521465363701863,-1.078651992451084,-0.9555659933229474,0.8332556325987531,-1.1308434787863668,2.3138872734260305,-3.858001127768216,-0.31249134783963395,1.1566066532434522,-5.520013221564904,0.525719805887057,-2.4497000464096526,-0.920297264083531,-0.7021789159965373,-2.381225117669976,-0.027155858731874094,4.24417238216233,0.004881240618592314,-0.26431229167624964,1
-1.2466788733768193,-0.06820297252355163,-0.07142964623750515,-1.5909737976533935,0.9874897169687276,1.6600935752001171,1.095639338082413,-1.4871936934229844,-0.012836158405151399,2.460303859348482,-0.1409811113821643,0.4193460736613444,1.4852430858408656,-0.6367206301468105,0.18737786572589654,-0.4451037626680425,-0.25030312296053736,-0.063443424307615,0.04522619064655778,-0.6189896144478633,0
0.9372756316879409,1.2291836259407989,0.06988799586940828,-1.2486364250867286,1.1747976933816309,1.383444984638703,-0.9709848652156902,3.1668936350774284,-0.6882235578279712,-1.565297570259911,-0.5211345325310279,0.22735992012082787,-0.0991921466310074,1.1671284680709442,-1.1862872408984397,-0.8326530609367451,-1.7577714709770897,1.651422519383058,1.204467208253648,-0.7659040109460482,2
-0.9633761644911001,-1.5534421847494064,1.5435389313807983,1.7606652550507356,-1.1853826287004856,0.3829050767104943,0.5666249492410705,1.0664621465847541,-1.2707687888295405,-1.259710968400578,0.13810113439708116,-0.7166839079360776,1.0902686271307698,-1.1188164330334112,-1.9409068137779393,2.773478139308495,-2.3061253289753623,0.4864554334573543,-0.12103216230287615,0.17515444066647393,1
-1.91274195849565,0.8164903425759307,-0.2756707504917144,-3.118671705219068,-0.2826252795480116,4.043618235322737,0.1565737489967365,4.535984812249963,0.877631471260267,0.31883828408508064,-0.32463117947099196,-0.49406428586035417,2.1547600644748868,0.32766330013333933,-4.7131430043128955,1.1811633029423163,-0.7910674493208829,3.732394016056304,0.8214824391716363,-0.2073438265359958,0
0.9165956701982542,0.026911724141361133,-0.10186535164261648,1.4599780877979263,-0.9748304823479658,-0.9993068771695033,0.16838302778308764,0.7179981117098275,0.23648694614658164,0.4572389512812154,0.6044034544272361,1.7572742170721443,0.07866443317493377,3.885472342886031,-4.148807653018809,4.036043781331232,2.4226689058902915,2.386901598808416,0.16221150474248305,0.008873458852412548,2
-1.319523904502803,0.4147005139839453,1.1823501319889367,0.3916360920440467,-0.36684031774047227,0.8024109106162867,0.6445848930713157,-2.9972904849439157,0.07429896277471433,-2.3281178766064023,-3.871003145547531,-1.4606703825179908,-3.999138008265189,1.9406487704640654,0.8698685654926732,3.182269238693413,-1.8006082424715972,7.02008162834563,-1.0090361636684972,0.9256766356107624,1
1.0280589432831428,-0.3732738579953543,-0.6897875447291053,-2.264109133609187,-1.3682492449810157,2.87218642967083,-1.6625245021360924,-0.31793341070147274,-1.496988988864299,0.5983169724175845,-2.235768456185152,0.4376556289082504,5.045115628975515,2.0513795881995507,-0.4179606558948006,-2.1448635119357435,-1.033429238387117,-3.0737308598923248,-1.8717151197240403,0.4877154261986817,0
-2.359930503168371,-0.3684207928619764,1.74032396241713,0.02043027659752683,0.47402952815930655,0.4370732021431332,0.6680008739414233,0.7555962623852568,-0.45983156206462994,1.2267534437801557,-4.085115139273164,1.2266461317191177,0.6649442893880511,1.4826162203975835,0.5797968391769657,-0.8867227786430897,-2.6851567988387153,4.986270712901654,-1.2975681295405261,-1.6122337991099362,2
3.3181022999527667,1.7481804580692595,-0.5028928587633323,-1.8528466546761848,0.16948104742061337,0.9182540978517622,0.9037327842984106,-1.2924191159410725,1.3965915625222476,-0.9028190424896088,0.8248744268330761,0.6375801377818118,-1.4803810254089156,3.5779799233074225,-3.2660066680114017,0.9530633833961795,3.1917388024946,-0.33299642547509356,0.9579268653362378,-2.2569653844766964,2
0.8646325198329827,-0.15772244506990077,-0.9972512344570928,-3.1920046644942692,0.4667492341202872,3.8509237171383033,0.42883829780528115,0.28611787080942186,-0.2828072651121267,-2.0822470915235685,-0.7767636138612769,-0.9821138759143679,-0.5569352187795444,2.7132473880705215,-1.1374357765135152,-1.51006859810962,0.13854726843332243,0.04058273208282233,0.8059371244868503,1.9849209941538246,0
1.034861200352485,0.4345363395234831,0.3303788177616823,1.7408283391090036,-0.7041057461622038,-2.0225543723925226,1.6724060321201581,-3.613794791733393,0.6715419334514876,-0.7445605631765373,-1.3268647826908242,0.7319427134575307,1.2990318360016908,0.9079032117829954,3.442787103239782,6.427271714390622,2.344212992423358,1.2706083028302058,1.2184322813768975,-0.3895943705336476,1
1.9993844676700552,-1.4053404471049296,0.8739744760317137,-2.0822041778250244,-1.5339193555362345,3.1320712718177646,-0.18077509273742426,-2.7980730616489224,-1.3592247772616144,-0.13543731611995935,-1.1377225883803375,0.3878877170798863,2.1734837088675847,1.4806397973752996,-0.9111648346086949,-0.536711991113968,-2.1446315514276053,-2.319442779153148,0.6349129212136558,0.15206265915339834,0
-1.2497193754212024,-0.03964982602951878,0.9281628335101157,0.19865321449143702,-0.9925609153928416,-1.0298058126642637,-0.3232719397152676,-0.5180473916869908,0.7395248008042937,0.9760559203735268,-1.7644041214827373,0.1774864154778142,-1.7153035565636272,-1.1903534583232056,0.5926718670587416,5.075000059652927,-1.2803309197305723,7.992947491709168,-0.7228012370979725,0.0741518959311109,2
-0.22579991867369142,0.6499430178123937,0.7448110491967598,-2.516811712478495,-1.1169803085905285,1.0813922374061002,1.0250632960511181,-0.2966424465280346,0.37428951013084594,0.7384424770438935,-0.8565496966658493,-0.17515645435956012,-0.19340352233100655,-1.1132461621299465,-1.886974021530969,-2.0745701558044556,1.247376993684031,0.09394400836701457,-0.5532421842024213,-0.9735258086474549,2
-1.4059366488743599,-0.05578622690702294,-0.737015875785262,-3.024438323214054,1.4387631124233622,4.301944821062865,-0.47482378421047405,-1.118975452948334,0.7531941940567736,-0.2437251758804715,-1.9084117437378039,-0.4403966431119995,-0.5359044507374016,1.1816687169640194,0.29140491515035527,-0.7150407711737674,-2.3300460207107188,2.820267811328617,1.4601059062478023,0.9834764405625623,2
-0.42947393453848126,0.9283449745581417,0.05234312465149099,1.7157908988503618,0.8940966759537066,-0.20296507298895872,0.7814746188612576,1.6150776217303662,0.8331604940258077,-0.9992824943102817,0.9818315380652748,-1.1944585565751942,0.7629179105860875,-0.8752258746774768,-0.3165829247233103,1.0140175251837031,-1.8299207196328644,-0.8354685133642709,0.022401588039713274,-1.0412947614311003,1
1.7324809494464812,1.532906465411626,-0.7830327985989051,1.6941217699970763,0.32560568144342206,-0.5757525420570732,0.07142498043680509,0.2901657904444317,-0.21326194401298093,-3.8117702224537053,0.8779645558457269,-0.395123928280688,0.21958700339804493,-1.6305879700734391,0.4133262811215954,-0.057113671264792165,-1.200344057649398,-4.495113687487472,0.8111069044531379,-0.7006611020632972,1
-1.3260660513565559,0.5464872790777332,-0.0034211511349828503,3.8353341831996692,-2.0161918230225315,-0.612138205574218,-0.858524093424465,0.17558079568520757,0.4336526641592427,1.116676154974824,2.636354976122858,-1.317601438487428,1.4211720771524436,0.22022417728042087,-3.364467799834203,-0.7325901288722478,-1.489239127420702,-4.668027185106814,-1.5371212226942688,1.4698533885675769,2
-0.6971605219466336,0.2864986092893359,-0.5631622215089241,-1.6097194389028195,2.3599002133108433,4.630795054055234,0.38205067755333055,-1.689792257199684,0.8223340695724903,0.626313851316586,2.6684192629454495,-0.19785795186096838,0.8387101229407288,0.6770413429023556,-1.2486636282083392,-2.0056324646396946,-1.8975416276605628,-4.447458691032302,-0.7003148997607653,0.9485140803534553,2
1.9274759896205107,-0.2963302826486849,-1.1221524151085256,4.39721155908037,0.8292150433882666,-5.119197531336632,0.6607238244589877,1.9779321253512707,0.23406131089431337,-1.7562869755286323,-0.2522372116921814,-1.197597137779373,0.5654483637191254,-0.9416488514616225,0.9742719363017812,0.8387914126955618,-0.5014385094028652,-1.5001676709985867,0.09061360172477564,1.6179611429548872,1
-0.855768898770059,0.027822885627764096,1.2456183122182143,-2.009020349330069,0.46639774924761235,4.089277226504775,0.20776587899190344,-4.041201883973027,0.48561258014951975,4.454550443320684,2.928787029435854,-0.869368250231262,3.647535339765339,-1.0834120116997352,1.4257319435769418,-1.2923432363754968,-2.4186114772807503,-5.290638079471017,-0.3620005389905039,-1.6892409229827003,0
-0.2837935412891315,0.2060869845050001,-0.06108352877975474,-0.32831024883535687,0.18494676932607876,1.558839523564538,1.3232269477749123,1.1203325607408945,0.7352414442896228,-0.2098105946337253,1.078350481820519,-2.0742808203295895,3.5425732952512528,-2.511848316028251,0.2519416733759322,-1.054164106252899,-1.9464974047422152,-4.38049688817144,0.6000653263523612,0.5945169111701049,1
0.10080274208193996,0.5820273536172682,0.691184158377242,-3.9501793479934078,-1.491739307541365,4.531345311388943,-1.0348910186891174,1.0204637074763345,0.9936896763006376,2.3333140271277366,2.6518032210934304,-1.0548634298235902,1.5825114255337538,2.266664987910541,0.41255463851906127,1.2142296273992446,0.03007299389872853,1.2115046966662444,-0.3572022912606917,-0.07949794586859955,2
2.7233853592226107,0.18167787215559464,-0.19238926433841047,1.309460763825261,0.471854888201497,-0.0665751875108046,0.7057838852040312,-2.9456407379852263,-0.007240398594146747,-0.7682412908824696,2.9961178214760102,-0.13110690962450014,-0.6534445186649318,1.072538706984377,0.4561457922047125,-2.8700483112190964,-0.22872524495798463,-7.638408480156192,0.9311262776878393,-0.44352441480040034,1
-3.0301028469130515,-0.3847000088575499,-0.2489711584511615,1.9617045536591058,-0.9812987632552502,-0.4605539931852738,0.7698241312706066,-1.473261728868833,-0.47093319782633974,1.1914390540917266,-1.730980668923296,-2.4654939933130136,0.8297690273968485,-0.2879629029109123,-0.37750264161127434,-0.36960922359668347,-0.6223541046256684,0.1449175201807666,-1.0101667196162418,-0.5423190856848674,1
-1.5368087216760236,0.20998819408049657,0.36374464416026897,-3.6487154869046874,0.5097791306937841,6.21864498387108,-1.0735110468966247,-1.8260832591510723,1.1800193126959724,1.8261891748784032,0.270085558456131,-0.1936273596236468,3.247949643120722,-0.05156469214365855,-1.5461225137467725,-0.14054365208850594,-2.8353319212458263,-1.2627809826478507,1.3238246127209083,-0.3095033827597953,0
0.5989780617836238,0.534507548206712,2.15207335586206,-4.855242536979411,1.7859438482695904,6.750486382083264,0.1946480039058068,-1.9053196856453694,0.376202317860116,-3.2961306976313147,0.9876132390862541,2.0187249129722367,1.5228343863182823,-0.26094824335875055,0.8342345955427273,-2.2055367302348454,0.2912387834389225,-6.093810202469818,0.4569561821721156,-0.9315981435288059,1
-0.6615252047364646,-0.8526449096356515,0.5066156599231009,0.4012438714110873,0.2440076296495193,1.7088894404867816,1.525591152789017,-0.8792999508854031,1.518026291570467,1.8436356217225862,0.4495714692573375,-1.4822918233240703,3.4055655209092195,2.4212386945452105,-1.4055126391849528,-2.67045814322218,-0.21275174781636796,-4.86824691746918,1.208658108376434,-0.23219199489833087,2
0.8157669175027098,-0.8018335869197718,-0.6921470503760725,-0.274090888555635,1.290180638778603,2.952423269214895,0.10436878186941813,-2.0750716505087667,-0.5340360293188317,-5.186881834720929,1.031320816492604,1.505321519972564,-2.41271881639224,-0.5609417135982677,-3.3660734462555864,3.391707553486679,-0.2979197497783319,-1.405629277545729,0.09442737971475966,-0.6208842391872638,1
-2.9828963054741813,1.9947339527082228,-1.6072712038057224,-0.2886791426371077,-1.1791732187363086,0.66540914629556,0.2830216194483871,2.5659569376961624,0.3078675874772428,0.9030576844214788,-0.410610139263067,-0.4477896183634996,-2.329300189632626,0.6372417514623544,-0.7225745966768465,-2.1829375587247193,-0.8143649047633642,3.961237475346077,-0.6741189790132863,1.5912231997682411,2
-0.6577391667721657,-0.011758058393880949,-0.03933995592736076,-0.9870519458891659,1.7930609918104823,1.6211550712465341,0.5574705280918698,0.6969168921642825,-0.9507909185327753,0.45083775683295,-0.9153271294832371,-1.476197440705909,-0.722867144341407,3.34064574934501,-3.1547601303787314,2.0213717317056332,0.6536845673287859,4.4755312719983085,0.17829094112565858,-1.9452516969612503,2
2.3380877105574354,-1.4469767155111604,-0.7882151673019151,-1.0302911438756244,-1.057936662008909,1.0746484067874418,-0.21559775133984035,-0.8358302853558766,0.93567437925074,0.39863674379832115,-0.2805148783469684,0.5054195590744918,1.9658046775031748,2.1264634952329873,-0.6148074494561706,1.4364295476686229,-0.5617751138225913,-0.3153765330231122,-0.9146648231644132,0.08592660933240631,0
-3.7430788836337654,-0.30085274896254033,-0.23717063112593234,-4.194723887571156,-1.4927901206286105,4.557444362929999,0.08494807836662877,0.47684313177158755,-1.381993551174754,0.5418221947950159,-3.5276088377659565,-0.9721556533948422,1.0123457519783385,-1.8804936673393564,-3.98563489966237,-0.11635620566513705,-0.8602851116461947,4.674162517753764,0.11389991890318406,1.2231129450683034,0
-1.4160766885861487,0.5641996880589301,0.16492924878638401,-0.4338344136767519,0.6104853015107121,2.125127086115678,-0.3825774540460087,0.10523106244170588,-1.7068795676073696,-2.608315944420048,-2.063989135130366,-0.7378983351183096,-1.710719622559437,0.9326109324830129,0.4464571139220562,0.5491556263985824,-2.097565367202048,3.1203268272582125,0.3112916502664342,0.3212499236908218,1
3.429053579082605,-0.14939421360242464,0.036066060382323344,3.6012409455871657,-0.7178763595791292,-5.230681739651355,0.9737669359390929,0.12767390758087704,0.8629397112422239,-2.519623716633997,-0.027917030328466597,-0.12485241842666885,1.3955573389472342,-4.246343376799596,3.9937726109252303,-2.208909875622557,-1.5964265980121448,-6.60308420390869,-1.5189845835554145,-0.47357931981800644,1
-2.0717829795825278,-1.97181516773194,-1.7990008402114075,2.362989696109944,0.2504425935159528,2.164050583823704,-0.4621951832629567,-2.798526580083358,-1.7213539671940445,-1.708478884200472,-0.8323275968736202,-0.848554259014613,1.7259820960345107,2.7749221909591295,-0.6055063495808335,0.9312707152024715,-0.6429575601033788,-3.420835198026328,1.1767833821743214,-1.2990356362655615,1
-2.185476693219905,0.8797386742198852,-1.8766951084609356,-0.05479728295884345,0.5158553280253295,-1.9526651503601613,0.47867436758652293,-1.631924293215166,0.6190988310119043,4.737682683255185,0.4526594234825041,0.3518594294465751,1.7201164603527919,-4.245261831372092,0.818731945083111,-1.6665285507852432,1.5600418359717327,-1.5099144428149274,-0.8990231137247617,1.1977419366271709,0
-0.8648491592042328,1.5084231286249086,-0.5011735332008286,-2.8343651506852447,2.7223109325816255,3.8838046911084625,2.1495550892280053,-1.0449966245889593,-0.7370016848027501,0.37627709172194035,-0.15740728160313822,1.5866683812059905,-0.101796512455957,1.267387931744187,0.5734565406300602,-1.3502540528042384,-1.0025159037226175,0.37418986614376487,-0.7288229905018216,-0.8350562251726814,2
0.12473586777724788,0.11143233272431184,1.6986881537835914,-2.06154538869307,-0.4145461142877869,1.570941925552793,-0.4630462600250518,2.7206335303641485,1.2362351239265392,-1.3229534280737432,-0.07752174104375231,0.4040896142169139,-0.4477075233642789,-0.05622935291932274,-1.1992749523796848,1.6933165234283156,0.1553453434825809,3.3342153915306993,-0.1801911896639009,-0.8083195385975238,0
-0.24581343275273249,1.1764015364136864,1.4432835324486173,-4.359720283172281,0.21265508171988973,6.71584096964636,0.7303645292521455,-0.8598349106899666,-0.27903673405722407,-0.6185835277726988,-0.6946723146778284,-1.4318006060395643,2.219367948081984,0.5152988902400072,-0.47636454212221846,-4.710803217103718,-3.9315248696009935,-3.7138960444944136,-0.8831310532587847,-0.07164041289092338,1
0.08552997794254646,0.987075402909285,-0.17197420588542284,-0.7602259568211645,-0.9396853161813035,2.960748167313189,-0.27388411317441996,-0.17031134629407707,1.7211691287592639,-3.19395617241742,2.4685443720623037,-0.030578924765371687,-1.8521880327881695,0.29108654393343447,-1.3075707815375557,2.111649713757467,0.2892233577101304,-1.1338505537792447,-1.5983131847898309,0.4139958687215099,1
-2.25126663588215,-0.08857025731884294,0.0008206283430316763,-1.7658048455010453,0.560270477118585,1.4072218513369459,0.7052834899766558,0.3670090937705426,0.7319262453856865,1.947548864682866,-2.386225257705753,-0.33687345270658386,0.9417157965943471,0.5521547940300695,-1.3497481324519023,0.7100980961179144,0.2602765273280181,4.457101122919011,-0.13859424920308436,1.1211554231851428,2
-1.0447388406492908,-0.5365572838111947,0.5737354822298656,-1.417733518323324,-0.18177923278010719,2.1921575168912186,0.5295254443280599,4.272794908779847,0.8562414122965504,-0.7673005462037388,-0.5401912276615102,0.7125794466100616,0.5163917682250161,1.97736664187474,-4.176168992053298,1.5797374388880239,0.06906348127326278,4.152241809089326,0.20136082868448554,-0.4214622973621976,2
-2.486932216986495,-0.8712458118145106,1.457223075065956,-2.3376829173539253,0.5206047181610041,3.9698564450085776,-0.6851858784105075,-2.7201714662070957,-0.028257753298239353,-0.22805590420180533,0.6632294009869588,-1.3197408180339942,0.9937357616579318,-0.11301597379741013,0.7381591070170952,-0.28320475758531993,2.640220021418006,-3.057072868563758,-0.020839552771237623,0.2910519010263632,0
2.9682667755842287,-2.170160938560155,-0.650172272086158,-0.6429024295326454,-1.3262027893636903,-0.5061496784786383,1.9659458520065505,1.9802854154171716,-0.348597716534829,-1.3153994648883,1.1582073938839992,0.20461822559046108,-2.1359089420042983,1.1169359903792633,0.8220971855219152,1.0587986935402924,-1.1537770338468687,2.467725125186186,-0.9554018651065527,-1.0303076505733457,2
-1.6662889436338837,-0.7954994046001439,1.550636238255454,0.7705677523267609,-1.396729446763195,2.466734102904194,-0.8666786213532843,-1.1204422414406572,-0.7594573199836635,1.2273257532809765,5.027898239964186,-0.16405323275606953,2.182756634556558,-2.1309237982448743,-2.3736892470459723,-0.595093753767989,-0.006330344813101796,-7.616403698802922,0.32830717562133405,-0.34100666379425365,2
-0.8864977510465495,-0.292668612410809,-0.3103254573286268,-4.281202723892235,0.8528564394017648,5.521396153087658,-0.8016790366677842,-3.301220184770772,-1.7882474858842188,-0.73882166857168,-1.188508592821392,1.1094661819546467,-0.9446272250599856,0.1735358516988319,3.2881529571081973,0.3617994767576993,-2.4875582779806473,2.1415405719311345,-0.45265911659782876,1.5274092087643527,2
-2.726185148415391,0.24521470470437323,1.7865771239787347,0.18901548415777047,-0.3910497259790923,2.897652357178135,0.471809099253734,-2.3579623077862535,1.0971775503822956,-1.1358731122888255,-0.8700218162252574,1.0842152041413629,4.204650295797677,-0.38490610201046427,-0.6670432155963575,2.419823210925265,1.515911374280678,-3.8126607015650547,-0.8366223496618795,0.8044109709235767,1
-0.2481353526863942,0.028060806383912448,0.25138603885751637,0.2206503751259279,2.1927896822643738,-2.1749085581971137,1.0147850596575199,2.0585748944040714,-0.12277952727933832,-0.16968549360206686,-3.5973589532892802,-0.7917242738890955,0.559035630446119,-0.9095068326959791,-0.36248597400137783,1.3357584281145611,-0.30529229584476647,4.989971008655906,-1.1836328966144969,0.38802180529863045,0
-1.1005613822881515,-0.8086600416577134,-0.5178052653301162,-0.07856111582371661,0.5109033790865827,-3.4880278554077386,-0.07256648695919042,-2.02827150910238,-0.8499082527601255,5.001159037859208,-2.9217084420662838,-1.1299648926666546,1.0763443436175355,-0.2969043287613031,-0.4180039876005761,-0.32449864221289104,3.575236512504235,3.0933879073341966,0.7208436021306857,-0.6268343208914771,0
-1.4529516812675378,-0.9840314172504463,-0.15213588679357515,-2.1487521200546675,0.24991899402434054,3.6982626939157557,1.1574907312024982,-1.4101261211808351,-0.3448460335875565,-0.130481238642697,-2.0765312007676826,-0.5791240421355486,1.9235417188680675,-0.43381862051321973,-0.15886487666139404,-2.5254907739090817,-2.411682681280535,-1.5050593623153516,0.5212773722162125,0.7111257601086451,1
-0.26266344534566677,0.5547233026509205,-3.5409611463465622,-2.815049575830278,1.4465764535017855,6.326163509521468,-1.2661959099636664,-3.95412182473939,-0.23369881352617866,0.26209053661413917,1.508490954725774,-1.2575669298603165,2.3975233338272135,0.32358152648896243,-1.3880881533353302,0.4383603321686067,-2.4451500436593765,-4.218047218168275,-1.066668737774761,-0.020473201969290162,2
-2.40735032537333,1.679728476372106,-1.6220263782875344,0.21115717866660777,0.04521571709750941,-1.3836370059596295,1.3755683911973327,1.0921116896783134,-0.40990352279450387,4.6854118317288735,1.4067637747308837,0.12488728990101115,2.321291786129767,-2.515793814336301,-0.3414063121093476,-0.8627625689113374,1.400847671514633,-0.45634077510747734,-0.7447828501171511,-1.4606426996778186,0
0.7330968725987241,-1.0348148885745907,0.051553182211181825,-1.5301072904677904,-0.6131888143874002,4.005696590511703,0.920419303313525,-1.7400081994099637,-0.20830815696970303,0.5693384439904692,2.1099003998630828,-1.0261395775913584,-0.06362129761986557,2.4429451883205693,-1.4871907384421101,-0.9325347097248937,-2.1986224886822217,-2.229374966376941,0.36972874103394227,-0.7696127630272848,2
-4.58655085439943,0.5304587899390387,1.018318594558966,-6.023689367049457,-0.5959467111162355,8.437621654837244,-0.12503728432039923,1.010534603196445,-0.21417610337056878,1.3733257858609085,0.07043101719559508,-1.3065936064563095,1.8775413449430511,-0.7419805034830211,-2.943868882784832,0.04194577240421915,-1.15436550311838,2.7089526502125927,-0.6226729773168778,-0.028526458109744773,0
1.4881796764434503,1.8169458252058674,0.1579626977529609,-0.22108568733767409,-0.5321418699618199,-0.6237298140611931,0.8119838526340167,1.1940672305327698,1.9914127606138468,-0.3465087181901799,0.9946712072691835,0.7071129589620102,2.2194921733196638,-1.7108916065687771,2.305749579578258,-2.3187064015411014,-0.21093976848906626,-4.489599870874525,0.3230416237873795,0.7441577788946404,1
-0.8575003768186279,0.49723315135786184,-0.6214734047144778,-2.8910186747150712,2.112519290962802,5.816076547368887,0.27633084300105565,-1.27171686361887,0.4023519884543412,1.1095436432977355,0.16597185256134206,0.957517777643326,1.9328220633352964,2.0740589104132043,-1.2474004483295307,-1.2759962729834573,-3.4154525785570495,-0.9315918016962865,0.495137870045973,-0.28518844674365945,0
1.0814019100281465,-2.28091210820784,-1.9788681601400961,1.9121681574745382,-1.2050891663637544,-4.345255584498085,1.0795235160501695,2.535126864770194,0.6918287913117352,0.7876891489402477,-1.5067573054292234,-1.267788564261654,-3.1808213422883163,1.8226953289501757,-0.5160981453069489,3.89160118867885,-0.044643680448496426,9.165110239010746,0.015568274812603318,-0.5029710109066279,2
-0.7287686404227001,-0.9487840855769527,0.041044328103827146,-0.33329904593722126,0.11411575013335006,2.5478994549304597,-0.4881863780695798,-1.8336115294128126,-0.26575124088784435,1.6764177957904671,1.064848699785426,-0.03394224289090872,4.012308940713661,0.80572151385626,0.21403938842503578,-1.7525134707337604,-0.4934026508576531,-5.774698796269255,-1.1685165527852863,0.2238756784689018,2
-3.624827302686035,-0.5874320142889945,0.08770349772433118,-3.20366075118286,0.43462240858194356,6.690210742207121,0.4791972032760403,3.0293623810969486,0.6656499905839105,-0.4514101978810552,0.7980734198413959,0.8165545175655982,1.9541142049367604,1.4802051110187127,-1.036976177526352,0.7179679708347373,-1.693505475199256,1.8486689698319927,-1.1048695867855087,-0.6382888306167251,1
0.39583274597013807,0.9271029658316023,0.9598239527423692,-2.3735201653320264,1.6739581096660563,2.916441564569857,-0.2814631750493462,1.1138717961957507,-2.4495920378914326,0.12025196561660212,0.8396445715151462,-0.6366176209441123,0.8535935427656707,-0.2968253373859058,2.8532267624625485,1.5459572213095019,-3.1878005858249234,2.1990911456838584,-0.7071005858762134,-0.5775570245230115,1
1.0207296715843104,0.13694178346810365,-0.8465079577702125,-0.36399273787486686,1.4332745706268781,0.388069944619716,-0.4183194199414598,0.4601904755094739,-0.2871298562298711,-2.403952013340378,0.22169421567791425,0.9862024308615258,3.1064141108535384,-4.719849318693981,1.0416899939756066,-0.7866527157368329,-1.287217937622197,-5.539698298387896,-0.5647023539979451,1.1688854185670607,1
1.3322570163249545,-0.5993444805665006,0.9173107984708001,1.8865230137831155,-1.954852079131145,-3.94083627185795,-0.4201229772718935,4.188430226046453,-2.078528943200621,-0.8236064015860515,-0.7525490440722031,0.003988560511122636,2.3600720632980696,-2.977601361071605,2.7638929672759884,-1.297832541781642,-1.24766715544158,-1.232700677377806,-1.8266194934838311,-1.4022050903368122,1
-2.76369799974397,-0.6243219765982982,0.029508591268061803,1.4281153593503313,-1.1801416044618,2.0594924426904857,-1.1046309924184885,0.9394251003587628,0.6675089224817384,-0.6474812694209193,0.47608927445166405,0.2370049658786637,0.7175004626076837,3.2216815744393297,0.16460817036521547,-0.33612243344682335,-0.24850107345385253,-0.9272898174935708,0.2697489374919197,0.07608325081486271,1
-0.9151874683285179,0.012691764112708524,0.8197680694754877,-0.5707570312354329,1.710250391117314,0.605301941772543,-0.1455449736397707,-1.8181546650892138,-1.3961933160458857,1.0749100360275279,-1.505868771470104,0.7793004727322356,1.3334602818572447,0.2350222009698465,0.8952658222401023,-1.7494042651405612,0.3901811505969992,-1.3396017791415002,1.1372532466416827,-0.4904002065731625,0
1.3595864256058965,-0.2518927508324297,-1.7704339025362246,1.0538891896978124,0.29407296281894457,-1.8061711226958586,0.35623312286764025,-3.4360059584503757,0.05616725646711806,-0.7616282365056652,-3.1916662051153057,-1.2525161922076724,-2.110358009421137,-1.5726732976404896,-0.05355848621401782,1.8261232344422247,-3.212024235055282,3.4934442436942317,1.2678987951708858,-0.0666113560055051,0
0.3796397062388661,0.05806383002443512,0.6900583398086663,-2.5968332648638413,-0.20121547789209077,5.831299979662367,0.4471634130857203,-1.9536271462645471,1.1825169176703132,-1.808106696054232,1.5728061493113712,-0.43482679126773655,3.2945325422672087,1.009932335280059,0.558322790852545,2.018655505071349,-0.8262068467283605,-4.3360449665029135,1.2477122918598191,0.5633355030589059,0
0.9835656958049257,-1.3263766461762694,-0.6751563752501056,-5.394072915175884,-0.8799683576065088,5.456360118032929,0.044961761758351496,2.9067340959456818,-0.437327684847254,-0.30210594526181167,1.3927020300730448,1.5449046987091442,0.7986587298435235,2.0735560294278335,3.0301402368463544,-2.3632248924706505,-1.6291816829806698,0.5502059945427404,0.43053789319813046,0.7754095344039733,1
-0.7576273446969043,1.524284860747478,-0.5808206468277702,-0.9536045129692172,0.12766134984344943,-0.4612710023313888,0.7821156049763861,-0.0910007685933143,-0.2789919002886576,3.749334782165056,0.7291527467288326,-0.713501774997195,3.0386930463696733,-1.4839396385127586,2.253556835135969,-1.758327261729299,1.052224804545261,-2.0750966730771294,-0.9501449068564668,1.3577845520580714,0
-2.322526306689438,1.5896615658433906,0.35215976323623555,2.0908621250131088,0.53571874834145,0.8958025701886919,-0.4561010078113793,-0.2437049316677774,-0.4062243293734895,1.6197258001165291,1.1880455260782068,0.6812562316208439,2.8590332403643637,-0.011673976110249118,-3.9984085538853917,-0.16446618492908227,-0.6265540912657855,-3.6148289636410373,-0.1634989587288872,-0.16415158480821837,2
-1.0326600223921762,1.081948177713248,-0.710114504684698,-0.8725128616187032,0.26500726923505735,3.2080682990527074,1.5940284730672647,-0.9586848840411955,0.9909616123926529,-0.07997093263526622,-0.16343000934740082,0.9443368547967097,-1.0333687370531726,2.4921998002478682,-2.4085371643517695,-3.106696109653841,-1.7265712359009178,-1.0651307611500265,0.9251642928846124,1.086863166074582,2
2.441849879865703,-0.8968816214343724,0.06548485945721165,-1.405057213090632,-0.7556768387288985,0.2513718471848773,0.2343596907289823,-1.2440974236831028,0.5343765628400474,2.641079672096546,1.4646410189776797,-0.2266777770960381,1.1034085933867928,1.0857066042546448,-0.8282544841016577,3.12155406975923,0.3364263970947807,1.4041324718190638,-0.07072889952100804,-1.069559905877322,0
-0.9632815848667344,1.811701208981497,-0.7269385975720276,-1.1655919746030636,-0.6083983130978005,4.005693146278679,-0.37740118505126985,-0.6911444821086945,-1.0069470496085993,-2.6560364811432127,-0.4150896349675137,0.09136775910665185,-0.7652826338777392,1.4962099360898913,-0.5038453626106614,1.5010597704008108,-1.8243514991141518,1.0370940033272262,-1.1939024401995502,-2.7994488274364855,1
-0.7790619690874041,0.6147984103600516,-0.4089991792265975,-0.9761932869966781,-1.5294277200326896,3.9000852900071945,-0.6780398631505739,0.8674553794751939,-0.6933965369343416,-1.2656517732615402,1.8317097267657312,-0.3362224142095311,-1.3744639313350158,0.5815752935185847,-3.7965109760712963,2.364221501484816,-2.778763797364077,2.0112944728327573,-1.5937258559551035,0.7687444546116228,0
-3.0991208523051608,2.766497489123994,-0.9921847276391071,2.4542095361884675,-0.514685383424769,0.5210169659903547,-2.9982071584904135,-0.714398834339121,-0.40471705118231993,-0.8140013365752715,0.12865782100826162,1.3985322446780686,-1.1854713026693928,2.9975449850283864,1.0419413899623338,5.6674403784590535,1.0241001953007447,4.235759581638527,1.2709411935773276,-0.5210292768318966,1
1.7428208087751158,-1.2577039911128594,0.8188063521069772,-0.45127738027356057,-0.25579127846400995,-2.3635657908608554,1.0125637066960274,1.2870437951520957,0.5903198457071825,-0.23349447750562047,-2.5830987860371133,0.0655809713701782,-1.5915180214070141,1.8091145638648443,-2.9453332740178606,-0.053353103819718584,2.283877351169827,4.011412442569224,1.1863432356827102,0.029739030956155498,2
-3.118396165899654,-0.45630339249623575,-1.1306119239505787,0.41852542971321416,-1.289516719300908,-1.8011357123156762,0.35203911000761784,1.3550774596237802,-0.6441381578535159,2.4854217767928897,-1.1871179328403763,0.4467118992709157,-0.5941706190213305,-3.084764405174347,0.2518157490361841,1.3464856143863806,-0.29180272981960265,5.434307628143667,-1.4387297499463698,0.2703320831613331,0
2.520942492559917,-1.9031432059736781,-0.2730490825151575,-0.916427913495255,-2.730117814770566,-6.172472557834558,-0.5564847701387777,1.1998064440219722,-0.8650065001733912,6.22701896928647,-2.595055299446187,1.1578468514595746,-0.08817275103078714,1.812981295739899,0.851765997875388,1.828335849401871,3.9925091974094213,8.792589682797994,0.5404240025304289,0.07535519985566355,2
-0.2496340448046982,-2.379814282430362,0.4121638465035031,1.4372552266032153,-0.7977807260741908,-1.655470206315045,-0.05989952431426344,3.0828496064683257,-1.6227140503458455,1.0135339163828785,-2.937462669743403,0.10647630450482724,-0.6295220963201662,2.5373999115529986,2.30193622345245,-4.251317503774563,-4.661425728517715,3.7190462909892883,-0.7342399476916422,0.3957651515251236,0
0.5678273507790452,-0.5918228767052861,1.5573901576496663,-2.1286982054626193,-1.0426974091832861,2.6640790947705817,0.37722958659484596,-1.9089717942111188,-1.0324649759681026,1.7607942247495183,-0.8336755049936323,0.4503188267807239,3.9831328967531245,0.7678685283641288,-0.7656921605270564,0.6060520905343143,-0.5593174574341544,-1.6396487852838328,-0.2273275873143359,-1.4038933514001541,0
2.279927235218655,-0.49116285903675344,0.9442163762851975,-0.2634634276384855,1.1421830785395795,-2.6517151521913176,1.4637441249908447,2.240944152457653,1.314446899976997,-1.7108849426925863,-2.053318281586978,1.100661847549999,3.74855441159281,-3.0446257889974664,0.14411020902373073,0.8344378560800694,1.9455320557163396,-1.8052824999089143,1.3880868894563783,2.1673603787432,1
-0.8471479342835576,-0.9605374335913761,0.6747579975700542,0.5697988876044953,-0.2606433360551251,2.5470223286419014,-0.6254358019996236,-0.6122679676896903,1.0294670082259965,0.10583756642962494,2.1692875595698218,0.8317939252957322,0.9581407820294716,0.7858246794609761,-1.2507037592319157,-1.3673344389887463,-1.9507259388043237,-4.04063717168856,0.39531805332085235,0.15232988944879264,2
0.2903515843350981,-1.6130781536758105,-0.23683145896557267,0.665514066301955,-0.21472739379050806,-0.8424674400262521,-0.22971559344511477,-1.1840301475822774,-0.6645818159304667,3.1159921472768617,0.3466984505453179,-2.2936972502275563,2.4034558851093064,-2.789043135431922,1.099941015111244,3.6594036696143277,-3.6049298633324365,2.0134365561050958,-0.4447625813337491,-0.11258146453394723,0
0.3637398613865557,-0.3051622999429823,0.4546889519536365,-0.4073289949286687,0.6948161429230939,-0.7800281894165773,0.480882653933827,-0.13436202893641336,0.698164421750891,-0.22389619527101456,-1.6673294399803493,1.2760988288178194,-0.5920156961038237,-0.08382709382695286,-0.5191932806525128,-1.3448997734218429,0.4961304117542895,0.7302277505978981,0.6837091504024939,-1.0300758824810878,0
-0.5382409007772047,-0.08537467997269305,-0.775699349550235,3.6771252902175275,0.27908968505734144,-6.90106844740663,1.3871907131863401,1.8527464022921738,-0.7306095413814279,2.2922771972969125,-3.0926311945631615,0.8771101252519663,-1.610374699636067,-1.3914819263318048,-0.44283631431108095,4.126252934300386,-0.09249307205777302,9.116130409113168,0.8402754540097592,0.1487734045010925,2
-2.183801449987039,-0.7634876247136259,0.022099323550935804,-1.8026260549398958,-1.239023260309863,4.766834481521225,-0.8644916117566375,0.965058813129682,0.2734077897503936,-1.7153995437427043,1.3383384330671633,0.12952207826988577,-1.2514832590453253,0.5197910039654619,-3.5877620580536886,-1.1746982381830144,-0.9992865261674193,-0.6156302727873134,-1.7330137884913392,-1.6461963003787083,2
-1.4605009304532377,0.059312765419377855,0.6351270937507677,-0.8379133110754483,0.3103284759617465,3.0234322736987016,-1.1836923420361263,-1.8240098707787626,2.055220968516346,-1.8993525109361107,-0.7576804756722366,-0.543829053927893,-1.0996884304832462,-0.6504704590518791,-2.279458037310164,1.6161670154780108,-1.420545555402517,1.00487621377854,0.7411200128832625,-0.416217619899324,2
1.4145298084114697,-1.3552054073404338,0.48752205869567816,-2.2680833375314933,1.704110520866804,3.4832964044181782,0.5866495703386697,-2.0526528172394816,0.0529610899146122,0.019468291505186586,0.602136703873877,0.6240901831841357,3.7381053089596876,0.08973977564481062,-1.3817714713669202,-0.38845691581533437,-0.3592939645901222,-5.157755097812542,-1.8448803728381054,0.31498753542050073,0
3.0497873763086423,-0.7282723260188415,0.034862176111455326,-2.2705869921563506,0.15643586735931037,-2.068717132655395,-0.14704456043989222,-2.9577852605632007,0.4693077924198947,1.5190119283614711,-3.024994331176664,0.015914963050670444,-2.90388965783508,0.37736906239382195,4.656181282452169,2.002469112124877,-0.6119838629987677,7.350907295718001,0.3907213759231011,-2.4047437965298086,1
-0.4071968905868155,-0.6575415838632674,0.6660248555449385,-1.4289218561798371,0.8220617843060168,0.3122891691743555,-0.4126901596808782,1.9623281895845792,-0.37491967205057475,0.3046844066933707,-0.7433492236270253,-1.2318587110719776,0.549204005213304,-1.402792527455651,-1.9196813585365438,1.0403433450294541,0.2546453727505824,2.7411917475290264,-1.291843267510811,-0.9260524618792649,0
0.8697528640332044,-1.528341582162881,-1.1157803568259743,-4.22246266291711,1.109227535934208,6.92209924364939,-0.3932363596671669,-2.7833593883076646,1.2041277404634543,-2.856514147850669,-1.3695485978720516,0.5262360018519999,1.462331721668472,0.21502677943748494,0.7751118044936158,0.40904767743220993,-4.339784052695045,-1.2384857039341304,0.5591949907086667,-0.43223285233237513,1
-2.296733559868927,0.3475157982269089,0.03922723036183155,-1.6119023822218574,0.7936207477280433,4.9436716603226865,0.3112986174303915,-3.9994983778068693,-0.7965213077035429,1.1353139341115437,-1.3752277787058569,0.27545109836331394,4.786858945090907,0.7424189018573422,-2.2692752462125814,-3.8923628050053782,-0.4628567128172928,-7.314123306871473,2.4320269751801242,0.005182484353656514,1
-0.5107405016160715,0.8903353149820696,0.673159335294313,-1.071637937356639,0.6586218087487499,3.498759109560782,-0.681243948494123,-0.24297625349399576,0.017995461854860437,-0.29893874550382105,2.983412799290593,-1.0206677299017983,-2.4867715983401424,1.8177144090854132,0.7248572625546343,-4.351196255015692,-2.191159831023101,-3.01143925429622,0.1644181871250766,-0.42484098276342286,2
-0.1116139907490501,0.09256355362227849,1.3938584729693488,-2.1726036260327497,0.8866387211137388,6.543293636358747,-1.5843834266666759,-1.3087123555836744,-1.7480674719137859,-1.5730097031308699,-1.1265403354392063,1.2704333556647733,1.0127325179736624,0.5100604798187989,-3.482539756912595,6.565070092314169,-7.71865473639315,5.6062373756005925,0.4343624898395662,0.6353644611714051,0
1.3293719545340126,-1.002564849997556,1.9816014026513504,-0.028095762488680842,1.744209822592061,-0.6400268423610326,0.18176889538381724,0.5369587786522138,-0.25229567587847995,1.9675854831436688,2.351854680202676,-1.6750808004617643,0.9309841348718345,1.1694573472663716,2.9855193549345875,-3.3991894706295374,0.3136658035459421,-3.8493707477029258,1.359995270562447,0.6990808867441777,1
-0.017325380952740277,-0.2319240021136228,-0.4834690199775001,-1.2933962534129757,0.6861216087738703,1.890688474566897,0.41450272056286624,-0.5760959871703666,-1.2671015614018384,1.7721690810994786,3.033376046330498,-0.3599684214241245,3.201742363110901,-2.629003636356864,-1.904407409344095,1.2788824132203453,0.5426279916819712,-4.057515237695435,-0.17975613307640745,-0.6339934632565143,0
-2.219371041624056,-0.26603725114374654,0.7470673189738315,-0.343677001892163,0.942695667499274,-0.2579506388427319,-0.1883658466196552,2.6959866518686466,-0.1154828963916312,1.1230637218123722,-0.24353498543898477,0.33010801011515206,-0.7584239611907924,-0.3782840027262788,1.1784465422231918,0.5305392612960934,-0.024845388068765906,4.4896053835792324,-0.6638895056131665,1.0490007010654008,0
0.4059602095459025,0.2737597054639536,0.4143620841787884,-1.1421001561528088,0.30908361745445717,5.212930328064255,0.618884817865093,-2.6112019505730415,1.124987106380164,-2.4144987028025917,2.6000544902511074,0.7937994595098654,-0.08225013324546926,0.2552303035307022,-0.07590346279098825,0.9026298443647223,-3.3289973406618536,-4.0038139604662,-0.020797830532211254,1.0012430080932584,0
1.3728015923281807,0.9419029617610208,0.8073904106539035,-1.8681343206670373,-0.14695677543719574,3.394736394490498,-1.2601726806541929,-1.7837147631710382,0.37831055964085886,0.7008909314000442,2.542431958137839,-0.051515334704473136,2.639859557397532,-1.4689528275092503,-2.436366616087231,0.7950152827788903,-1.7272454185159973,-4.4189072916500045,-0.3610205176022864,-2.5274493700576737,0
1.3574888672687375,-0.7702169147313244,-0.6464582095203093,-2.470377590481713,-0.5923804604873747,3.864859658354731,-0.21021194189649736,-1.4362470800267233,-0.5148238963607281,-0.07868449555572221,2.3640304540668398,-0.4290766509704263,3.4969457949468548,-1.004821873126251,-0.5509266760449201,-3.3686872406496025,-0.5682157954820812,-8.562807218273788,-0.8755621004332629,-0.3564634138030431,1
1.8725651019953884,-0.5221314199471975,-0.9367373553060163,-4.058682985712853,-1.690319025877201,2.885524557144312,0.2310154145762398,-3.5266582502932664,-0.9231577428076859,-0.6867787225484072,-2.847282685001451,1.2115302123032055,1.9243798436860087,-2.3599743249667124,1.7634526480557675,0.07405881811615311,-2.038125608988276,-0.42998872622603873,-2.129899448407258,0.3510011542248495,1
-0.14385345594525156,-0.9339419074180088,0.21839964541077247,2.507360216681454,-0.2690993186764677,-5.396444943544569,-0.2720943974841667,1.0844000699307168,-0.9747908775978406,2.587335421912036,-3.2522289624597405,-1.2092487544616037,-2.7357466914648048,2.5742861263733694,3.802878479775522,-0.24688904278652435,-0.4270181243201703,7.864216943542044,-1.0244849990154385,0.3306932266568553,0
-0.09695826239302929,1.9588100681422542,0.29881422490814685,-0.03834410957294154,1.1862157344024336,-1.1506640242442563,0.07638440758894635,-1.2378124254785403,0.9747256009057284,1.8648216488640152,0.025137262516337522,-0.7830847248349347,0.5965392872295494,-2.291881510798704,0.7842528582025112,0.022996262955133462,-0.08282262874277546,-0.22075229856008508,-0.17089419816686402,-0.44893645002908195,0
-2.3692999111610993,1.7557905435329837,-0.3724308530373982,-0.7955818542003976,0.028818713528359484,0.5339358928362359,-1.3015463831853458,1.032344375606666,0.4279666733564731,1.506719656099774,-3.032090793479409,-1.4276650104675974,1.1552323642425368,-1.839703070628147,0.7773587633429495,3.3447362556346043,-3.077855695527586,7.302331803271443,-0.643084132454357,0.6943448944071322,0
-2.5794137143696387,-1.284129532581842,-0.3647905816135046,0.39941066951033855,-0.6715108447416982,1.0655245023629094,0.9173182278766948,-4.111555043157245,0.0015093991782153475,1.7639971889879345,-1.3283593176386874,0.37513607217556344,4.4049894091592545,-3.196575436095804,-0.30149607372881615,2.9873272510513873,0.110451489351578,-2.296112579140321,1.658931254979496,-0.04912272262259028,1
3.437313522986086,-1.1057054754195994,1.6343692945319386,2.6919727246882097,0.8890021156230895,-3.801043823899137,0.5702823044203353,1.7099657766920022,-1.1535709971018095,-3.198772808612553,-2.27172359314591,-0.41994423956869936,-1.7782421548107514,-0.28708726680643815,-0.6832772827707522,5.865165373561538,-3.2140267424705447,6.396813716182118,0.8450430673104926,-2.053829440163577,0
-4.828843399873156,-0.8981012047997423,0.24873822972854492,2.2298787686950927,-0.26696594618356206,4.641058125662944,0.06828327593863867,2.663325087116848,-0.027135232619142746,-3.308343433121151,1.385081516451605,1.4033805327436546,-0.9462767369091651,6.025591691223473,-1.2460951749632634,0.597933851024761,-0.6893787938751016,0.0918593540619816,1.5883379572273506,-1.309210352534179,1
1.2342566846032366,0.9678122108045354,-1.4858332395471836,1.1099179406213184,0.4447222620741773,-4.973826732940984,-0.5297938203086952,0.8531479329840438,-0.1090878971166739,2.87102605977749,0.530968386654757,-1.7220235808146194,-3.7317394653121965,0.3147868168301593,0.34833418610372036,4.733386692696078,2.222479916884306,8.560729338578621,-0.9223240562677364,-0.0640564346457395,2
-2.433222042968513,-0.0065804533130177445,0.484325437702705,-0.8162312770302214,-0.6575902822898048,-1.1113159181123418,-0.8990971326111976,3.086647690972776,-0.26312452696043603,2.698333379359594,-1.7060645495844597,0.6547472191614669,-1.5924018407738538,0.4190755212897639,1.0970293827990294,0.12549109610720643,-0.168991095269724,8.081591551894478,1.230357722628503,-0.9196953187613095,2
2.1808886185485026,-1.3506627611656268,1.199590148993406,0.24023661242384386,-1.4301015922497284,0.06481627049548294,-0.9687747384090089,-1.9981745886612927,1.7896989895963833,-0.8893595473423305,1.1356011130587882,0.7198641688472236,1.9800546314125829,-1.5654481123221786,2.2084081738389267,-2.7292244835954818,-0.9873589951260557,-7.339612173893363,1.550278824078565,-1.6322033369710098,1
2.3525212401260296,0.5096662090000231,1.3897925797618274,2.7230139110473868,1.9517231704036162,-2.182679683093487,0.4142752175136015,-0.6663587186906847,0.25085625159639774,-3.6417837347085724,0.2672761528146277,-0.5423499736103137,-2.6916451135792974,-0.6407637283054328,1.4231069269371028,-0.4248956161648785,-2.25721670438966,-1.985080357686836,0.9775821467761894,0.01579430105737277,1
0.7684898864871529,-1.2365556001487341,1.757071341531166,1.6686097190042743,0.7745828158224525,-0.5499555967877241,-0.47416168549832216,0.7625316766465611,1.709942050999601,-2.6405534728932145,1.9034279765807924,-1.5423301975893509,1.923916876456472,-3.022663743634826,-0.8860035107461031,1.3323084701742651,0.13641974496448062,-5.221141899944549,0.3924377040762278,-1.1242767035241603,1
2.4363769017663843,0.23142546831230806,0.5320498384858374,-1.0505289519699634,0.7110339802617263,-1.0395423363515144,0.8295492202251548,-0.6468661832033153,0.9267084730097143,-0.15464155828939585,1.207631541934807,1.9172103890413,-2.0894179154278056,-0.0803341776702915,-1.1847634096951551,1.3863200338027086,2.235694571134934,0.9308048528490693,0.41420159943005663,-1.0714193917120802,2
0.222746642570817,0.7962627995269133,0.9708858890881581,1.254747583225165,-0.5440592180188311,-1.069544062175372,-0.5831114770864428,3.025278151804458,0.9367532635304259,-0.06218737765110538,-1.7463726890673739,0.77857289727785,5.088708284753808,-0.9512422241559447,1.5872361101380057,-1.6776471230455905,-2.40196151157361,-2.6314879334472447,0.16631650937512346,0.7837769056550118,1
-1.8916951397194528,0.3412266326924841,-1.2073794021077044,-0.8754024300609075,1.0689160184253121,0.07712406082092062,0.8058272104247736,-1.0251473127233037,0.04402595756180984,2.2161683551780085,-1.7985077262091576,0.7121866576270373,0.24734607975302325,0.4963337245888293,3.612135396597618,-1.7721258204048698,0.19470395039180954,1.868655403394029,0.32252626325596734,-1.6692905299444687,0
-1.6824593907651315,0.5148752363294603,0.3454238190404714,-0.1847713863426741,-1.0078465490671427,1.9541255157901498,1.6859365539573317,-1.2667885790686935,-0.2235917799038682,0.9275794297641429,1.2762055286746872,-0.5058456692529554,-0.643107333584046,0.9684399002946897,-2.806827489326961,3.081916309451424,0.6712777925467833,1.805850493066175,0.6826368812128897,0.2345824670753469,2
1.0408646971488342,1.9208711499397864,2.0001525124929094,3.801017255323453,0.5154576979248359,-3.7491528679536548,-0.4646869225241402,1.0983263289372955,0.2880905219873251,-0.8017447835991899,0.007616931471970179,1.1470686485209218,-0.11476546264404464,-1.1093981883672557,-0.1632841556195581,1.0532291856936529,-1.7876451380862106,-0.2859522492464997,0.04798272044661219,-0.45346265036937033,1
0.5415905150755018,0.37736436613524704,0.18359472430730595,-3.4706398895294095,-0.7092717171438492,4.846696811634986,-0.47876251908483464,0.1643837459184696,2.4390231871773165,-0.7819939819163118,1.3641351584265902,2.01062063320819,-0.05386707601378904,2.2719599231920165,-1.6193211834320176,-1.724466635940113,-0.18834350620340667,-1.601838054893332,-0.2026796750711744,0.061310397556036705,2
-4.08425933751615,0.2661150248621453,-0.05542664775446476,-4.027319901957842,1.411296865959639,7.128141520162419,1.297753711787242,1.2282125989034078,-0.07484063612659135,3.045861473299645,2.6387781930502126,-0.3992342192971013,2.478054831287543,-0.49355305453068554,-2.7906330185868864,0.49901279743453164,-1.885550135532133,0.8562772817776777,0.2526563456989241,1.1158472749366464,0
-2.1533282967354435,-1.0139041329929706,-0.03277670195769679,1.3296891678466527,-0.7643162302278239,-0.12406481126041742,-0.33247325251159277,5.7189941817669405,0.3399703595692396,-1.3946335760557755,-1.143191935716065,-0.7652711290778673,1.2766505090397393,-0.6453873488035489,1.7846616871045187,0.8421659390827478,-3.5800892924127945,3.9090990655066684,0.7262722258771492,0.5309329863493768,1
2.536655636165201,1.5210149413423977,-2.1656189938478017,2.529321814792799,0.8805796708543511,-5.922315391725839,0.41334628868820267,3.673946731886069,-0.32782896911400583,-0.43504136204001087,-0.9572103879298268,1.2837191877332192,1.1712093546420077,-0.41396463559766483,6.180952959310058,-2.1323256749255375,0.5306096393135113,-0.8143849299548431,-0.4993712043191545,0.3499319947444421,1
-0.2938639378782588,0.7366199329005703,-0.45102611861540615,0.9730169983663106,-0.42801925570870175,-2.0205457130740485,-0.478034012631749,1.3289901130067303,0.1729698079558269,2.94223085566238,-0.9492346141692292,1.0291608274696276,1.1291338484175113,0.7731399970903506,1.4616235368625397,3.578836194853295,-1.2485720234301003,5.873010309717432,1.3287414300992495,-0.22317224097286925,2
-0.31726352385754253,-1.3692020000844913,1.2870681783811726,-3.4669342892322184,0.8356572511822711,5.175271446093079,0.7991014640218883,-1.9406471970302224,-0.6955201502034049,0.5437398729918097,0.9598788474189125,-0.6348391242889239,-0.4273227405709501,1.0673557181191229,-0.01785759155177724,-0.9862665090674693,-2.203918353857813,-0.18159236659558647,-0.30440094011850105,-0.3776228215973046,2
1.9008732540124194,-1.7901523661966843,-0.06362406685235351,-1.70941231453367,-0.8658042625918827,-0.5868304795802246,0.2685323189287194,-3.1356703785504627,-1.181056275629766,1.754084001447609,-2.1833489059826428,1.298344096105355,2.0837035653703886,-0.2634370827285939,2.6868543652739567,-0.16910436886684854,0.6269687808536213,-0.4662821914795072,1.264294587115343,-0.7196651691755729,1
-1.8287490673273057,1.7014237404403703,-0.8377138748720581,-2.924446353857766,0.3144746111207469,3.851646778571985,-2.2601188298694206,2.7584697148384816,-0.16023078346551933,-0.06789178226284953,-0.9811115151459257,-0.34146687286163924,1.2323248475321928,-0.5231625919449782,-2.891826512957742,2.5959514160759705,-1.934541800440785,5.087859148947935,0.844853590025043,-0.9766931954727915,0
-3.4727995377307606,0.7396229667440826,1.9440486756879016,-2.372627044727781,-0.04465130112862316,4.303373034799423,0.552644714466308,3.841857838000511,1.4545182356013244,0.9484383439585214,0.5550711800877663,-0.1636254487730873,0.750746654001767,-1.207741732054819,-4.8953509378958096,3.3599792040799765,-2.4443329562999496,6.080875179899233,-0.0948269890469991,0.09313295739232577,0
4.389758643666192,1.2091198099505955,-0.9245598282041674,-0.6522069329918723,0.27235248759196323,-3.337236847568198,-0.9661420287898361,-1.2969349566660617,-0.21343106519824123,-1.709629942596496,-0.16976645891012931,-1.035597974779926,-3.637707284479428,-1.0608976811522353,-1.8220537135634414,0.0151522113153848,3.1377518207034774,0.2226302378618274,-0.9125400174205731,0.4328864946404487,2
-2.040945712274942,0.23321456024834725,0.8754948832617212,-1.0934117591834687,-0.3103964849550655,-0.8810867647521058,-1.3317689903878926,0.590029786540718,-1.6223984967559022,4.231993570622015,-0.652289946553213,0.4436168006413885,3.434067816736085,-3.6993710548136,-0.32247116557478406,-0.6537862363047602,0.8618415171437623,0.29997492442341805,-0.3558188353382118,-2.403239790981312,0
2.403857703942383,-0.10510987311309057,1.7290472561926302,-3.982296932384153,1.5719679853876172,7.357255719324106,-0.40117690543454726,-5.133825589681945,0.7759430787368385,-0.34065268049376773,-0.6304346818555624,0.3726386387632,1.0495908420835496,4.070460635524908,2.2318161934987497,-3.0891044897927196,-6.213979724645655,-3.331430032423574,-0.8043743958018357,-0.1856795921842839,2
-0.6355368536926405,-0.544081311017581,0.8043685299379365,-2.391291966672135,-0.0958713062625303,3.0441800004695336,-0.032442661893587,-1.4539074607347828,1.5800187623238664,2.3306594048289107,-0.502664729939243,0.07667120561471819,2.696647988428764,-0.022954893006801647,-0.16200135777308278,-1.1511051098614424,-1.6256943976725895,-0.9598898301621458,-1.3969825943443908,-0.5812391970261442,0
-0.6248903243336741,-1.566801501069484,0.09362786145530562,-2.922539859902763,-0.5836949027619238,3.867982017276624,-2.136898129362142,0.9310716224493375,0.3225604959975529,-2.7796127268771844,-1.5376033427493896,-0.5303319007472351,2.3858743309149952,-0.5316810492288342,1.136610235712218,0.8332424125770734,-0.26189741382020215,-0.33319889477851905,0.15145007027714577,-1.027603143173384,1
-2.2965629188580023,0.28950072246712927,-0.2728833027596277,-1.4602334191382829,-0.8394178106597178,3.9978929650632464,-0.3326707985128008,-1.328231477214838,-0.962675694089487,2.350832986544055,0.9576463959212482,-1.6235870856348384,1.1898010924947426,2.3663619008329624,-1.1104553827718024,1.9835669829902827,-0.6599158455347789,1.6460898719210886,1.3146637309753773,0.11020687923412407,2
-2.6387882055904015,-0.10247922314240923,0.5024883236221023,-1.277745969877273,0.39380883799126415,4.144192627330867,-2.413448170283476,-3.7134963988217033,0.4580155514898559,-0.36322609663272365,0.02129102610694411,-1.0610105987880223,-0.2874517797209928,-0.7844938436568838,1.8719958188210644,-1.866672400457416,-1.959105272271847,-2.6587843965022726,0.28574016127659174,-2.0073608522590525,0
-1.1138081058087341,0.2729899044904501,0.11933398707211175,0.0485420901898348,-0.47586306313645077,4.475046282168784,0.15981762272714956,-1.0938432916217828,-0.8012932506336231,0.8481734078723331,5.903007414318932,0.3223703997275838,0.9369936914472214,0.717388051747486,-4.331729069198103,-4.262674846517437,-0.579943332725678,-9.898711585054999,0.24245270339136704,-0.6545419810780835,2
0.24768659311652552,1.137453907923797,-0.48416050526859233,-1.8954423780918144,1.3899850432724044,2.562260653218291,0.5785853082125527,-2.1174489074668705,-2.3836212600507434,-2.5234011102764473,-2.629182923698111,-0.0868038020675589,0.8746242834469191,0.14478929966294185,0.8752994776054027,-0.13743744519481682,-0.41893062982186013,-0.9023725487537964,-1.7128076130966914,-2.233605245995567,1
-2.5853965530429157,-0.7929312963688351,0.6428079888429726,-3.4039961135395234,0.5899172328436647,6.767455799523256,-1.7833234851885762,0.9831730306230151,0.6811469645654931,-1.0745026086689857,0.03946507638666996,1.3160913602427415,-0.8310224863255258,1.9401743460893712,-1.6239900916499483,1.4475595688518241,-3.1153086161488335,4.241033647523365,0.664686050262168,-0.1106491484308348,0
-3.2580799899541275,0.3766353761798157,0.8307939231033094,-2.5744191834042875,1.0001008972055816,2.5654624107833888,0.32656143033812945,1.6693130460436598,1.2824920372746025,0.9216804679009643,-1.105755522311565,-0.14595299782903404,-0.6021139854702442,-0.7274014366762003,-1.2222149761222225,-0.7116802991315987,0.1401985314307952,4.037975988843123,-0.25215685083557865,-0.3033469188198543,0
-2.325637287886744,-0.13025810743674918,0.7224739109091558,-1.31024213429733,-0.8443312450806665,4.290754036342493,-0.10098034615933793,-0.9463625364431025,-1.121850825000477,-1.2098279906653922,0.7634848204696101,-0.44444133933559726,-1.6943767678056623,-0.22794038119322702,-1.2439302064667273,-1.8260384228670645,-2.4086474796726463,-0.8572284571699029,-1.2062156831740176,0.051502719973320316,2
4.4115528482804,-0.013783411986730233,-0.21087275318943097,0.3511858072088039,-0.36696159452816834,-1.0718051017950316,0.4461557379622669,-2.0069986232284345,1.1709307785954146,-1.7460893743856651,-0.9567203512509211,-0.4351787726987831,-0.25237495919486896,0.49792671119385723,0.14347719517005486,1.9841023565128086,-2.213271623996631,-0.09227550167291367,-0.7823374710664194,-0.32097516939919124,0
-1.7227373152867957,-0.2526026876211592,-0.01784640979348933,-1.4457589845590548,-1.4256840815724963,3.0861794998857723,1.0294399127439522,2.3591726385001848,-0.1252776371125806,1.3291703855749621,0.1164144516968344,0.665567197875302,4.273363517572953,-0.9693689595410122,1.2977076535475616,-2.984226265909143,-3.3622312908762546,-2.563119217184305,0.3827396187084526,-0.2953819846892018,1
0.3906154542732525,-0.35549166291420126,-0.6850184429350642,-1.3313717434980499,1.7931143276074963,1.7772606760778324,-1.477349208854877,0.4809921173971883,0.56819431730479,1.7030188105256925,-2.358448539795007,0.7690926629557497,2.9270011396708275,2.645383210452853,-0.16536236483827516,-1.2348667832106226,-2.6368703380762453,1.3196789442358168,-2.0545820248619173,0.4104298872509025,0
2.441012411745868,1.28679100245301,0.15637719199261638,-5.452948941815692,-1.1564402736314159,1.5867000266654956,-0.2189222734120121,-4.2787356261751635,-0.3104110382599766,1.7953634246770465,-4.25453437948261,0.42810739345163473,1.0095035594432837,-4.210864682409175,2.3871884812808615,-1.7206064402417591,-3.0692140556827145,2.1243988342156936,0.014319507797229505,0.7307945903136984,1
-1.7812138094181456,0.5868679358583361,-1.1572673103742563,0.33623242629156236,0.2985247053435757,-0.5117923330699214,-0.8576946679325813,1.0494339196335085,-0.2517702752648782,2.278709930078995,-1.9626172066895595,0.675595516064319,1.6277371353189949,1.1654055382693977,-0.2027131895003551,1.1508897590432077,-0.1909865307482832,3.8552616926071335,0.44148803926035224,2.0318814020301676,2
-2.608276946415701,-0.7841013735016077,-0.4921575747920368,-3.3911991608604843,-0.23260590298925776,4.610188173631773,1.0466483608417794,2.921010229808859,-0.7619278440542826,2.0463007199915135,0.37650723879049064,0.6973507446380671,0.6492301059073744,1.5806899531436787,1.230618848371527,1.4187005291040626,-2.5985463907064608,6.139091891551253,-1.6630555148805193,0.07702802084587244,2
-1.4554958584991784,2.199188037889086,-1.7315569899670584,2.1437933656217893,0.6168130787385951,1.7605034403643192,-0.2745882455510398,-1.074683797267138,1.3074946412317412,-0.08265413517489306,1.5047167343704095,-2.063938429603112,1.6562846426458129,0.45099821712185784,0.44913896029020783,-3.260364124165349,-3.259921876232327,-6.204471174597847,0.863356514604708,1.3487876228401647,2
-0.7503717315471332,-1.0734209422789178,0.0941154134992307,-1.115269065863207,0.48441088120221254,4.151381898366802,-0.27723669854677996,-2.15996532094246,-0.1366106534676014,0.8582478658786057,1.283373761555985,0.47371502653892616,2.7616826304007915,1.0091047776427746,-0.9531298203661752,-0.37025157147378396,-1.622504426951517,-4.009819366633428,-1.1736040996661792,-1.1848400604750189,2
-0.7414569578270349,0.030062963183246534,-0.187894223288639,-1.9963752035261348,0.43002207415017135,5.647239909316806,-1.013597550510733,-3.1701088170254357,-1.1002243796808588,-2.1234289356912512,-1.2242800413106707,-2.2029309113576905,1.2269042731483661,1.8190972865617847,0.7271140909493137,1.8524033726108529,-2.852905280947817,-0.4501228871245046,-1.2454902051189494,-0.42364400961303694,1
-4.8207175950129955,0.6063001833470958,0.04851466221955901,-2.286970442522298,-0.2157337077705497,0.1112017435021678,-1.4634361560181446,3.1016237633008195,0.5632470008238349,5.54686321194926,-1.4265661191011239,-0.039523846164824177,4.482128821214744,-3.660276434640645,-0.11914443096427996,-0.941854519702112,1.8325756870648173,3.077568898924837,1.296638769919316,-1.4098129026777428,0
-1.5692765782672051,-0.7168080980752114,0.287435751696084,2.4525203321884654,-1.4250143355638836,-2.493412241431351,-1.1096989703470332,-0.8044588761030573,0.35083947442464103,2.234592108649402,-0.24701553702323142,-0.16241108601822737,2.3802934833002443,-0.4149042084943324,1.4071046744369937,2.082177320674952,1.6425106979326896,-0.29141150187003706,0.9950527466570456,0.7610866056087316,1
-0.15374019596079935,-0.3317477920999383,1.282847553046021,-2.515511943673589,-0.24470165672857286,4.69460013216278,0.8236922388427681,-1.4927484126397164,-0.01749734565510574,1.1988407198576039,0.7487562099032798,1.5193945969413418,2.043437034237182,1.98627091131506,1.7597222619275597,-0.08220885999214222,-2.73790690651989,-0.8605964451658743,-0.013288947872645994,0.07264421304330575,0
1.3906848693690956,-1.1036947701542872,0.37145905395101597,-1.2453814274761374,0.08524997629284713,5.837033637224976,-0.049429040207482726,-4.396974724501206,0.5076500985507231,1.1112652965934084,5.784037407523694,0.23105805323198284,3.1048040852046297,1.2244598194198753,-1.71714850410191,-1.574147210667706,-1.7536274268624035,-11.040235475754285,0.7864785189607976,-0.17891184212026082,2
-2.379318414904471,2.138367241978551,0.7142508458989006,-1.9208806276932875,1.916408812398578,1.5664825552552386,1.3190756280592197,0.8480529103785681,-1.06118769724083,1.1402661124582816,-2.41454602538338,1.0336471776787366,-0.24285279503613277,0.6654685702118293,1.2002016552307757,0.4396423994910632,-0.6134274592793869,5.612266679429545,0.8952873269005954,0.3178376319746965,2
1.3204655629082862,0.1371334013192164,0.99997606893382,0.9577768855111793,1.5016346186299734,-0.12811110626584912,-1.9161643812659455,-0.8558230151828019,-1.029524515195794,-0.14144704432897115,1.218542032928275,-0.20918043446703338,-0.7075566748329183,2.7710298963264277,3.238794052335064,-2.3019335721981355,-0.8240264602964957,-2.7256752889638145,1.4057186433942654,0.20778184872621697,1
-2.829605492064479,-0.9764265916915398,0.03733507711071247,2.174285914109321,-0.027916923967480682,-0.48970784804419054,0.5994639186251742,2.4593752128428834,0.5714296182464823,1.6678280664524918,0.8752698284714304,-0.020155336347329265,0.4958346269899301,0.6523886285894116,-2.262748074643353,-2.4447139967757474,-0.6139634768749602,-0.7908061994884051,0.06753977906994638,1.6240197994726442,2
1.499320306296037,-0.12251423984480558,0.01841918618654087,1.1354468100987414,-0.014375613119645837,-0.3990512368811428,0.5021391293011044,2.028031065591575,0.15908652584386626,-1.666563213665853,2.3755072752219557,0.5376701182018969,-0.45214268803764623,-0.05853721931289624,1.657539335173658,-3.3034212324853387,-1.6681537831914053,-4.4596025541587245,-0.9863860712965885,-0.024649069343663586,1
3.128980507060869,0.004370251582966527,0.22518922479702655,-0.5524066798986325,1.3723698309363015,-2.5632005427767512,-1.6593624592297702,0.23401053618723022,-1.4235351409702315,-1.016712472119746,-2.0275501857106106,-0.696286082911922,-2.5054844783638828,1.9147176171621978,-2.1386355174921237,-0.17378493815497098,2.4174575902748594,2.8946163284770847,-0.4953646267899452,0.864958205837676,2
2.9160951865732008,-0.987702687655587,-0.945468708176232,1.319752503311205,-0.3721345413413484,-1.6211532228959662,0.7880854407681365,-0.8139918263190111,-0.4793337774953818,-1.5346122282089227,1.7262082786911317,-0.2708112728027683,0.8565085835121022,-0.22615983700198017,3.156229030493385,-2.6769417839341707,0.40123323081201523,-7.017126277910144,-4.019121156763875,-0.05903983159068665,1
0.37562418228405636,-0.474299165819574,-1.166058118578336,-0.35225596904288037,2.403181925697177,2.9327016729525544,1.0058589844658574,0.09386944455083646,0.187574793190974,-2.325899828699182,2.5808927364308794,0.6037255754575325,-0.6597377156656572,0.08463166406216294,0.40204825953526013,-2.0005228573101057,-2.1363967916971878,-4.433857272420791,-0.4331418994366356,1.1105125515124403,1
5.956293949952712,0.3368112723874649,-0.5625517736187333,-2.942415070460387,-0.15165367203420396,-1.9238369771559636,1.191998915532283,2.298771478773583,1.3336697411479546,1.4749607578157238,-1.3971036281063414,1.2068993489717312,0.005558809785982222,6.237315328469677,-0.47668639558572556,1.13330528999093,3.4590195189947726,5.155559777226321,1.0841610169548659,-1.1669881821406638,2
-2.3716515484164122,-0.4167152562281471,-0.5946297082533925,1.8486989755619976,-0.1696798284682546,-1.613998332723371,-0.27728332263761374,1.4877802702916845,0.23207619650262493,2.3327359221562367,-0.8169981088858056,0.3109404457666454,2.578271863170599,-0.4916733094791321,0.6763017054480027,2.0399429779528817,-0.15221005543042943,2.2714730466617272,0.2213048939765561,2.1435487613719655,2
1.485354606815113,-0.6986969352588083,0.13126887117150568,2.1355848449895536,0.6653567876449542,-3.6717929215314067,2.036347514656217,3.908925290336027,0.7535307511006826,-0.6006751344097682,0.16876686537627772,1.8953239089521703,0.47000799945260674,-1.8252937141719343,-0.3970150230866021,-0.7692016553648487,-1.0591357456420711,-0.13204865704971713,-0.018707495277022007,0.23954772086923148,1
0.006538424597761772,0.5072855076006385,0.7527086936061849,-0.07075705575707503,0.7832702169367295,2.2157298909343943,1.6526854646819444,-0.30076373621004493,-0.7549418661797522,-0.6317381803318531,-1.5091473417182186,0.5248675778853081,-0.804529427246113,3.4235216431125663,1.1430889738455303,-0.7934423379851392,-4.202396774563713,2.3390766384330965,2.1831148564321228,1.2780661047654278,0
0.7458739452867353,1.1650994130651908,1.406260179174236,0.7790506279061218,0.7310042450668561,-0.8418919814138446,-0.9948060936097859,-0.5168637426825076,-0.16609776301710188,1.6757770958496017,0.07556288717331916,-0.16182322817597725,0.6922426067417067,3.8772941903390374,3.287392295678848,0.3743605779756166,0.6179402183592124,0.6905603987727468,-0.28593314473347575,0.476579396547265,1
-1.8160703447057578,-0.1816864782254697,1.4712621252058147,0.3802707929251674,-0.6024938689130366,1.182135977130989,1.2082567326532243,-0.6234569466877647,-1.096782829414477,0.700032326856943,-2.0096163057198524,-0.7919527600131321,2.692307673933274,1.7787373962303867,1.3530963587124476,-1.2539261569188414,-0.6601932037837173,-1.0337613479046917,0.5514985299957588,-0.4025269986067031,2
5.136179151726854,-0.9706677673827739,0.5584845207792332,-2.293149640471465,1.168596592795489,-2.6671070006327127,-0.5576555790986524,2.591956825277178,-0.1788746048480557,0.5305123787394728,-0.08072306138551444,0.3913177662105359,-3.253629489090502,4.939866197826346,-2.037247938168716,0.7122959218236683,4.507310465751433,5.567464920781751,0.26026272991097116,0.2974486052239491,2
-1.2085004128823167,0.48667668606921916,0.07968878144473109,-1.9054939807738687,1.3596767365019493,1.1022433452930909,-0.5063856144965024,0.2540468020999058,-1.5535572229478418,-1.5990278182232183,-2.7359914808132353,0.61758990470135,-2.4652634271293126,-2.1844978921907647,1.7732339769463623,3.0958989025447456,-2.322411019682586,7.634764395655239,0.6008689137235076,-0.2611853187979934,1
-1.7013508549737237,-1.4426356710131807,1.5514377658892888,-1.3779212468760709,0.26448040107313564,2.5664789000559804,0.7017053967895513,-1.6071760894943896,0.12528546327868995,-1.1517828121264508,-1.4904418058171574,0.22474211958217438,1.7136086650911273,1.798399906189166,3.945435764361691,1.0235895086942697,1.845071451647959,-0.43679903302942313,0.09955759759996681,0.16455789062864684,0
1.507894287627539,-1.13770200192949,-0.06501382277805628,-0.9202901207961527,0.5999416089408499,3.634074390420397,0.6248388021620401,-1.515044190965926,0.44631343147647756,-1.5410584081360508,0.6326191740552376,1.9660342824646067,0.8934820066549134,4.20264328503157,2.660357192727835,1.5217427476123238,-2.1567759068925896,-0.9971064526692447,0.8133559522149549,-0.8301641222853287,1
-1.2772214862124294,-0.554202454952579,-0.2776701970863062,-0.8893623856271071,0.8261618320092936,1.3675530559493427,-1.2256029509557917,2.2735305950404037,-1.3357859623848647,1.7090946043451696,-1.6748836560727933,0.21996209981516307,3.246268613598579,-0.7382641498134539,0.872452920342133,4.427531232080717,-3.7668710854405334,6.063781783924019,-1.0137331535651615,-0.4090685863233753,0
0.3747042875040014,0.4449712931193825,-0.7121370117112932,-0.3814229007558019,-0.3492294754153675,2.1837498637653567,1.7067523547241472,-2.325621558518995,-2.832571490783083,1.6664910413669585,0.7546208871453838,-0.029634337083576892,3.3406081528822416,1.6609277225462522,1.4818944374780836,0.07547596176964277,-1.2701021077871286,-3.464886378120765,0.6792531857002103,0.33299007977811707,2
1.562561254300039,-0.3600417738324499,0.6508501800122718,1.3109828670363006,0.21480037571713861,-2.675886936726574,-0.8816738583581837,2.2847538329808676,-0.24715165741179193,2.3142750897329565,2.730823053159834,-1.1509711621737373,2.0247528705593276,-0.3825519307241736,3.285808465322202,-3.7814794250178916,0.04152057810009646,-4.804995971895481,0.9337620752499189,0.2212447039887671,1
3.4215733317868295,0.3549299233926498,0.8913396468447979,-3.425734430270847,-0.36073055824440614,1.6227292190116847,-1.0140883331826094,-2.9062588172850146,0.2788684195580776,-0.38393319398480164,-2.1712927963039697,-0.6663714077047016,-0.7918722377479552,3.2085922022795406,3.8263666706693753,-0.4957378740854559,-0.2494067036775407,1.7792750045333094,-0.08192307484655668,-0.2716279797439698,1
1.8667721883785067,-1.4793077461833894,-0.025731755889352552,1.0572795684780243,-0.9939813806107903,-0.473007487680446,-0.61177365396552,-0.24698086338127911,-1.4495235207054613,-2.07987422689346,-0.38299018970581256,-0.9324969863289585,3.2977720537341635,-2.382711030336478,1.6897706975693656,-1.9814818905037115,-2.2412189218225773,-6.4521411667934085,-0.9194273607965344,1.4980843617057056,1
-0.2699448110988122,1.014847728147081,-0.8760028902037027,-1.6816296512547328,0.7261591215755627,2.385394738807646,0.74427582661273,-1.773629828603029,-0.039259683875249037,1.4401564766736927,-1.2830470768165552,0.9268766994609047,2.727020141480293,1.5287020337447323,0.7716169279218823,0.7982673005867287,-0.5434289859577544,0.15502164351686823,-0.9454278641443407,-0.020266883137630812,2
2.159142682167971,-0.5532785728680706,-0.610764907132292,-1.7656364231073205,0.8172366189978882,-1.6022866875446415,0.04964376356751898,-0.4063862210858491,-0.21765189078506683,1.5608113944618913,-0.0025835255129187384,0.6755618979049025,-0.3170635365417709,0.18279605420623102,-3.1472871648930765,-1.6248111489935337,4.326347501539419,-0.897662019632013,-1.2323575043213433,0.09306677628155917,2
0.3175576332279213,-0.3997933544875725,0.7737454171487219,-3.260731408944805,-1.338229370477771,7.26962345154018,-0.2870858663221182,-3.9208821719722695,-0.48523912503814143,-0.14385520033375476,-0.0015951011951886862,0.24970880640742232,2.901377822104994,3.633049367102649,-1.502061923273081,-3.249105932574338,-2.5694186025317265,-5.992859407227366,-0.718633930052811,0.10205115731285117,2
-0.4453995861602471,0.9123865736422752,-0.007815917090578843,0.39996652902934793,-1.1998061740488901,-0.02461159500629518,0.4898951064096436,-1.9813791459951249,-0.3442015976650044,3.2805300899162506,-0.09321969510806194,0.8423977011074516,2.664365270382885,-2.429401670652551,-2.2533835317950173,0.4404451830121944,-2.44118172248218,-1.0875761763249163,0.8756049308219175,-1.7850694591464658,0
1.2850130438204186,0.059910439684482286,0.7929034666922938,-5.08156438747753,-2.337296287244784,-1.7491236315154604,-1.0035864681614417,3.549765767935353,-0.44885715967470863,4.37992225581348,-4.133023953155688,0.20627640584490153,-0.8067302476630875,0.5924211798020586,3.638689860980331,-2.076567837546296,0.37279435969677477,10.58938494244755,0.8272248068737484,0.6783182731341613,2
0.6570312739671669,-0.4056259646062051,1.9975117034922045,-1.8936514481611533,-0.4707974897078709,6.039507523732097,-0.0660784330903093,-3.06190736734096,-0.46486996957351817,-0.6619377058092126,3.662709965240066,-0.8278088794581001,-0.23218659476727677,2.2535758374537593,-0.48857283175797384,-3.463192675648,-2.838503874673876,-6.984322293898511,1.8210197732551878,0.848970296135283,2
-1.229474656226545,0.6758664079374624,-0.590297885171597,0.573108489211873,-0.5834437764610827,2.471748485132665,-0.5662575689260696,-2.5515061936511847,0.7068829212666524,0.895969610562498,1.4752667577151537,-0.25228972837061264,4.459931447411497,-0.6712452580929329,0.0876701721116071,0.7772591511663527,-0.649943748231159,-6.055315667918075,0.6015360185136042,0.13115144275044122,2
0.21444137523731355,-0.8310478483110985,2.043042243470318,-1.4401666313707304,0.6076317593481398,1.2139007260225405,0.9866912199945005,-0.49264633768496235,0.9127497799138464,0.17902769927325868,-0.44821319068191534,0.8731556045083784,-0.03326475848685484,-0.06275647592913214,-1.23382617455109,-1.4414238268077146,-0.14907163892702935,-0.45728935289505507,1.3554955328750073,1.4872796272729016,0
-2.636631684127352,0.024820554624800366,0.5486115271211793,-0.6619384544421072,-0.5744024706049964,2.698012588802619,0.931730050970849,0.31679201492344433,1.967174962803145,1.3639695852105562,1.6781503808214726,-0.6175076902303165,0.8745539192839402,-1.9339817504675358,0.4687588205067996,0.9026371801270932,-2.59958105742701,0.5016638204242566,-0.01626976090966454,-0.6473206015015319,2
0.10750080485293367,0.2610399825869071,-0.9970911242653454,1.69058924281986,0.3584569662278545,-0.16095688708795935,-0.9111795851435988,0.984622659214804,-0.9158118041755245,-3.328381311191448,-0.40296949057112985,0.013830199723696996,-1.707528557777755,-0.2198877125050991,-3.7845500851465848,-0.12345445951965517,-1.0680904853339377,-0.6444552396546779,0.37296933720957415,-1.2216696022432145,2
2.3075494846946616,0.8945948669615069,0.7974841151321669,-6.463893853782952,0.013978623619684896,3.8373471260631855,-0.1497862171201022,-0.6319567124785914,0.3631220161854476,0.36066999178452774,-3.136829381969098,-0.9445876907683202,-1.2608094562780225,-0.5615409877822981,2.895579786954178,-3.3436098977174806,-4.4437384101773185,4.553065554540448,-0.4192103396856869,1.2498965025459858,1
-0.504607612320776,-0.32290444596664075,-0.29548073452660994,1.0514235906278429,0.9087614801144298,1.6724136380680317,-0.371142076954873,-1.2213840938673595,0.0017194350566970612,0.6030725961185415,-0.28872275452960516,-2.280986931002761,1.5246909715301422,1.7111519346585196,-1.378490924009164,-0.7864736073499217,-3.06961212885858,-1.755632492680148,-1.2131506873002398,-0.8669840205875055,2
1.987682054969307,1.3668094667202824,0.5469957248776356,2.8686355271235735,1.327959478670963,-5.252872190011234,0.779772810403127,4.042523018893168,0.271225614199156,0.19665008174943965,0.6793981239796651,-0.7731004559390707,-0.28218285820849065,-0.7911045541863585,2.863029500738371,-2.3863261865134993,-0.6588331230388219,-0.5473485734305065,0.7371813066985751,0.015404681557600861,1
-2.621410755766895,1.174995362251581,-0.7808145970829122,0.7381632678635655,2.2114035759302024,-0.19668627117449838,0.35486164465499803,0.33390509724266715,0.3930042068581856,2.3669922359772233,0.7188514263175392,0.15231979320455766,-5.033908769311668,1.066642005644758,3.4781606570981767,-1.128662330691876,-3.453038854915643,6.457932622977308,-0.07833789137611492,0.9056459033037962,0
0.5510149231470189,-0.5799359157154906,0.9713898894275428,1.563254137035297,0.4434056875422199,0.40813217183921974,1.4961645267668793,-0.48775345157986605,1.037716615671117,-1.8615569426440466,2.9777932925745945,0.5341281187946741,-0.3720087612377536,-1.8731495395583682,-0.5538401704576936,0.2703498545397114,-1.3310909269699762,-4.565661557053082,-0.015742148532632987,0.799910952490804,1
-2.8177219063505206,0.10486503307861315,0.9996770969070387,-1.3969013153159773,0.3901255382675968,2.847312983709867,0.9651341243644521,2.4836380491825194,1.0673798415062998,0.28052169888210465,-0.6951000892392315,0.8744963283982289,1.4514565310803706,-0.6047209083116694,-3.09155076400347,-0.09399170096203613,-1.1414322858571668,1.8819635635195464,0.4985301921556723,1.1989974816554931,2
0.998224804586035,0.34795413260678965,-0.2236560706129202,-0.3345060646001523,-0.6032286716303763,0.021092358709152388,0.9617601815353501,0.9086505871681059,0.9632543765890385,-1.8469755459062882,1.0139643089793848,1.98268492160917,1.103585216706299,-1.7364874067273395,-0.1423366165658928,0.672343984032211,1.2475221712877884,-2.731325257873597,0.31008690835253166,-0.014979205429377819,1
-2.8057665852688167,-1.4953821824487257,-0.003236870733649335,1.1640380102217933,1.594102320009313,-0.4923410286229193,0.4178640261994408,2.432373210301054,-0.8597876419714956,1.6330377065255686,1.3508644256266777,1.7831584515836283,-0.33498446404755056,-0.2070978517526596,-2.8543526395758265,-0.639802803703905,1.1766370693191428,0.8090231429983756,-1.6234784747561903,0.041021756243463325,2
0.32020735337173534,0.05739690795874399,-0.2531399494603059,0.6822863013728668,1.6186680462086267,-0.670511437034215,-0.8829783739064431,2.117920187863218,1.6944725305279356,0.30740577572026684,0.05876831134412608,-0.16235110816511772,3.2945600507952375,-1.7955676528638431,2.172395165825185,-2.5536097352285063,-2.2437164278173958,-3.513980013290183,-0.4160395394702413,0.9112746398340557,1
-1.000914347631454,-0.12877425478424495,-0.3867933378573258,-2.204288814520117,-0.006736156114102297,3.4314109085268263,1.3137006117919356,-0.9477231666072508,-2.1278457219335216,1.7614177750166249,-0.9239173175971869,-1.025275430669701,0.5865746924629407,3.3822390476958084,0.9536999162420738,1.2076146557555805,-1.4147570460227457,3.7350013817288117,-1.4102645281739967,-0.3548545730742157,0
-0.31326069595826833,-0.9445767199209086,0.0758229309804383,-0.9380269721186578,-1.7690877320358567,1.1358081432793192,1.283782608325773,-0.49169620909675904,2.8536225827404498,1.9903997856226168,-2.385809970356486,-0.49082647991404904,1.6869809175677095,0.3322382878094676,-1.8359706588473137,-5.707141564613081,-3.037073336288571,-1.893475235748948,0.6558839906913896,0.46309693066377544,0
-2.3559188819968573,-0.30681279609034245,0.8753302341145854,0.4423423257549626,0.32237737229452007,1.6277509715568614,0.8881757470134929,-0.7924432384495587,-0.2773340202006641,0.7041607872073234,0.981241803271609,0.44501865990850775,1.6657025694541283,-1.6875521952239754,-0.5135053387082396,1.7637993807363883,-0.86357075012645,-1.02339962478107,-1.6258412685835972,-2.286002531993625,2
-2.1584304861181582,-1.1165426433475378,-1.9678301230925799,-1.5674903446877582,-1.113266268792409,1.9726992826796044,-0.43782232443032437,-0.8929496732665863,-1.7480345371360055,1.8758179877049095,0.5041366313043558,0.4859183394591162,-0.8168211823572911,-1.3872184528450746,1.5126738457991755,3.485726429773045,-1.493851851914135,5.057085626798489,-0.9065072854978103,1.1411994149084022,2
-1.6613695816939829,1.3684080185586749,-2.2166655160135096,-0.6955563510841207,-0.13018518848216945,-0.010896562530675346,-0.22832189135444766,5.138742593229782,-1.6365231763997656,-1.0789519832425318,-2.626969276269076,1.3686507868999138,0.12111940731913018,-0.473773991475988,-4.964567533996465,1.7767663724581761,0.03907970764322455,6.406484236736302,1.0155948097511047,-0.022162684630854367,0
-2.3545260565272823,-0.31731233288599736,-1.6382959142023927,-2.6589071198015635,-1.6499153920277536,0.7816954766519274,1.6998330137637852,2.4177183459779883,3.4896476094098703,2.308285988258853,-1.669683600084048,-0.44500348253773475,3.4792960579043735,-2.689742410226529,-3.2516490583300603,-1.1375440248952549,2.5440559070629924,0.7955731830894992,-0.3863782404371976,-0.8572519004509404,0
1.1196829036740596,0.25883640606842534,-1.495349626197055,-4.955776128252671,-0.2526572157097547,7.220277275913525,0.28626701517894115,-3.695465365240147,0.5086115694764219,1.3250187681427334,0.8525005329624195,0.25616301965282456,1.2719967854498242,3.339700283285424,-2.4650995752893294,-0.8265626407754546,-1.829895733861766,-1.7843289970080036,0.9506245451701658,0.434267269143753,2
-1.099490829286626,-0.8417222679965889,-1.8521032545245222,0.16804234600722934,-1.2815334474735183,3.670190199087953,-0.652299404494563,-0.7681823002824366,-0.5318947428632855,0.24786343225706176,4.486525857176311,0.5431751897660483,1.2004633473920743,2.215671062755092,-3.1125447522314853,-4.877319993573359,1.2644614416563131,-9.703583516939114,0.9766664952266192,0.41864231743030594,2
-0.8737852028372544,1.90186461325099,-0.03410720098954454,-0.35769913026170663,0.28361720550501,1.9242507701285412,-0.4749346222212478,-1.311353857955707,-0.6522665031033145,-0.29628488451095203,-1.4188253409305651,2.168761167921427,1.3286259735408508,1.5898470308018746,2.410848914467633,-0.19169251904174833,-1.4300538485594014,-0.23580376966902802,-0.10837103661884025,2.601770471320802,0
1.1680363434804115,-1.9070238860698252,-0.22980370331577363,0.7548302802515993,-0.9623307674450841,0.6460824791715183,0.8660210649846025,-0.826826945944156,1.4746311275151218,-3.072816168309563,-1.1471959200071526,-1.5914981540273423,4.1727111345976375,-2.5572610896588124,-0.9914010410279561,1.0460470509106075,-1.1388887879077987,-5.529674538131951,-0.03757959144892407,-1.9186340908607376,1
-0.6606799911239049,0.32787360631045837,0.5034341078469109,-0.8330574295152848,-1.4574574645085605,1.5775748957446856,0.5086505435474191,-1.1791537963060814,0.9702157422712177,0.8783265721271061,-0.4111915881529774,-1.9881546189214958,3.518675586408497,-0.47870952595871863,-0.01184877689230679,0.13820812423964823,0.4208409236817028,-2.7646427846794333,-3.7574353212591856,-1.8677179981596814,0
0.6170838745562325,-0.08933492345641343,-0.5358567265693974,2.2897983456147415,-0.7079529306359024,-1.6783181075291145,-0.07072004890021252,0.28614739091199237,-0.35819799128777635,-2.9644747933588023,-0.7766344434777075,1.0182382110986368,1.6337608047339283,-3.8819605201364142,-0.3160527562643758,2.5656966296570056,-1.7559959716141824,-1.8971203542845783,-0.3243220409101956,-0.17245076202828996,1
4.788155101078302,0.04853913982263525,-0.5760059204952394,-2.807330207635397,-0.1493467286627817,0.2258863586214595,-0.6847161543480678,-0.36172502008620167,0.3114420846290003,-0.9164230426909301,0.5141801607023655,-0.23603757155354116,-1.184537034477168,3.8046504103538177,-3.81511060193639,-2.396818958922064,4.502950976375159,-2.539949348385672,1.0841165459049067,0.7983132369011378,2
-0.8380880208972779,1.0337971915140716,1.2107755219347964,-0.6713691697188359,-0.05508475461707899,-1.5061989713881447,0.01022547425274586,-0.8062362636856784,0.48761536727790644,6.389925812224302,1.840288465306914,0.5490418113477318,4.667893139240307,-3.441894045608048,4.06586264715776,-0.7842080913983935,0.5720289657727622,-2.527570898286218,1.8791878850731307,1.1446661572756716,0
-1.0527629900414652,-0.1707120012565216,-0.9426029620135037,2.4795186530199227,-1.5680607594522489,-1.0426345374176678,1.5600385988583547,3.8645688102330435,-1.2172438936271344,-0.04593835915864253,3.44247830293312,-0.11516540618663129,-0.757339957799793,-1.4031534353563975,1.426859800050805,-1.0086837283031203,-2.704368937150588,-1.0353638344279235,0.8365348805804116,-0.7602045787553829,1
0.17070974513920478,0.654663962731513,0.2577645534085519,-2.6801496270616063,0.01909671231209128,5.160597071298556,2.381982369408583,-1.4107221312325584,0.22746726788069838,-3.1430905175769053,-1.7204089402820129,0.6679560449210992,0.7955373581697007,2.427750757894705,0.8795713637465506,-0.14838783383435872,-1.8373634140054915,-0.7501109858036776,-1.6068579463628425,-0.9662583876600286,1
-0.038543009828083674,-1.7785352691945528,0.9314788266529853,-2.90470995582299,0.2785636893603813,2.0644725415053307,-4.06460314373439,2.995811688104843,-1.113889652964548,-0.020015149826508982,0.6748900526791365,0.5448068412694402,1.8588050717141078,-1.275045783413894,2.5041641838074318,-3.075456279314602,-0.5042490191445962,-1.6384942035526897,1.146672268128483,0.1000118741213807,1
-0.5392024347537312,1.212154598368495,-0.36775200351471965,-3.105362546984692,0.7661775976212185,5.737502399561047,-0.12215224609479869,-2.528424960394589,0.1372887794876652,0.5759687359439126,-1.5521770973902975,0.15374952880847811,4.2393859276127985,2.215007986141517,-1.327726589427085,0.16456671453430194,-1.6880149148927734,-1.9420777028888256,-0.65228484472671,-0.7525221145818455,0
0.8026396044061072,0.3153314706444249,-0.2539283100109162,0.5255390291709949,-0.07860980175325702,-4.647465134914324,-0.9684127137100002,1.5175350566757075,-0.31136924127099364,3.692333485346528,-2.840622801860785,0.07087187047536225,-1.7105264297027416,2.4258312839024367,-0.21924420404873135,1.6536756921604185,1.6209753968881015,8.972699088882491,1.001383145660648,0.8039292795848746,2
-0.7333044794856061,-0.34313311305969985,0.13176187600038997,-0.07230578601233373,1.0922907020247334,0.09835504364335677,-0.4467774296361395,-2.4258404867244083,1.2696292205834045,-1.3772020566416776,-2.85965314336416,-0.5582410564333905,0.4252768940329731,0.06170146626300166,0.8305262488058545,1.5959814225381856,1.382911725401915,0.807981497553374,-0.36072481995861383,-0.043022322964259174,1
-1.043191087408688,0.20620920830783845,0.6097147286535098,-1.9599948237655989,0.2805000229198326,2.3856088918525717,-0.06297691981449226,2.158929319414524,0.4829567337840797,0.14240601254370389,0.3552320847097731,-1.810416783357745,1.4256060754421869,0.9408561366232544,0.9553345822595775,-0.27136610522025584,0.34163537213103035,0.6483962245649221,-0.48702086303450615,1.2097881878438104,1
-1.2198217101806672,1.0998832735534692,0.03959881805213766,-0.10973211506067304,1.1988468756167485,0.1801200168120104,0.17256174399088403,1.993437228336001,2.845877450289003,0.6690935012852844,-3.1943837668017623,0.6117426066644042,0.42055266666038393,3.788270984169201,3.065417101866022,-1.6205821182356328,-1.539322040950348,4.364771856412392,-0.09417478472929892,-0.90937524752908,0
-0.40523948003147126,-1.091749429224336,-0.15649639057169043,0.5633633256142276,0.8890417717343652,-0.8533103760217252,0.4901971418462857,-2.407280478931934,0.0005618554692100441,1.3967290224305917,-2.5697541422756967,1.2007077511836866,-0.04383246245492245,-1.9688698811285446,-1.2888573637069707,1.2311834583073191,-2.888789392529418,2.941183302710845,0.866320364823763,-0.4247716341168265,0
0.5033689601309468,0.24044750514001126,-0.8751280279606837,-0.10538921763953857,0.0308731842042529,-0.5220031942965786,0.2871608776027747,0.7610403809173605,-0.3566384941390436,2.00202262354043,1.0259069621625094,0.2538871906655972,1.531616375031871,0.4522442173862615,1.2371303628681631,-1.0726638367933437,0.10885568839082849,-1.198199325166767,1.8389065643095044,0.6699427761606213,1
-3.3942861574131356,0.9608916750154606,-1.7591221951140201,-2.5506254859975246,0.5073768827634214,6.853230697750522,-0.3820614873547184,1.400415420577128,-1.2396844358680121,-2.7528669927395377,-0.5903349930820767,1.6998196379523638,1.741345892039626,0.6835703136751555,-1.491151299503402,-1.9999117679272285,-2.3561033243810616,-1.8963804569296794,-0.0709694698460463,0.04085672131381844,1
1.5198510155822964,-0.7348740666403528,-0.4634083344985053,-3.5943323331835892,0.11197676608075031,2.9500779047668613,0.17597808900561476,-0.2348198776244791,-1.5066441222537537,0.15480999243950988,-0.6408067629769214,-2.3679392654336255,1.6948996126248552,0.7442120099424863,3.4310707420752493,0.8844887777704921,-1.4910767973179924,1.4945232168076745,-0.8430385264380745,0.30628765064639657,1
1.8807829581349425,0.33432825353352447,0.04638355791654349,-1.1023939888474492,-1.3286435742272604,1.5746091847661414,-0.3783926926938018,1.158377227964743,0.8641143920499731,-1.333712861303157,-0.4850396634417924,-1.6571763603015677,1.1077197221841253,0.6702417907411051,-1.4027139122897463,2.895175569303019,-2.292768760115379,2.1301405493358585,-0.8635260630446725,-0.8635221330147131,0
-1.5769140433170006,1.5931210565100329,0.7651239739437059,-1.8837879474422463,0.11837588533238683,2.407114745636032,-1.235447832122853,0.6574868122872345,-1.1920782645758172,-0.6642926049906945,-2.2700893607133192,-0.5327575394612195,-1.0744708706517545,0.7904266752241045,-1.1167190868148638,0.1432031666871193,-1.344713908530926,4.446316571298258,-0.7681413934931884,-1.0040408610202272,0
-1.8399076863699482,-0.5108576756023839,0.07153816245060336,-1.9075645935457337,1.0785951161118734,4.428919006776983,-0.5356871181435664,-3.110596510597625,0.47465364575734525,0.5695133306937599,0.38014012712625567,-0.27598214310674973,-0.08252641728807286,0.11659727302586786,0.7550433865385053,-0.5528633313267264,-2.2818107740285285,-0.8184586362680459,1.4271502479634401,0.20490085797712446,0
-2.2734123567387066,0.5668998185387946,-0.31599664488331153,3.4391649285075374,-0.4639180403218601,-0.35167351707766714,-0.09697051766864213,1.248074210996279,-0.9901388917442313,1.227911042635783,1.6261009032888554,-1.3712828902582723,2.01285863925254,0.5873921072248913,-1.7833769902802996,-1.2828267591618934,-1.6000683663056696,-3.4616976472606282,-0.7388575013091938,0.23722296403412438,2
0.4877645038554488,-0.8628092636081056,-0.08149386595949229,-0.2931526498642363,0.7820946110195612,1.3499435050261555,0.7383984490605373,1.8508513167520153,0.8462485085725001,0.18016531649659806,-0.33343287212173467,-1.4342155973569695,0.40035114279218365,2.1817747569274184,-0.6597792783875753,-2.5071120929089767,-3.0815466100824316,0.21725957985352665,0.07974966748849803,1.3597184561448057,0
-0.6384945191869478,0.8956391411630628,-0.771791009002435,-6.2541220022757456,-0.09920049916946326,6.541015372558612,0.06960207363820838,-1.9363787320384493,0.20121297085981218,0.46050140394325256,-1.168825981260666,0.5236445700358784,-1.870561215091802,2.104388124418157,0.45691255444518397,-2.018663517309939,-1.3024861734574147,3.3862667462389857,-0.03674030556591419,-0.34226026490642114,2
-4.32125010201282,0.015579013809551462,-1.096652445601016,-3.018326950908989,0.7630620157385543,5.386730806339872,0.12554527929976342,-5.0836926071861495,-0.1815589215952325,1.2570000866166016,2.067996599134538,-0.19658939694433109,-0.03906267343147185,-3.21067215569364,-0.02760361355959562,-1.391487075696202,1.577085846049589,-4.464979817626323,0.24543272422378476,1.121827491987481,0
-3.3722062870485194,0.6040476593785556,0.2147990149793038,-4.885522988885118,-0.37301165148314186,10.347580834560949,3.513676313065459,2.5071537108494475,0.3385937497892153,0.4324653125386726,2.3378228371601195,-1.4260393293170577,2.5245974879284887,2.5304632475792643,-2.1588311143826235,2.9701839351841723,-4.763885191004231,3.2966863889174363,-0.9751559462030559,0.7788107685278894,0
-2.3758216713352023,-2.65494744061676,0.9456606628205836,-0.48531568546541937,-0.12100720324288335,-0.24130874825342993,-0.1443119324167644,6.532495188304074,1.003636878369115,-1.3930513075270974,-1.1910630458851248,0.2948435631526776,-2.3503506819066047,0.7190611968706708,-1.3850062679904602,2.600621134871242,0.37637145665967187,9.189629841865264,0.24139996626790924,-0.3821578620523226,0
-0.6916399645652243,-1.518523795229399,-0.42026305469107744,-4.768035174586249,0.22246486234247298,7.257335627685759,-1.427374967075064,0.32995365073603145,0.5285450937889634,-1.3970932403779344,-1.1574222504347256,1.353650607880588,-0.9428829276742194,1.272327606620634,0.37681688368359834,-3.2881278715304134,-6.092449374183009,1.9594142591065948,-0.015510369813372431,1.165553450492999,1
-0.7947318726031097,-0.9344108510382787,1.97871068423802,0.363157326488178,-1.390182485391283,-1.9280327635815042,0.5103080062634342,0.1634827473210183,0.32151594622755614,0.3140540894524688,-3.21614228089965,0.8562393195989401,-0.5495528330202311,-1.5946413350836468,-1.5344733160498594,0.20401457635945164,-0.2598997615107904,3.7136323651312466,0.39609100485977183,0.7301060979994994,0
-3.25674606776231,1.184700008269008,-1.5854006369390417,-2.009991519673787,0.49764481186339266,8.964831469865196,0.8565701137640472,-0.5294570162434746,0.9592674586726858,0.043726263700837764,2.3632683481007457,-0.802819172916993,4.626045731116592,1.270143946125257,-1.8869107970247279,-2.160645901105637,-5.12483149465363,-6.350851978804207,0.7098259885272638,1.3769771255488261,1
-1.2269924296808516,0.5329773658984741,0.20014503304048192,-1.8539418412800508,-0.3716610336843118,2.481494110741797,0.1565915053864577,-0.9319049466791894,1.9749868235409183,1.2873343327481075,0.6889573596072519,0.7335184624712162,0.6379234042440084,-0.06753378247970421,1.9280040038876094,-1.7118891519539052,-0.4749345998828889,-1.1714201984519088,1.3219920032027368,0.9691829873622679,2
1.0415501033065302,-0.5541359462103228,0.09840166681486873,-0.8408663425215104,-0.746631839036923,-0.5612591418805133,0.48982495484649824,1.5359289559364782,0.0757886878538678,-1.3451197379639084,-0.9595727464955333,-0.8044767380716004,0.6175492762526561,-0.09930454491198515,0.14645607289229323,1.3796599690713585,1.5733288780826267,1.2779507882766963,-0.7635405870758643,-0.8186117520503523,1
3.7108925425620307,0.6480780112135067,1.8876865790080442,0.46761035877101587,-1.2260675264464345,-3.1385218554779373,1.0245044244477173,-0.6332713545652189,-1.7756722535017238,0.19863339917257972,0.44923140081475565,-0.04906552846734478,3.4398418655062337,-3.340295687060652,2.5060546553321377,-3.7269146020335278,0.5741894759318433,-8.036552722096179,1.4099046552689196,-0.14595227263352686,1
-3.418514550592686,0.5415324964554455,-0.5205491170534167,1.5556327760145852,-1.07085729555163,-7.390048632180199,-0.5248547799343276,0.9212655182478175,-1.8177453874985223,6.789478035584961,-3.0398820293626962,2.097543915047065,3.629070942903156,-7.26761589706768,2.5707162551139344,-1.117995621906339,3.342939130145248,2.4680046336888335,-0.7716545938719451,-0.23008476161135608,0
0.8989872543729704,2.2204806215211894,-0.2042404896651718,0.7810685846970093,0.7197765194776986,-0.826781684014245,-1.4832483178978748,1.0407295855465089,0.3497852675752838,-0.5503056497034011,-0.3022733936915354,1.4175622239040202,3.7104948192536313,-1.9461583640876232,2.5686951065187267,-2.567557949018748,-1.4839268245987465,-5.205965894458674,-0.17486163567668153,0.5221815959136071,1
-0.6790739124357151,-0.09761487889845397,-0.0477081566758965,-0.18599655363414458,-0.5826045205661375,-0.773295627255228,-1.144353208345442,1.792484073166483,0.06953632308696173,1.6859299127866367,-4.099307266161433,-0.410256035921087,2.367552680059538,4.384867773171725,2.266015677008168,0.30481199182439567,0.42068428350280107,5.044807837933576,-1.5155264613855894,1.413774727492927,0
1.4647302622392366,-1.0680638475628392,1.1908885364487696,2.2505841459686193,-1.3966249658369505,-1.937574167320086,-0.013662923339917733,0.6077571560426931,-0.6795143155756067,-0.8411935762316667,0.5585363651228924,0.1433897463604586,1.1722624628614424,-1.660720521689079,-0.3097661130015661,-1.0580979132511872,-1.9533847868225462,-3.5950363645061247,-0.3626619713560788,1.3406662306033916,1
-3.3689162295146455,-0.0777940894374174,1.2547448373376535,-2.2032159759560903,1.251528869213899,7.1694657489584515,-1.0054679922322418,-1.9718373977351606,2.229639433423198,-2.3240338638662443,1.01841875295495,0.6316352098206687,0.6634443372879434,-0.33067229242666274,1.276137161405653,-2.260408980571125,-2.8600194126646294,-4.435379039848841,-2.6001207001989832,0.4571755311570313,0
-2.815653197361497,1.8271567575793073,1.7853391366968123,0.28628480023761305,-0.8560010352744445,1.7679287377053627,2.0860051855221386,-0.8756045322177243,1.3374262538004262,0.21273286763392218,-1.2667829666511046,-0.5801452652155596,1.5553207174147272,0.04627353945389334,-0.826588742878076,-1.2786817193661575,-0.4717402369053142,-1.4460589485395388,0.34409443166432935,-0.35923655034770324,1
-1.5895721349344325,1.026825595587056,1.0293976181353213,0.7304781841448684,-0.47157470335653606,3.4560088763189984,-0.22544312741700015,0.2387231601155464,-0.34950687695877036,-1.6661131141112884,2.33709985464809,0.20709618034236218,1.549552638825337,-1.0892247345124757,-1.6833523607851988,0.6890965799884117,-2.918174531279278,-3.882026889744133,-0.26232359629912794,0.7223054837827397,1
-0.3686635632213716,1.752309969710899,-0.027952130248583073,-0.43669070721877346,-0.3786476669000349,2.454942971133129,1.1711304464147227,-0.8021627558971082,-0.30725048846738107,2.0156338859253413,2.288797657558808,0.2687447194320087,0.31268973455975146,0.7806044606787976,-2.4716278579777837,0.27262788131367377,-2.246441100898862,-0.6535043053396329,0.10156233219140404,-0.18461480150574489,2
4.3560973977918795,1.0283383769578813,-0.22905672214168965,0.19092693224644708,0.4253731067989882,-7.722766163429629,-1.3689405567031943,0.29347444861553496,0.31812686237369603,-0.09399560241619476,-5.835684901473397,-1.1585691575463308,-5.806928991681681,1.3487940006206527,-1.1734166755297335,-2.605220210734415,3.164742847877983,7.754474220464405,-1.1007221996634915,1.5123657973712692,2
-1.6948769184080112,-1.5701820997373575,0.2748134611974878,-2.433419454509436,-0.37357436365296853,5.920925256538946,1.6684781643340088,-1.435168742604886,0.30575330903406023,-1.9147865320860342,-3.8971569935286148,-0.7786899631250612,3.7506432439553494,2.8023007060311826,0.3780376910397213,-5.0243421158096115,-2.840271342801813,-4.200000719653578,1.5284198465730907,1.3494425056388255,0
-1.5811278126883899,1.0690222891970598,-0.1961002821171336,-2.5440686153583933,0.5977706503364763,4.927481319365264,0.36019813633321623,0.4864300964082031,-1.8197386399121749,0.8573435103673809,2.3869683588231934,1.4033611573730884,0.8232529873510623,0.005172977859763561,-0.7303436063898978,1.6372045180212589,-2.0844439288278096,0.8444917901529355,-0.7120374862077322,-0.007313180268049925,0
-0.23887955899283353,1.3151253352250993,1.7508410716500276,-0.7133242264436515,-1.233817801774028,0.05442135665258777,-0.3901281909734498,-1.4508462382907705,-0.051145631821634376,-0.9212308609786615,-2.0852050019699018,-0.4757959447086059,-2.1300634520208446,-1.7869364125046625,-1.152247124351504,1.1476526686901978,-1.1704853594785503,3.489182426685926,-1.0124939702036138,0.9546421221064131,0
4.58785018110858,-1.0201552225268866,-0.42958164559171663,-1.8515219614053342,-1.3580100590415056,-2.8544238429732167,-0.5783871217234395,1.6705502751156842,2.13508200893013,0.35626311644538144,0.9520572587144842,-0.5223083274730251,-2.6967217432873474,2.1381178016717763,-2.6624611508597598,0.5312913182977081,4.935177155423481,2.5853795163030044,-0.7154255205767448,-0.5375102708450441,2
1.7459122638415638,-1.905416468015876,0.3539507943769819,2.3338467641846687,-1.3132022290464695,-4.072615550329435,-2.5385693394314695,2.057106962224384,1.4634613465533428,0.2174612871650945,-0.690160861953963,0.47882391000781277,0.7359156533002587,0.02640726484486522,0.7723487121412759,-0.5564819069998035,0.018449137782120317,-0.056931687682052826,-0.0643726160140594,-0.5535253683535555,1
-0.4677494901065835,-0.4038989108644139,-0.3947782567536824,0.4081257615942302,-0.1129564652291107,2.846250017480882,-0.2616610860424581,-0.162149900736835,-0.04104779063976698,-2.152365680475885,0.9696038612867309,-0.32779200392716895,0.7946376394770277,-0.9317145994936606,-0.5913872234086575,-0.49342240182286734,-3.8292859607839245,-3.1896118925613557,0.8557352519761905,0.7353374532525071,1
-3.7712128479272296,-0.8248395207257326,-0.46982008950291654,0.6209434325722483,-0.1879293768007396,-1.970520513698116,-0.1299047314984712,4.152821601520164,-0.6803677664898552,2.203705226032653,-1.9871970807729316,0.06368945260736163,-2.2577863047169484,-0.0723385804897354,-3.0249017804882943,1.2192071767562807,0.6833044971947491,9.262783523415395,0.39204258191853336,0.19816848318225402,2
0.8140800951816566,1.5524475479283126,-1.929808912891066,0.6063872096347191,-0.08575294762046702,1.6594680687959253,-0.6538487364791594,-2.1440583161521185,2.1208409479491186,-3.0996424523957984,1.3723188723618331,0.666089741826487,2.052053982139151,-3.136914301556529,-0.9809950553199114,0.9893608022457201,-1.0405998489758241,-6.767968971591694,-1.6695269492947693,1.9115950120043594,1
-0.3634768272363904,-0.8873013670361983,-1.0001675514487454,-4.030645731694804,0.4142344193015289,5.219112319882415,0.6247953894695016,1.1542537518793496,1.1356412676748064,1.3829313317198118,3.2739514762255117,-1.1964282051012067,1.0125386639991771,1.2829944644980087,-0.3125917772953979,-0.31803026361726605,-0.14917995752828017,-0.7122348392066691,0.03082420442756455,1.8042551370778928,2
-3.226643397865639,0.11877840680279592,-0.610248829249581,-1.337187397745494,-0.024023127365470052,3.745005234830706,0.6850693709324386,0.5315797734926817,0.6576356647244124,-3.2014506012647317,-1.8343073930818523,1.3898682046779944,-1.45543750369876,2.5585203247474437,-0.3700043732786067,0.5096599865254647,1.3868807086699992,2.4750474225637236,0.8096224271269085,-2.032973548237199,1
-0.36982135732615284,-0.55860552883825,-0.8126470558890512,-2.782913339364401,2.1171815399897724,5.283500316353701,0.658548553730445,-1.5496463947589816,1.1942945702200611,0.9811851936532794,1.1725606349106577,-0.955211809699693,1.9718591890323638,3.1782557753611074,-2.828819274511681,-1.7285666854012744,0.11085636488591,-3.393852957277313,-0.4190255848402959,-0.5009905968099438,2
-3.3451406939825117,0.2682657095322018,-0.14018119361085737,-1.4585780834477637,0.6494025158224628,4.166830818230162,0.5672564020580001,-3.8438282772650068,0.6644533843597537,-0.8571577479045538,2.0064098014781084,0.33052817290541564,-2.10190646854855,-1.1608919733651026,3.4363685872705227,0.38776584323093766,0.3693021055628978,-1.659885741515236,0.21428249173813113,1.3970105549865224,0
-1.611876525910195,0.19529665595685236,-0.49730722022471474,-2.52363253332821,0.9390519244075611,4.032052861055179,-0.8514515798502055,-0.3217362968205436,1.4094980979850957,-0.5811748060962114,-0.018322460805464513,-0.9549853534635654,3.990555265689757,-1.8404309254643838,0.28814260595717833,1.553192741548544,0.16877423743834807,-2.2704408944420185,-1.4769688615746857,-0.85287820987419,1
1.013036268571272,-0.18863466385217598,-0.18568449612864546,-2.493417882644528,-1.5670465728060061,7.272906508202368,1.6434762709769233,-4.473660811430138,-0.5115211683758064,-1.1423338396637188,2.308362189781726,0.7910754438725505,-0.26881114071216317,2.5696427539401303,-1.3306227260752856,-1.8738796861492624,-4.576163080578635,-5.181842161568666,-0.1991701900603925,0.16343732221414242,2
-1.6724088171284268,-0.6537544925778764,0.05304078427044711,-0.9943146933283702,-0.19749995086866415,3.5460267651178468,1.4729032456651778,-0.8730820755834643,-0.3307312207982786,0.856415390886907,0.9083203811499385,0.037198196936267684,-0.2647551891452202,-0.6560608569264565,-2.1568390486864737,-3.6785474129523696,-3.7607453425900665,-2.3313256118397607,0.3838235638312693,0.21988363049347096,0
3.2886184339992224,-0.08106186188457366,-0.14704806469804693,1.8001471437014984,0.26436192795818286,-3.1036149730704,1.6980131615034877,0.371481338521382,-0.1319367148937541,-0.373244416769587,0.24772725235384097,-1.0078551986814441,1.7974173083359992,-1.4187998553380217,6.58209029255448,-7.12746336625336,-3.1482002093569106,-7.83057290451616,-2.0657020978301204,-0.76224777776055,1
0.9912373275009929,0.2737919252862003,-0.9109180635470367,1.3460607594974818,0.9935510273126569,-7.881661302723864,-0.3498704033229377,1.9684605939353201,-0.64455293189099,3.030476577772184,-4.62953662362221,-1.8680628413076206,-4.270450141060104,0.055784929164870545,1.0590253439287176,4.032872973208525,1.6531520705822351,14.25699538586606,-0.536553754137027,-0.28720617978326923,2
3.044559391731225,1.2090877114727585,-0.12865248500536386,2.624654534770374,-0.3622729834926137,0.19994472272173097,-2.0679592873527577,-2.5515724492809784,-1.125019066580641,-6.031539299151375,1.8832291863004942,-0.18738931935650738,-1.6441985203917104,-2.321339933671757,1.758530733042953,-3.194985127710945,-3.980144780076403,-9.608481727517164,1.0952315559283752,-0.8560969966212014,1
3.3042557604125213,0.10543390613686206,-0.3125523090219542,0.8181973802888638,1.2796484346719947,-3.235132459043839,-0.33716055142808665,1.1059565626913421,-0.1317048459346119,-1.3183111382798522,0.697335791894124,0.9244908185733717,1.6935609682061448,-1.8768920272332552,1.3857930241940557,-1.6542154223414562,1.975080318400221,-5.1632533980487985,0.5852508255422673,-0.03823850767809254,1
-2.241307671561999,0.8484960689000609,-0.8773510038092717,0.5269442696231559,0.2419691680554044,0.5341297158266448,0.39750594509097736,0.4408619379261697,-1.4306525137212387,0.356942070568919,0.2901281049620741,0.22003100406939308,-2.140340451297285,-1.5406876592214656,-2.9252696282392394,1.3996247241007596,-1.6274117984549248,3.4852437068904956,-1.2359163752366034,0.5979135073989382,0
4.129880735596549,-0.3157568372191886,0.8726539356295474,1.6161609338805856,0.7205648517880489,-5.407434354470682,-1.2421965946218991,1.5963075541484246,0.040818566389435304,-0.06280123964903894,-2.69973121198074,0.5532974244013308,1.8678503395536674,-0.8939531890236845,0.5659935297495085,1.4473890452444131,-0.13997213534822783,1.6604700081829913,0.6014415936106075,-0.0017830102524277096,0
1.2799271368851777,-0.8051978857221099,-0.9398672200214812,1.115496009526901,-1.0532733006201687,0.6752695355634853,0.30889629326929696,-0.20439225996000676,0.38850632385943296,0.997246234794819,3.1929824148009116,0.40607158196005083,2.616166792956353,-1.7449871597995261,1.9820800133291758,-6.53869966221051,-4.200615305031354,-9.898402531739423,0.14435828822543298,-1.6174897792415734,1
-3.541365578496865,-0.956623632107696,-0.21570397772861039,-0.2393857542929423,1.950914171273827,3.133768635666252,-0.20709681153663623,-0.19501911880360556,1.3269940334879096,-3.058812579612773,-2.498520384519936,-1.8854421728240518,0.38717981406466107,0.2982749969685329,-2.484914311185951,-2.011377312429501,0.39843110114297886,-1.7070320621885808,-0.3556773472480454,-0.30593985378884925,1
-0.3086494412967371,0.33796181661337843,1.3301333079378432,1.1882851849637768,0.5099747407083967,1.7354649819875085,-1.4351455928700212,-2.0022518321260554,0.3835404689576883,1.4150306665083452,1.944428158210204,-2.4596671470716576,2.1618003509896027,0.10363166157781012,-1.0457912135327432,1.049301170215721,-2.7973199854024573,-3.2125344625229815,-0.06866985450094097,1.570295513321641,2
-1.1213061390584755,-0.42914949366660404,-1.5623231616000273,2.3800106151763694,0.27527852910081746,-0.2476369370794498,0.6236970675579746,4.020608152612599,-1.5791816761710757,-0.1779369270421437,1.185208132523356,2.0229420763065855,0.8184602041015648,1.5964864424588985,1.8483232952237363,-1.65788232981857,-3.187551668017226,-0.38686443904535955,-0.6383385688598876,-0.0960912191687334,1
-2.815876930131461,0.21733684768254632,-0.5238126045090208,-2.09611550889506,1.8871389599922743,1.0169182857187629,1.9484253341324134,0.16537153126000137,-0.17976763432824605,0.7348374245232109,-0.872238748446184,-0.028681658637313222,-2.7019674104996243,-1.4595217639408804,2.1555557307005833,-1.0205473519061683,0.5903141691393423,4.281975890437605,-1.6038669547973994,0.46280645918185465,0
-0.7550187241150781,1.2793526763660894,1.21972587292093,-3.330729856590971,-0.11565343298540094,8.53670550033124,-0.48700055589077146,-1.4082243401518613,0.3038877592858257,-2.8671142537603798,1.3753591375541827,-0.11710405608922823,5.84498952413506,0.7069531855050407,-0.29493932494039266,0.5167846821031987,-1.7691494970195487,-7.6875347866882064,-0.3993263833797075,0.33892938479967777,1
0.21108099889285237,1.0790857713471862,-1.1727683201250934,0.14889768277375615,1.3047743340434088,-1.8973205280648193,0.6440685429949569,3.0751453280945,2.4273733843796843,-1.0444625751829586,-1.3807726390171662,-1.5296924370016545,1.9140347638490791,-1.298585468809929,2.796224860969158,1.5677474828916451,0.963925928682333,1.7435247217013659,0.04694216544975854,0.9373459780957001,1
-0.9672632205888199,0.3710312159860168,0.36698575655102667,0.6921268934481954,0.02261002381455466,-2.5189921051847115,0.7790295379797135,0.7107684875227863,0.8950868360643341,4.7587899903159565,-1.8721682162480375,1.551122589466414,4.90141831284425,-2.647731525968913,1.2780098948598244,1.2089126986785939,-1.4285384992098484,1.9118513361203735,-1.1693454637658045,0.47448269625052647,0
-4.89676665125242,0.8099330151167708,-0.9539161419959209,-2.459689671558004,1.3718725864957029,4.213778705691288,0.29387621185014656,2.4736502982463615,-3.619537169968412,2.156968068579425,-0.1686118735244061,0.8463352179958841,1.191340063671902,-0.771136465323863,-1.2086804188533298,1.3665029976936423,-1.584438880275235,5.10706620242801,-1.1036692709671903,0.31978354055967184,0
-4.250188388213262,-0.6006433370426648,0.043855097699741864,-0.8485890031414292,0.8138928135389966,0.8500902585200133,-1.0414664449416313,2.6019890726172985,0.16427876433428473,-2.1567154847162926,-3.6650672734286647,0.3291710222650008,-5.60043537368325,-1.5065288748043284,0.5055318386519072,3.8781636064104674,-2.8290862713963336,13.398514646483173,-0.8866121875254491,-0.5951497782664485,0
0.7309790908376732,0.22087622608652624,-0.6139488594002418,1.269689959349933,-0.07079242518472023,-4.5117028759496405,-0.025441815478882114,2.0021454992981806,0.6901337767224391,1.3431748298012394,-2.5555768961227807,-1.2667207021315745,0.8766341623626652,-1.8534713779073244,-0.4737263350326725,0.7778482004938307,0.5220455100053305,3.497786544607189,0.7067084702023088,-0.36409991015970355,0
-2.8771328579219277,0.5438158475517247,0.8852383057401894,3.776252108857131,0.9376297471804805,-2.7042942948915805,-0.8078781666150006,4.002724233657453,-0.41372532258962474,1.8218536670943957,3.4663059999197743,1.2692806778651264,-2.4441962857907362,-0.5848300308703738,-2.349124326791921,-1.6236226029757475,-0.21186829968776322,0.5600704266712452,0.34699425912560994,-1.4424544578939948,2
1.1627909985510803,-1.1578824319165888,2.022486906000581,0.35662911951714915,0.7212680802565271,0.6149220549986221,-1.118352226000482,1.773223515545086,0.10980735285693292,-0.5728418312359311,-0.08967268712585452,-2.4621591233850464,0.0446732083867698,1.9960200567298656,1.1438693305290226,-1.2015991555880579,-3.523881361781955,0.6460901862586266,0.12580995348529364,-0.032628501909356664,0
0.12456763129054771,-0.67815904304702,0.5338200702519021,-3.726978124601388,1.3006633667656036,4.480827380799466,0.006266239915073867,-0.3168036397186358,-1.1132230564770607,-0.06425199805597359,0.22224787770197207,-0.9529710249382074,3.4212696210996345,-1.5894044646080938,2.226350623600901,1.5971653987745111,-2.1050640227627655,-0.6330279431609648,0.6771831431164261,1.1392942244733477,1
-0.5558095900759759,-0.034202591431231416,1.4094266295635078,-0.7562630143712606,1.0404926377298214,3.3561758993657427,0.873738818091332,-6.567046975148079,-0.06457787865275445,-1.0923008078112724,-2.775226648213499,-0.64539309458811,4.712128217332115,-1.3601929435138227,-0.965813394130254,1.7073177511248863,-0.44991246914652094,-5.539842737417537,-0.6949127775561155,-0.11898119144995098,1
-1.083997212346375,0.42251814434160273,-0.20992298972844026,0.1456539692831631,-0.9665753971147637,-0.22118513484220206,0.5107098709589695,0.6650085570217508,0.3780156477602202,2.565730543744835,0.9160031554996364,-0.48787760068237834,0.20538596227917583,0.6542506369497678,-2.5373629645845286,0.2670922912698408,0.9363789657047934,1.2730593739305578,-2.232289356078517,-1.1106135266653414,2
0.05650751563815992,-0.6341434452723188,-1.8903418022670535,0.818910995565992,-0.7863361038772816,-1.316027896994086,-0.35692685379485195,3.1540193965804155,-1.1378656746537843,0.786916739885366,-0.8812071288956789,-0.6889647558534987,3.808239516992796,-2.102736249184085,3.4358214040330637,-3.27228874764262,-3.2802943585449067,-2.4005003151877906,-0.28904787606115256,-0.3722185096467923,1
-2.9233351626917545,-0.19560276242776056,1.6964582202444303,0.039410969801660034,-1.1622916482008077,0.14836992913301345,0.7101300294384755,1.4147776788058466,-0.07604718898391674,1.5931022644961217,0.9462864144067863,0.041097351910449824,0.0873072363759616,-1.1304089560828952,-1.0301594039414246,-0.6133300742866876,1.5522668090428913,0.48568460875221037,0.32915655084322104,-0.9201563140982175,2
-1.3702762511298454,-0.46405062626332033,0.4506078354157196,0.7729258041217884,-0.5249963268482449,-0.7814913064928152,-0.016094437156061972,-0.6582172487727792,-2.208753389507562,-0.6578708958461199,-1.1260466156699913,0.24384367249350644,2.0661374227260123,-0.04252876205085365,1.5048188866379566,3.4081840385627995,3.432333794505878,0.14855053751240654,-0.47034770790953173,-1.6216014229044902,1
0.4110548431219532,0.407456296175835,-0.882059272039484,-0.8514438614884161,0.9852620705038592,3.9186929367800465,0.10164708294847297,-1.2364053925913805,0.3102185252548131,-1.6790656731550646,0.6470747408724609,-0.492276373398045,2.5621108131595256,1.9485979253265984,2.4410586487626285,3.2090204768472543,-2.1176045754008275,-1.368820515915953,-0.19252023107088947,-1.2216478602937484,1
-1.7095857985883753,1.1207586339390962,1.1439455703891357,-0.2888058161570981,-0.417809221584259,2.462803288177265,0.6849349394011915,-0.9516401473885875,-0.5925982839474283,-1.0325198428282056,-0.4958076734271487,-1.9175646190215117,2.8170045439958207,-0.3284792916374841,0.25287301345172963,1.2752559399192758,0.11965140691190967,-2.3126161925554207,-0.3796535890915712,-0.6887323175867517,1
-0.010228101585993521,1.7381467583261392,0.6992510888287639,-0.6623042562420007,0.6729799604696928,-3.6075690980007056,-0.2646116022346786,3.8021071291793307,0.284621047537073,3.1631723739163253,-2.283927281563344,-0.588684643504235,-2.1159318773124425,-0.07329589114360835,2.103921742098807,1.4071463519146,-0.8226597335678929,10.72871109513196,-0.10190237177542805,-0.6658509226836544,2
0.8710503081250276,-0.46857970955031664,-0.09495636950312068,-1.766819437895422,0.2317967095246296,1.3337417445274975,-0.5639164696142108,-1.633190995857205,-0.20648597646606412,1.0512600586610206,-0.8594497820684002,0.28682824500187637,1.2382954256486967,-0.6197320487664144,0.8468272311072997,0.6308015237429931,-1.6890676517472905,0.707814279569633,-2.0078985737640673,-0.19324244245896385,0
-2.6214965596553914,-0.14511856333613612,-0.038913744909976,0.735114690084822,0.9274297691916048,5.746506963879838,0.195140049758993,-4.50967786569613,-0.37832244799109405,-3.1481849588906243,-0.46679626704663313,-0.9907027589334488,4.520598092472752,0.9432286757814689,-1.6157246815665833,3.633167026204533,-1.0004006155062448,-6.0155038368135125,-0.06695933390142567,0.9787061296547942,1
0.034730163377985734,-0.13815962286397315,-0.1964474910457107,-2.396141668397941,0.16827298131919224,6.170481954667177,-0.6515465769762155,-3.1596319970846696,0.7798745284307934,-0.541389217856588,0.9693958715063004,-0.791786135965779,1.5455249345350444,2.837110385387695,-1.9891277928324151,-1.7869484374800237,-1.8309519234686193,-4.80016454271421,-0.6175077949031385,-0.3026030234289217,2
1.9427656376147429,0.28487101741084303,0.18341945902120274,3.2451501652746497,-1.398826660161565,-8.086352176939554,-0.5643615535611595,-0.12765319753929139,0.1829733603052616,2.2702511237956147,-2.4952346654119015,-1.2986433949888831,-2.0778531634924677,0.062324450575347856,-3.5562352019529238,0.5894555954389302,4.373391319830381,3.6425776634185034,1.7040464798219168,-0.25097144402999827,2
0.43747560263982876,0.3583866131281748,0.23111327104951215,-2.7123944991350193,-0.6706762364050985,2.0687169095871796,-1.3598560244719025,0.8423989929916065,-0.09033230551015822,2.6431318721278476,0.6294043749378779,-0.10620869171899912,-0.8712040453961407,3.684692748338526,1.0383427246208297,-0.004563948569398679,-0.3847880656930458,4.3791126861873755,-0.11806975592214562,-1.2447227969187662,2
1.26464012067362,1.0110630878929017,0.5913475819086403,-2.388873327495923,-0.1892662309368083,5.2202343558055695,-0.5154392914359576,-3.244246579568696,0.026603121253563643,-1.5987171804687907,2.6267037476166206,0.18026279390151156,2.334509395426454,-0.5900060325471372,-2.350369060665718,2.0402616965594564,-0.43268724760209176,-5.810372048203584,-0.08289999071715835,0.599211171146366,0
-2.1813544006300605,-0.22431846489054252,1.1868537905048748,-1.9225406562095873,0.0917583267555199,-0.30454582334050323,-0.21309040193366116,2.1297497853598433,-1.0941353992037057,2.0390927623011192,-2.8167226254941125,-1.4376025361115554,2.7844439399251737,-2.8075363770672572,-1.8511134164590635,-0.5507753234968042,1.457971204694402,2.6320148451342904,-0.8183524620850697,-0.6769702910612971,0
-0.39499814619650775,0.7703739290740633,1.6046906298810326,1.930773195081695,-0.38188864345932905,-2.7177292862797136,0.9956243422557726,3.067903364587428,0.072073392136454,-0.5507140758259113,-0.21065117964394742,-0.8893702662248517,-0.2013858055812907,0.6129625787434265,3.1805882928562195,2.2766617118208763,0.658154605839302,3.3609276534225563,-0.22522233836094227,-2.635838969513206,1
2.1051884824873426,1.3224211821038407,-0.01019412784890688,-4.973283845146644,-0.21919922077454188,9.411058318784457,0.831857703613595,-4.687471899616326,0.7217672558611554,-0.9163044736753243,2.7298465578297315,1.2158839492580868,-0.30795379738704964,4.403058318472356,0.17326000387853835,-5.0790469768560795,-4.450351736451715,-6.951637357184106,-0.6259807525302213,0.537995649068834,2
-1.728651189116894,1.1599624668414104,-1.4780690905925407,-4.076122132708084,0.2429439123508158,6.241225959968258,0.7880704016029603,-3.512571190452609,-0.34258961413729694,1.2447467584519094,2.3603505592466107,0.7139129656588621,4.463828316358814,-1.9313312707158543,-0.7426511072554609,2.6482955537594655,1.8160375056566052,-4.672800226889706,0.413481615879562,-2.1696480821845556,0
0.6170124455613966,0.4422573396945423,-0.8098259570138625,-5.997611523053104,-1.3205892995098218,7.258796006160736,0.4779993874469378,-3.568980487860607,-0.3375665886361984,1.578424621537411,-0.3093222819118677,0.07308213092744939,1.6405659506649284,2.648218625941279,-1.3694522663235575,-0.3370676067050816,-1.1568122002510552,-0.0738118953287367,-0.9221949631142771,2.244058511936747,2
0.07925568752881662,-0.18610951475596346,0.9240979409662279,-1.5207020437331087,1.502697866344197,1.5331674226324032,-0.451236745566911,0.5204953446196039,-0.14999045077976747,0.08440280748985263,-0.8210345935737842,1.4794614334697658,-0.6358621498433272,0.6149043017764256,2.536180204131366,0.3982511061467573,-2.732968411929132,3.5418116949635987,-0.23103693566139877,-1.2818521573795725,1
2.1820920742257535,-1.1668292849211088,-0.8770011627319106,0.1273421330500475,-0.2099739613735248,-1.3851796212229286,-0.9022498754642679,-0.43579857625782314,1.3279711693079097,-0.20581246524748775,2.146141877067469,0.07589463184009229,-0.17963173762488993,-1.5859503100978363,-2.1953224190350653,-0.8868007971937595,2.0865264891202857,-4.155987810265247,-0.14192592360688056,-0.9234649965579527,2
0.6823016621435327,-1.9889690677458423,0.5633730417648825,1.3317053114817705,-0.7197869743492218,-1.0215773117397622,-2.267724568135045,1.0872668287267702,1.9470448084720289,1.9952278528013494,3.6963480887819085,-1.0081774793848166,1.8477264545344063,0.12109583904286447,1.919043280219526,-2.2664607523492393,0.299715688410908,-5.33294294078075,0.03042368004247671,0.639959690661533,1
-0.91937751797154,-0.4434864390182549,-0.039904311589052395,0.1302757315570493,0.1596777618308206,-2.3328457383824666,0.7702665284831038,1.7919694215721556,-0.8043501578320993,2.3682096182736325,-0.9998641051980933,0.42256716467424005,-1.1812151298927307,-1.2960804168850002,0.7562544827511475,1.4254239228343912,-0.5874500935308458,6.23505414707727,1.3676605136511624,-1.0331362400785684,2
3.240200952535763,1.1827773704720832,-0.956998485340265,-0.4453130015314847,0.1928215503619328,0.3983019574694695,-1.8536912317696805,-5.315488402056698,0.3923182190045338,3.7252409998819744,-0.002035306105187762,-0.35138946791479164,5.5327497054008665,0.10806985023288673,2.6782434302005944,-1.2248127500596295,-2.423038922323511,-6.617114438067689,1.363556544275729,-2.1934751053849944,0
3.0826461113490162,0.7251601334034021,0.39376624230404117,0.3434494838291231,1.7324850076956253,-4.234718522656276,0.9683751663534794,0.557248941158542,-0.12610241655815774,0.7386020024042865,-1.2179111061450518,0.9154535210773648,-1.7624581255986689,0.819716145921509,-1.1808909464472754,-0.4772923786029497,2.4514234766058283,2.281791383088918,-1.8100431225280182,-0.6953774654837629,2
0.17140313619013825,-0.12714041478611238,-0.28967445509489786,-0.8338903288427723,1.2299774604644524,0.542398836852802,0.6843025841384672,0.17779518604779665,0.16203399361214757,0.3211202825041486,-0.12590772399413386,-1.1897906460157648,0.3275281887068028,2.1817824760868887,2.7827814963150797,1.351185338510122,1.0002181540112884,1.8306235744400576,1.1446542192482123,-1.069443986395557,1
-2.5460891144722524,-0.719033595962493,0.3007927103144743,-0.15007533451080857,-0.04473506041522046,-0.10280563297409177,-1.7196275186655354,-0.20536364855869904,-0.3275594233689797,1.0830610161278367,-2.742463318796738,-0.36076641319634223,1.1357981336092926,1.4852364727924836,2.5865503123594396,-1.125428600956637,1.619783720723643,1.6788181125176127,-0.2624810477468882,0.7933952017755574,0
-1.0679559154279517,0.30038093695788537,0.14342186871507598,0.7038067612759427,-1.2064103339541288,-1.280204904987344,-2.0205935003323385,0.17599829355908636,0.14219313514130974,-1.0975863458468686,-2.3816917381651215,-0.6498537937817882,-5.092065142365493,-0.12587187713060355,0.4757892681162741,3.2552218034556883,-2.301280863816569,9.41236906585825,-0.04782984619791361,-0.2940473139662285,2
3.4545571821263517,-1.0718783600727297,0.010704326716246944,-6.078215330689086,-0.039567825797951574,7.648566421236357,-1.1538036932359073,2.59106321926228,0.4587228452020665,-1.906526209633334,3.120018528902232,1.807419379422577,1.1806885695063682,2.8088312709991063,5.523594737724605,2.0073050283807863,-5.203297403489578,1.677429197574431,0.18290515945825367,1.0187999801530154,1
0.0015668178286338819,-1.2214704771233247,-1.4020184956478765,-2.415668646342713,-0.19360239600739912,3.64255932999646,-1.5792529774324968,1.1224162241697728,-0.40208842674785095,-2.1050812942326544,0.7847423605774947,0.3732569241351695,1.4406489005224885,-0.22664312266058262,-1.0061300688913337,-0.46790438909384546,0.1480805918487964,-2.5042825885093842,-1.2762176831011511,-0.41142246965604795,1
-3.7862800914733126,1.266843064300445,-0.4865312708925418,0.3546347763908273,1.033299000054421,0.8041464001811972,1.2744480525552093,3.1394027074683493,2.293677076382116,0.693436628316328,1.5354411408378557,-0.5060102892035697,-3.6813267186570098,-0.29368722502605227,-3.405963890182452,-3.435461050507612,-0.32867854102863303,2.0975364923356614,-0.989933276576141,-0.24865568356527437,2
1.4971647529360355,-0.7245647575411844,0.6958333799556499,-0.23330449956142885,-0.7594181829134177,-2.0958507962068866,-0.030015732047902168,2.7766709410197956,-0.6518995938750431,0.14898356336399177,0.3198963588953707,-2.3586788086803407,3.0399141907698026,-2.724786948283452,4.34774320617839,-3.144891153711339,0.03513333124256279,-3.9135961186560957,1.513794255131043,0.11907656822460898,1
-0.975838475661236,0.1914561361499349,-0.45815932859321384,-0.6430703863987774,1.2124767039620095,0.1809765901600397,1.418867589802212,-1.1937083282573169,-1.3042886623027445,2.142897667057701,-0.4437491324322965,-0.08356255319286285,-0.890016729230672,0.8008342879185604,0.650616081863101,-1.017318983236318,0.15157756544269918,1.7374074338358292,0.7351552319892513,1.094650815910273,0
-0.21010680818572203,0.15514701868247027,0.7042530950209204,-0.09478010037126283,0.30985994436768094,0.6037970836091016,-0.06276942449341091,-0.10266720067537971,-0.852086884120294,-0.06787625469115288,0.5415285891792319,2.192202440084336,-0.9920312308312582,0.4624124697365456,-1.4478641263219878,1.222396374238077,-0.04406919500665318,1.3309206965243643,0.3056502529768904,1.634608848829265,2
-4.587572143418621,-0.5046319891835901,0.8371330799185732,1.172492660073737,-0.12819824085215326,4.48238060344691,-0.05621681212847209,-2.336950378615209,-0.09362778596860905,-2.449930269065307,-2.4023168309415928,0.992107421151511,0.4561448484393553,1.0905766156975132,-2.5833096897853958,0.3044487906185208,-3.0529400464108445,-0.5422105330544186,0.17818927202181611,-0.6626740519345098,1
-5.567375652281472,-0.9150829928523506,-1.5137375821749355,3.0887771669674597,-1.9564074511792362,0.5787794156013215,0.5182752280363537,-1.4454849767519675,-0.5242889110312867,-1.2151690639069974,-1.6370031168764614,-2.6274248130323024,2.0057666849825444,-0.4215738917619982,-2.8087679905302756,1.5367073371175342,2.6968366920561997,-2.2968615254965328,-1.2095088408167478,0.1109447982453347,1
0.6489200722687849,0.3054462438603733,-0.5286099642377425,-0.7174698760092197,1.9022831403539713,-0.8934132142053398,1.4952144978685697,-1.2036008754191743,0.7698209031577865,2.1476761732919343,-3.9495856541242467,1.3630483212767515,3.4870528978318265,1.3460825437430894,-0.7560636394730433,-1.8987139520345266,0.7294956565698336,-0.27693654333211587,2.209387125902919,2.0606889337279184,0
-0.4615031636650586,0.33593539139645895,-0.7494624633831906,-0.7496125459810044,-1.2855844352134582,2.283708730029318,-0.23880188735057656,0.5439046724868889,-0.8786526806291152,0.45231827682073167,1.8104617857651575,-0.8498716714065278,0.05718031829970682,2.228405523532306,-2.7452563256310034,4.039148828492408,0.7873632223129257,2.4537874793785805,0.18654182120262447,0.4684153581887788,2
0.7501057269302127,0.296290348483435,0.5116663001659018,-4.372065139055307,1.0214949864074392,0.7303412069206724,-2.9421258106806167,2.0238906314082175,-0.7025136898233378,2.3233244065093457,-1.746135252509458,-0.7290157224810525,-2.0487181350485493,2.302652658971221,1.0402298658992666,0.8869814056247011,1.1304382104393778,9.068813949640472,-0.10909320827625384,0.5066873795191851,2
-1.0353067004208705,-0.1359479580576741,-1.0756904249224142,-2.4377527998408217,2.335277786576755,3.2830402936135044,-0.6805180722834149,0.8198986209871411,-0.9136686974462381,0.4546787223139268,2.024776405576482,-0.5707074527238175,-3.9945785355857595,1.5319294905873464,-0.5201503160350434,-3.492142485718908,-1.386078856043024,1.5633177495355086,0.7845448725745642,-1.299145941755694,2
3.2547582230467755,-0.36054902617202,1.63364099040358,-1.8930605321896303,1.0133771216457046,-0.8584474596279463,-1.069785702078506,-0.8857106744928154,0.658297225203948,-0.08533681750353939,-0.6300101589218416,0.7348312768652014,-0.8679683477362223,1.8401556246526307,5.906100640167084,5.524906596256044,0.7975578148569611,6.014523112812445,-2.2163489560259397,-2.0153048996367526,1
2.5875166628515016,2.3613010227878575,0.6162438096985431,-1.6464071028746519,-0.6115805703465956,0.03213413378012409,0.7271073735155452,-3.510144947259341,1.5075674538069848,0.323987665865741,-1.9900675419045912,-1.6858236362126073,2.0935448197772115,-0.2548152247695652,2.9578198520963186,1.0360669630546206,0.0009929429614405905,-0.9518482522609774,0.025567818794591177,-0.8873987088908116,1
2.4881665744591146,-0.28943619064809273,-0.7929475029860962,-0.8123288826829154,1.8030378628943522,1.843868223962217,0.5216746491717466,-3.167597486433251,-0.6155158499936345,-3.56210938969951,2.8344612546057206,0.056687477298438156,-3.640500255608681,1.3085156693134672,-2.796038028214987,1.9129841592392203,2.788669816635657,-3.018603553893587,0.008194834196739996,-1.4933177252684207,1
2.4595791592524066,-0.017535908683452835,0.7828068249924235,0.9438367037068638,0.9240110572571724,-1.3232297651818543,-1.1657706171669668,1.0505964610735905,1.8568436628491722,1.00335477753287,-1.53095228639544,2.4982001179741125,1.8049252645288043,2.103572393372774,-0.3827961965547493,0.2904601961567934,-3.075021605252539,1.563059007929023,-0.7213027504574568,-1.220847814062526,0
-0.3603723117833728,-0.06815663043443759,0.7671469014357418,-2.3777010106741594,0.6208417480333385,6.256891267332413,0.2386000732661008,-3.39793191084423,-1.0731591448312356,-1.234204876409414,2.7491219569759453,0.1598460497127946,-0.5378399863625278,-0.3207340796557865,-0.9100257715775488,-0.08926603764226271,-3.2277618376824595,-3.740672297666852,0.9996891539453561,0.2874796750148208,0
-0.2960586136799086,0.35418909321495473,1.0872813456209043,-0.6730399482461216,-0.3350396163618237,1.299475645618398,-0.3410022181445496,-2.6495133598061895,-1.9062206815931022,1.2680574792434123,-1.2075812934051446,-0.9145649199926179,2.3368593729568428,1.8344026615147715,1.184917650072859,-0.9282026292136079,0.7426707666994532,-2.2214283987912076,0.4640646677051737,-0.6670652825297668,1
-3.1547139865926623,-0.186647937741589,-0.09622822848319072,-0.6550902390697333,0.6641168537444525,1.6673841341017908,1.9049998404102473,-0.16144861151493783,-0.5582369335841517,5.517746284442708,1.733057179650241,1.6407522582727576,4.271704468323998,-3.142891578655145,0.04433559615089244,1.8353926689689986,-2.2936772478410843,0.488927868287526,-0.8452490036570655,0.6102360060046633,0
-4.12739843744964,0.08277953666162044,0.5048666322952801,-0.4428202640628328,0.17154505056332062,-3.035775652169576,1.2842937430602945,4.979688886719616,-0.46016996854292425,2.81399813219024,-3.5791765819236767,0.6552668888528668,-1.9354547475554829,-0.17335552160036216,0.10890894355145786,0.9799849094773292,2.426499641588485,11.560012102711985,-0.22824094771857162,0.9099641374112959,2
0.7933309591491253,-1.3633436074053245,0.3560225035862777,0.30241482794239083,0.9594099968570928,3.2141794300512823,-1.6818144538663589,-2.938230145406825,0.7252398504962689,0.40172063808467506,0.8590230600367897,-1.1234717190204166,3.9782510000023277,3.1351162029465205,0.4306613445643881,-2.4894141106059156,-1.9045143990171718,-7.644819494106589,1.4116720638553426,-0.6466556335942929,2
-2.359280859567873,0.8983342466106601,-0.10614639482332917,1.9636793268926338,0.894290528046484,1.157301343951732,-0.5985453168360358,-0.1952773290206944,1.5871324514543836,-0.38347211462523356,-1.2273317928002987,1.4015781389994453,1.9815136407926406,0.5453545838578806,0.01738823837409864,0.06175739609145747,-2.806780040680666,-0.8740468469973086,-0.4545289723907412,0.08002708834754667,2
-1.9763986426308566,0.15675738517963128,-0.4589573337942803,1.2510220312002862,0.6286310017788237,-0.99358119458783,-0.6386898406438029,2.014170927086881,0.4544055593214179,1.2471066435716784,2.161605320841703,0.7142993841007695,-2.511606308872788,-1.1553304442008447,-0.737151523379334,0.6674929266683385,-0.5191015609292143,2.8911622883432124,0.5722653729016526,0.8384680520915719,2
-0.47765289620635387,-1.3942997730017028,0.3255795308747585,0.2937735171303739,-1.6987693064583123,-0.5672807029303688,-0.045759969161904605,-2.7554977968632812,1.0445856045414657,-2.519094434114355,-3.6163130797915137,0.9784597999849344,-1.3981948485241031,1.5050230608693993,1.1641934159229428,3.1355854242797703,2.521988047557401,3.231525324453342,-1.124634439627607,-0.607147676627312,1
-0.8943325278133594,1.5559537240668089,1.2335506973690682,0.9399363060435504,0.2853040054883148,-0.4815352799459587,-0.6469530541180206,1.2096982028256251,-0.3251592339758745,2.0860769173045064,3.3940038636953496,-1.0425125371315882,-0.7829073313059518,-0.3805130475525209,0.3420624768518148,-1.0051039548364467,-0.16736855442648257,-1.0909397165076398,0.27683914813024113,-0.18023570501649122,2
-0.4126787454148123,1.0689605809846687,-1.000701436779549,-0.6588211978148815,1.0430704919703606,4.3147074215339805,0.4151477329298358,-1.4952431766537124,0.22652154024166818,1.5155635660741136,3.2274862545232335,0.8425924426888154,1.2225557580904445,0.9887783496556424,-1.7561179319597855,1.3875579593742309,-3.6180279989452657,-1.863147138597985,-0.8668585821680357,2.11268738714391,0
-1.4307136212463272,-0.6380730352667855,0.4441164261684147,-3.482313779436815,-0.5364541150229348,0.7888431119551911,-1.339267121988083,2.5961199852638415,0.8282663567889997,5.756954464827523,-0.8006508987105215,0.5757967128909325,-0.2313165761410082,1.6493616612656614,3.7091283385351437,0.8478291068623685,-1.4551623685853818,9.96620169249605,0.694999668887765,-0.8789920131961103,2
-0.03656724128396294,0.9167248643158379,0.6187727395848064,-2.734898963941356,0.6704054890594515,3.7407509471228284,0.376505680977427,0.34180202904463575,-1.1639678613911928,0.5660495883291916,0.07793623840297625,0.20932685149187039,2.6341003890779,-0.4772105900557537,-1.6558083377349693,1.484968952126963,-1.9880718548660585,0.5207829608010645,-0.6518236786645775,-1.8159319960198228,0
0.8771714497803627,0.8188640655851059,1.4150080642858613,3.240044442692298,-0.6238758718582349,-5.022115753512813,0.7511211907804813,-1.1948380412915727,-1.890260196687171,-1.5250524261724339,-1.4888411778793436,-0.23665190536331263,-2.8429181973002473,-3.0819758161996713,-2.755033155613148,2.71994074366046,0.9911353627771169,2.1762294580866564,0.7898260704176857,0.8333030533402974,2
-2.634993895577313,-1.221428498419076,-1.1350623455172877,-2.824631742188907,-0.5243575625907722,5.928691428482876,0.001467371442110529,-2.6689849346863332,-1.9377901561814954,-0.3972126366952957,0.6839719192024227,-0.530408740127566,2.704516770498613,-0.7197957213937871,0.25076638477338287,-1.515654247335437,-0.03438387310153268,-5.1343449326116195,-0.28900555354386737,-0.5605545697142021,0
3.632934601578466,-1.3496500299658434,-1.6099032013436871,3.113130259131361,1.2650142340716974,-3.44478712885688,-0.8996776822830035,-0.12692619823471296,-0.572689190427965,-3.9991617352465747,-0.2741001096159854,1.3587077988441587,-1.3595473240287954,0.024802678364987063,2.604990989049954,-2.3112758270369342,-1.2802690197478908,-4.532406833587564,0.5912147846166919,-0.672181636173488,1
0.8141203044237142,0.775881094081244,1.223610737986763,-3.522233278221226,2.950764746605784,2.4239839284157036,0.38999838747385573,0.4582991961020444,1.264508281227147,0.24180693183491941,-1.074134153134481,-2.4235828128312282,-0.3140906264451544,0.15565109851958314,2.643906621140818,-0.43983759957209867,-2.130223770999062,3.3544429299085516,0.0871360855498081,-0.8316922893199672,1
-2.265599506400263,-2.4809745673016015,0.5451694612222437,-0.40057189369236434,0.18016214656648327,0.22784077353338603,-1.974011955045982,2.4604213290027435,-0.6691427506673333,-1.6620989213750872,-2.0546937698562995,1.1805262912317216,-2.9591738559342087,-0.9765260135036848,-1.9530769054157313,1.7623767490405988,-0.7253828415914856,6.915831085809976,-1.132876867847411,0.021404045400808237,0
-1.1151671590622305,0.14388562665174215,1.9922734717416066,-1.1226247690208477,0.6931615178029368,2.40032467631762,0.39607752796858386,-1.6903891252597854,-1.212079295109567,-0.5503889108719021,-1.4480829296068172,0.6496059135003164,1.2842524518500207,0.8170376202814422,0.2831509946381675,-0.443870249337053,0.05507761867810834,-1.0708333066392932,-0.5841510598010923,0.4025194432442333,1
-1.3109636759742989,-0.4681725156008433,0.8820748152894805,-2.227560007938794,-0.22351105901568988,5.568016153088018,-1.1097208282932345,-2.826406853617968,-0.2365961040368478,-1.8604744244634088,1.4142705817186898,-0.2367610667849929,1.3774153176353987,1.849901874723069,1.4735364138523233,3.9152540526452713,1.257363447181104,-1.6185011849208963,1.0246398248307156,3.10338440576487,0
2.7808300192000344,1.1197004005736249,0.2912191217622159,-1.2978373771728662,0.7725418190513192,2.8174539551652966,0.7870334719498473,-3.661185087248632,-0.7858821230749682,-5.935703157946156,2.3055609538333783,1.7184534155694289,-2.2405479419891017,-1.339570507707604,0.6388755775505808,0.08590349291629251,1.0542523378438737,-6.965715403811421,0.20238122708930897,0.37526944904329784,1
-2.0307339812569185,-1.469240580740372,-1.4594948960263467,-2.5526416955357174,0.767439127001189,2.131840514141895,-1.322796752239192,2.6940848441200558,1.4986923173282682,-0.22870467159186236,-1.977475394426565,1.151985565847456,0.13701972798734563,0.5396989614439784,-1.3437570774557774,-0.4445407181226215,0.7201397727931904,4.042234804193511,0.9520877708182744,0.9721281319000936,0
-1.8701811157867942,-1.4817678489735828,1.4286425440145551,-2.726571503348329,-0.5606650203606613,5.901995679098518,0.7142839761013748,-1.3175284320868133,1.1454669865593403,1.4947461858291593,1.0616176333723533,0.4947854353300981,1.41066676919033,-0.04212526987600018,-1.7682524722978674,-2.1251097559290635,-4.043115838471039,-1.7977182080615333,0.45143876653347564,-1.056581435577234,0
0.8697619208477434,0.10861135804182094,0.7796750143719668,0.5343824983051757,0.12463934394784838,-0.8878021473708428,0.24088560019550218,-1.2972863813398274,-0.5535820109362976,0.6263397363892875,-1.5047523850589863,0.35972292514357795,-0.8928525514417609,1.8855126843738845,3.880097750367116,2.563960682796398,-2.0933014855069656,4.589242162504521,-1.1765479739412434,-1.0018987506741357,1
-1.325180477500812,-0.4681576748475779,1.4658451589835841,-1.1662447422327482,-0.3832646883357892,1.2987241718984917,0.3019073715335394,1.1426487180755043,-0.3256632213160001,-1.3840409465760612,-2.6075897211990986,-0.09624754594503522,-2.6713049646871605,0.536221588549121,1.5848566368866535,0.4628233219390929,-2.764113577827745,6.518858577787657,-1.9003008344173675,1.474971431581151,1
-1.4685066782300484,-0.9746863187175773,1.3177766977259247,-1.362511893313973,-0.17951678623153824,2.9490696461172217,1.3638251736003766,-0.18670500290226066,0.00625654097073757,0.6304445946876007,-0.7132550868315675,0.12306236652628441,-0.8204276382317206,1.300359485509289,-1.6849406463647538,-2.005580496580328,-2.4998559099816755,1.4771972256777641,2.0013179568661594,0.9967977661275882,2
2.0626871312350903,0.7984770104452468,-0.2826092674912256,1.2553738930048186,0.16260534505003804,-6.226715766788467,-0.5375840551879599,2.99094642734084,0.8245151560185962,1.8092910854727366,-1.9204879918017495,1.7590046180128887,-2.2797879999747908,0.5963648165020634,-2.4588075776433707,0.0726672868875391,2.944097108350748,5.834681063410522,0.5194888741480125,-1.8527095348652787,2
1.3573105324284538,0.5468017883385884,-0.13451512782328243,-2.116893306123295,0.6051153345389434,4.222201919336274,1.0721858374302682,-1.7527031371359008,0.3911072442408998,-2.5655674443375025,-2.0253075492368304,0.0792769154367707,-0.1239961906210727,2.3097218500530463,-4.05854289590331,0.06385746082648158,-2.588452171758811,0.1536152593114815,1.4346987329613874,-1.0531385098995758,0
3.0485650270830646,1.8338038593637813,-1.9748950310693996,1.9442872396178639,-0.5792779729461932,-6.993951567415775,2.1208329953340357,1.4707606073738744,-0.27348423330496235,0.14331926626805358,-1.0843243101544944,-1.6701781924162264,-2.8236805787722936,-0.4556337540476201,-4.850268326236675,0.9209736665978534,5.378602017715993,2.7712762483682662,-0.6876846207632886,-0.7577050013726064,2
-0.6067186799034782,0.444802998019575,-0.7637026591789572,-1.1303009499182253,0.9705474511521981,-0.8941115477962183,0.03268623443857666,0.5471162325035088,0.026507179375304425,3.154460666559136,-8.184405270472823,-2.499482528276352,6.247735028837883,4.763657565346616,2.0295724918712588,-2.6015098150786438,0.5066695790858424,3.4004551198103337,-1.5262789938349903,0.6585516020040107,0
1.1196569941188688,0.20078517039165847,0.1396621276864955,0.43589163910353124,0.05530418530522223,-2.896733642685072,0.6588491411272431,0.30249485383387087,0.627292013125093,0.5683986326238843,-1.6813661988093376,-0.42292834500272886,-1.894832764940132,0.5339413447614888,-1.9713603371372086,-0.34416452805284714,1.5876167959143865,2.9726087404448336,-1.6759559708658476,0.7665447517711645,2
0.9524117189024411,-1.3315816613576672,1.2537740179980934,-1.3843517286266747,-0.5980633236488281,0.8003193492010893,-0.06115660284555901,-0.49038768027681523,-0.7499349137782523,0.8643252344928458,0.7195225477023166,-2.0222458092034,0.49117812417374984,1.36266388270911,-3.705516938984097,-0.16684757415180962,2.7316731552576714,-1.269235678097794,1.8652935992889785,-0.28976909672896906,2
1.7160605217118046,-0.5529049383707991,0.196991156116792,-4.153971509013175,-0.49759074464419595,1.4243655825168355,-1.0100864588595426,2.627906172946792,0.16118492225185851,1.9628729574303492,0.5011643984085021,-0.14006602627764192,1.2857074426428268,1.1340500988252764,-0.7451320015194588,0.7144056482266588,1.9232942731188163,3.097910833154001,-0.48640551982541314,1.2670446625292706,2
6.201525827380084,-0.03358497517999565,0.3317219466232881,-1.1108019427836804,0.6786076590701907,-3.8418044969801173,-1.5924872056449197,1.5602234064493283,-1.1280284070314834,-2.7724474876884857,-0.32019606899666675,-1.0814078479612759,-2.369143601157508,-0.749979464471987,-2.23250057612531,-2.763641281591618,3.053912683044445,-2.01351283600789,-0.11472151179391586,0.2780092848865,2
-2.053612483835977,1.1616069404668121,-1.5119852905682407,-3.161036267715998,-0.413817636054196,3.000427696647654,0.1697713998342717,-1.4488277068326993,0.8408189056757108,2.616005261873452,0.07014439652403426,0.49813622664012625,2.1981729467580235,-1.8500790629881583,-2.435966164039014,3.836964683801253,1.6105100856064438,2.578281674945436,1.0589280641174017,1.1718021704176789,2
-0.7381207468265467,0.06980279583672772,0.7842615695024255,-0.6819728062093797,0.13987822377301146,3.3149461587286373,1.3193687758229597,-2.7566783382951354,-1.4932429867505081,0.014040537727874947,0.5755118604029001,-0.3805397280510515,5.269383350980951,0.03546238452903039,-0.10667766039666682,0.8468315739668468,0.9079810144421876,-6.570012410227887,-0.044702815741785216,-0.1320396864822392,1
-0.18371396234354165,-0.5080293594424473,-0.37305934438201005,-1.043455647313519,-1.2487746306749965,2.2875375802473044,-1.0746775979831065,-1.10677842381493,0.6457378503779051,-0.21829113109735165,0.08687832396264161,0.48412792003922966,2.420564968995613,0.7070344182677821,-0.01244420540842417,0.7427821781323496,0.5041386568807396,-2.2955090559310922,0.8148741178747696,-1.7593494887836287,0
2.5017020046395317,1.0347608071046908,-1.5360816755659061,4.621340861551403,-1.5659710486073257,-3.868105753830915,1.2724006274490574,-0.9709074076509239,1.048406632234971,-2.784515628107762,0.3981527154506206,-0.4796414053936284,-1.5959053491486737,-1.749551220631449,-0.2816542561518385,-0.14173758340647535,-2.9473036908801236,-3.3840379744033005,1.1559719901158712,-0.6713238076569781,1
0.7414798594353524,0.0008573342459645112,1.2487012727080387,0.03986044151417889,0.1704963074522855,0.8991686479830573,0.9545795811061782,0.1367381853516242,0.3676972532248786,-1.4528064166945143,0.3228805410104455,2.8832112963376884,4.143563859758729,-2.8457068174768736,0.1329341662434652,-0.4242189098370238,-1.124671557070633,-5.831663079002152,0.8521995130955187,1.291885901864576,1
1.0488621983323825,0.0327476475294002,0.6053785558135218,0.4089840646846963,0.5302923590659436,-3.504875390396442,-1.9286137303867605,-0.05652975983694897,0.3655715546381378,1.456975907991677,-2.2905168824889435,1.889307222378654,-2.7808136866899416,1.5879507881820896,-1.5290125764165667,1.7005895399902284,1.9902462757955173,6.550785615035032,-1.5476155133595542,-1.4661391332916416,2
1.0008669980934848,-0.47598352432522295,-1.1294999627831657,0.44401614515136756,-0.7466614364206963,0.409967038993041,0.5285128808059492,0.39312608245027414,-0.5135970504353424,-1.1901435682689034,0.5838582366863676,0.8997203730295341,2.1471049825797226,-1.3522066011152383,2.4036048246191264,-2.999665614818679,-2.325022302821773,-5.417841670608335,0.6799278365353183,0.005836832034040919,1
0.02608909956839711,-0.022333817718137108,-0.6542121157383459,-3.2443200379225723,0.4824182247247532,3.508594600473109,0.7023857243546086,-0.8359968109341814,-0.7642534049257304,-0.5154846285522239,-1.5528447540765344,-0.45440651239148844,2.7737326643331426,-0.9414861844464892,1.21493814392069,-0.8911435267013308,-1.2488516131136267,-1.3880571128601844,-0.8737640927475011,-0.9742095738891192,1
-2.1258781086366287,-0.1712125037821117,0.5481383805825634,-1.8196775990499516,0.11299243431797523,-1.442118761407913,1.0109421080529812,-0.014684977954947609,-1.843401651810293,1.8984424988638429,-2.1404185050742415,-0.2369591399441459,-0.5410162758202475,-3.483995855448759,0.40860833554345666,-2.0605568340172282,2.77772750391215,2.2133289394526683,0.09149142640100641,0.40719991580648,0
-4.780813114477921,0.9431422558888813,0.2567472610395303,0.3929693057957975,0.743133265424835,6.738725156028698,-0.9408488722060531,-0.2279729654144872,-0.9036343635923532,-4.96683313581571,0.38965492826699677,-0.6886588709738297,0.6933771380718752,2.770975042667661,-1.1590383213234592,5.524078530603061,-0.6006097594017612,0.5104368232183526,-0.45088711147920785,-0.7080770729458538,1
2.2826765664480138,-1.6721855090761322,-1.0503171343221405,-1.1359503119075078,-1.0972922697226934,2.1068735128209397,0.06862819993275557,-2.1405524067713984,1.0621913076271912,0.6456925765980763,2.7389631013363522,0.5893372847338489,0.8522658657954183,-0.8484426491035726,-0.5497937145302643,2.1133332864700063,-2.363015385154694,-2.1452620890639755,-0.8059868968101835,0.3427490054354261,0
-1.7837468202347835,0.160131152760603,-0.006291795050064441,3.2871810149536635,-1.367005278394882,-3.117140708343589,-0.10898123136589323,0.9545848347500654,0.7030552015900584,3.2745130241225104,-2.1482597902827973,-0.5059640909787979,3.8572909730611293,-0.21846833988942027,-0.41048925355166677,2.5198865879706935,-1.3413035152421615,2.5754160214975066,-0.7585286987145928,1.1832613194239208,2
2.359145197725113,-0.6736325764305153,-0.6555425358109414,3.048162644471275,0.49910644197992277,-7.129574224077991,0.7934524888344344,0.6358665244399533,-0.3577869084808121,0.03433592543726938,-2.9165217909185355,0.7142374677317087,-3.514499399924047,0.3487899380209859,-1.9491699934156372,3.2239841156694347,2.0695885850755062,7.067255617123744,-0.9180082651146999,-0.22777127624396384,2
-0.11429635589599041,-1.718203895546123,-0.3836219320035151,2.2092897663040296,0.25800099766949486,0.5119325806548751,-1.253003319348715,-1.4160846773830476,0.8182179165456491,3.5663834714695595,2.173149015847933,0.40021839083867333,5.964045127469017,1.1376299436731374,-4.039838112801663,0.3780086777093232,-0.35451239627856324,-6.684304893726456,-0.4719921726233347,0.23460484106257998,2
-0.04708342660983578,0.013988115887712862,1.2854023401596286,-0.9782815645313122,1.0980235492601698,3.3201904712220562,-0.7389766845937729,1.1908571003427393,-0.7452172837276045,-1.4594536755596637,1.6276489189235432,0.14510379388362948,0.973655740869721,3.4193788302937165,2.581244050892505,2.5081777639942766,-0.3290995746462053,0.39139123243089474,2.121315929734298,-1.3719413505485563,1
0.8336286043330603,1.025014696114955,-0.7924151516998811,-1.3167257885603776,-0.8508863000277902,0.12656234740729366,-0.47697938932273776,1.638261376489135,-0.6165369271282555,0.3272444436231746,-0.9911050152309717,-1.6318705831329816,-1.6719841978763341,2.3450399290212074,-0.4629424141985944,1.2995093408078104,-0.21081705815704566,5.602814685828892,0.705099736904737,0.8292921113418817,2
1.9464382925602852,0.7181007888740206,-0.11398018998202876,-0.5871692354671876,-0.01119917145977023,-0.3211983737212392,-0.1671111278986771,0.007966928220999758,0.7021929116496299,0.3296767165982577,1.9418585992222757,-0.38867839345363986,3.199557936961084,-3.332084339189227,3.7381171068833545,-4.715894704096602,-0.9830346141486548,-8.380615220530943,-0.33555589315130274,-1.237699814640416,1
-0.15646422075873734,1.575681897225293,0.9561290412932573,-2.3514611464644473,-1.0208817019915095,3.585482784957861,0.9467695460069344,-2.202807745157633,-2.3307727820257185,1.0455498558517244,0.2468805178903638,0.9020762444317644,1.2758269063148406,1.0380985795754611,1.130680597461947,-0.8976025915460695,-1.3469070415057403,-1.4329524394285074,0.7022043139226125,0.7871490498965369,2
0.3633866010697824,-0.7017324838175452,1.057763695670583,-4.217730004548312,-1.4727608328976456,6.697757423460187,-1.0938758852802368,-5.08244183814594,-0.47952703998332624,0.9804481087943505,-2.353320848110779,-0.39448600958242896,4.575208498225075,2.153363988094819,-0.3425497645563431,1.9516516074292558,-2.6297530772902986,-0.9150319309754871,-0.25727489014295285,-0.5836394264251722,2
-2.6316801307851385,-1.211361133949532,-0.9981006602355318,-3.898795259433229,-0.026414999087045726,6.578946117138023,0.7540542848457129,-0.21297508515433572,0.723022903730172,0.43987700953474607,2.271939391850096,-0.17946835767597058,0.6568320170694821,-1.4886084463635747,1.0161370707355273,3.861912207094969,-2.6944803687394914,2.8628545697397456,0.9999443433110298,-1.6181191703935376,2
0.8286457692069027,1.6550683418264938,-0.986707685714242,0.8629647955931399,0.6457349470842716,-0.6906292768347437,0.10567472528083996,-1.1993745009313255,-0.005622584426260658,-1.3767981859782736,-2.9668519054267275,-0.686344286648976,-1.2305515400007527,-0.5922562695168376,-0.5500947289069875,3.3249255737708623,-3.7195820789452476,5.023852685081315,-0.5048153650986971,0.07152204427778032,0
1.1725309786623406,0.09154564404472815,0.8023674328958811,-1.1387299210835946,1.6301257460098268,2.20047220982481,-0.49737414965028837,2.1215902857450892,0.8133710226294238,0.7949892667267329,-0.06694352711422269,-0.5455526027368869,0.20022347363576642,2.435426642743222,-0.9681502218260738,-2.486922743332415,-4.854094294050867,1.4283143810459975,0.7452522288182044,-0.35459063250298134,0
0.09652136250527477,0.12125475009869426,-0.9750607254204126,-1.4422567694932182,0.27726029436616295,2.9006525257789257,1.6166411789888955,-0.16484477514152007,-2.6906063880179767,-0.3703457593697632,-1.2546306310051476,0.9880493146133418,1.2957017277611227,0.44983108741237543,-1.2111365518808441,2.8087055779965038,-3.381416650792888,3.0205504356638513,0.5284618918237096,-0.22448215446342795,0
1.0860551004155046,-1.1800090873473532,-0.5175334889131944,-1.2101327854387904,1.402581417043068,2.491395287744993,-0.5218957376082406,-1.0787720507256204,1.0866608278509824,-2.1646502984022433,2.841457155285496,0.8805628943076674,-1.2342873476831078,-1.7369541177858285,-1.430767084726228,1.0769921392815465,-0.5720257363652677,-2.8075584827825857,0.34147673904707876,0.5804197564673585,2
-3.1526028791513374,0.025665237997579016,1.1427752666675521,-2.616460532797558,-0.342621129847713,4.220237243014403,-0.5769892665921663,-2.380324419927126,1.2204711231867227,1.9680325969104184,-1.1674441827580775,0.844928641765585,2.628935009481483,-0.407514126951001,-0.04414063216305597,-3.014000592467826,-0.2749779020389965,-2.5512512489019343,0.13365550105624702,0.916240462969932,0
1.3115865874289647,0.3290285458274665,-0.2322354613235033,2.6984222801407434,-0.45077237329337355,-1.6939635928013204,-0.301421489244918,1.174941175805161,-0.4297193890991661,-1.2139496890315138,1.8198200370173345,0.06813255569934913,-0.9379842893122967,0.7203489360105253,3.6309105587019697,-3.1707864126734866,-2.5865854901955276,-3.7221081798769022,1.968244455161773,1.1783948015767771,1
4.0639278922926785,0.44092170941588715,-0.5336812998656861,0.22360003260975914,0.3466063404724999,-8.321773560156053,-1.3069854591359271,0.9412370676773465,-0.7125990819117928,3.3225322520212783,-5.394235668674322,-1.2980084860916576,-2.10478392342589,1.9569500698093325,0.04327748170522683,-1.8028218545517047,3.844097370857053,7.440374766888145,-2.558876230187336,-0.5611180472569117,2
-0.7767108117246954,1.1441584717919149,-0.26355555201653547,0.18353031076837523,-0.732706789097174,2.033310553727691,0.33281979894319524,-2.7309993221523605,-1.9086877127708235,-0.9459318378400503,2.0787185497168648,-0.1832411107353288,-3.638983885396243,0.6702278791518922,3.9362595232218873,3.0462708065025144,-2.267088220095531,2.4161642905162672,-1.5782903761504106,0.3059200710474129,0
-0.1846820036230119,-0.8298567681375087,-1.3200585659077924,0.425860142735224,-0.9525190612762426,3.429605838397232,0.01768327004313995,-1.2852624123041982,0.8378411043858961,0.10690610467965034,5.322077670144897,0.5049919649096261,-0.9543625492344359,0.37740419003160364,-2.1942400614777866,-2.5383713971414457,-2.280049041383939,-6.616248222231753,-0.49187971578071743,1.369936719868268,2
-1.4821289562519986,1.8164205713614432,-0.281538610157381,-1.5244046555383426,-0.7912495297675677,5.712877608850888,0.8498886462208913,-2.862151869369956,-1.422260182210169,-3.3296470589309584,-1.4820573196515945,0.4964009969786951,2.6560225576939303,1.1158339472457186,-0.8989307618547036,0.5698227454149835,-1.0427430146066836,-3.9815700823251388,1.1427586984161453,1.1104459441892987,1
2.199452098734454,-0.33069614544277387,-0.33322598736240233,2.7986551199615564,-1.1150848070752997,-3.991466602969632,0.055201753795182745,2.016297126961364,-0.5959074408130466,-0.1483338587663755,0.9177423759045124,-1.1656832736504297,0.19464990044788288,-1.0950421303007685,2.364046163942028,-3.140995684314851,-1.6663200432074325,-3.3004560673936294,-2.028273040578791,-0.6996416220674734,1
-2.058299017198398,1.2119540526648163,-0.493357969058513,0.369676024969126,0.09000028297732356,2.2874950811162575,-1.7063751662015183,-1.15093425242031,-0.9733038916927772,-1.9702297689462416,-1.4711743174062306,0.6908871287623843,-0.2048026628823878,0.7549429460919147,-0.8170825685890823,0.0571905548324565,-1.18874231696952,-0.17459336029286815,-0.7258343041374581,-0.3719472646945709,1
-1.340940943591959,0.02807653449454904,0.5931161204003247,0.1897895311670743,0.7602016326255314,-0.7788446715543847,-1.4743508560246943,-2.54419716374205,-0.3643201628489621,1.693982443082345,-0.7685329865157469,2.334246897312939,-0.6667871304567412,-2.440048002434196,-0.13728069145095534,0.4162648125208872,-0.15186410737719314,1.0553652853822804,-1.6850588974175522,1.0111190714443534,2
0.803943759419281,-0.8602686289293175,0.1817766247947565,1.5333856312380172,1.8243495331622963,-0.1655949123596178,1.3020030937586895,-0.15897055673429406,-1.1876068675257494,-0.995005689663878,2.13357362291167,0.9053650058030519,2.461701436288473,-1.7923952925583646,0.18977607265843532,-0.3046036858380534,-0.5162527480324091,-6.233274038084119,-0.8174050744048971,-1.138946872057132,1
2.7675454808511186,1.3730423293848015,-0.09450654226908063,-1.5963845551311207,0.32176355946390134,-1.3077312612972527,-0.17771586627014554,0.9487312593734591,-1.1970856815502995,1.002855602644787,-0.30479078824718375,0.1696168067176415,-1.0903242946859464,2.1547063736682928,-0.8130235638863539,1.6909262243169598,2.0206614601801123,4.0670003305460645,-1.0862916569979282,0.4552082481016471,2
-1.9064733031390995,0.917710524560253,-0.39837213707773766,-3.4511808393488166,-1.6178451497568869,9.979523286318015,0.6513841605059241,0.014717973740683288,1.882865749640369,-2.1746094273626455,1.9409380008879258,-0.37136212933189056,3.845906867448425,2.333443420567047,0.020040625842550175,-0.10882656057012707,-4.815058511601352,-4.243300177081396,-1.9267095965809427,-0.6388206348223144,1
0.7504756768957315,-0.7618042487351302,0.37698370092659567,-2.5445287022917755,-1.804407722497076,-0.08110261977883602,0.274003902442758,1.7600129362462913,0.729832112840642,1.9694424277085385,-1.090230137314781,-0.7252854787770965,0.5171261711656676,-1.1824002484555054,2.33149739879619,-0.6684719947663915,-1.4874283456813302,3.8222853365187985,-0.18590069517566735,-0.9011400512018701,2
1.7577200466099319,0.010678863235011486,-0.2680557684270527,0.38681203575492407,1.2192579890966468,2.3882651287185874,1.7255194045644981,-1.1604659531903172,0.725740075270287,-2.542345486886498,0.8057710738657451,-0.4878711748161698,-3.0351494275691975,0.9419174122580083,-1.6824203754429246,4.769819713415,-5.789649838513715,4.18653787565801,0.4226115733141262,-1.5489796616692089,0
-1.6428643092684714,1.0153815223840665,-1.1719209327168651,-1.6881491295479951,-0.5144780974176624,2.649568928251339,0.9894010636697103,-1.4184803362178346,0.9035713920356012,1.023806360480736,-1.6009256118969546,-0.7201020157788871,1.5815310418768094,0.23018755017376558,-0.22958203206505157,0.12287009241320579,-0.9237371905753458,0.9617628084350613,-2.0827162606895335,-0.7959547802024568,2
-3.883114155300308,0.11821787129875717,-0.42024592587123644,1.683248544619162,-1.5966598015238114,-0.4172708930414462,1.503861686107504,2.605500963046372,-2.492120701400832,-0.8946126190552578,-1.9709390807217306,0.03741531071346355,-0.38513733227454394,1.3130737341835568,0.6148494077780384,0.657658605912278,0.8180982817420976,3.7429698693912887,0.9167682707243727,-0.9247893506054676,1
0.9242885248281507,-0.08374738765171298,-1.0811393326732892,-1.3607677791411243,0.5387771269189496,-2.2706952107781944,-1.6721595136444953,2.2153560704058397,-0.6468759020702652,2.5214518926776863,-2.468268683740134,0.36096088772505125,-1.6558228932459857,2.41233649915631,0.2508573814016697,2.7229653472591355,0.9643194922421976,9.91804002861241,1.3892851290935988,-1.9608507978328928,2
-1.2343212941109747,-0.07964197820578524,0.8254141182487367,0.33473304946819904,1.9647410016492728,0.9604811550326788,0.2440657104931369,1.127540827814265,-0.08556184173385854,1.8173988376347046,0.6673400059204053,0.37740758388993767,0.3886170278087894,2.3201107080389063,-1.2113866362995702,-3.178298661522814,-0.8522211712994279,-1.0228272811637131,0.23016620357939316,0.528468304969544,2
-2.186807584516254,-0.017741834514377944,-0.22337033778687312,-0.7991858381130322,-0.01951543940406494,-1.5571442466016168,1.050281993397764,5.574899802885694,0.10789969826743621,-0.9424022568621757,-2.2268932750531047,-0.8902193420638422,-1.3501159444471695,-2.3763282042147313,-4.9522346798196315,1.3473815158149436,2.243620250977472,6.8841251015688885,-1.0715789405176976,-2.054754692432885,0
-1.492475329837771,-0.18201506898283903,0.05985632434587526,-0.22764557867071056,0.8964247219074125,1.8170294696068732,-0.6291561861216988,3.6830595494396343,-0.3052969757219085,1.27773591415353,2.515724379792929,-0.613184333208273,1.7814121861050776,-0.2460566945544791,2.6943439584254456,-3.6580370989619504,-3.091371144281208,-2.448894253817643,-0.5266296128965336,0.6513459774516481,1
-0.8338256536448985,-0.7075778910185139,1.1621910526525827,-0.5706387000495519,0.9012962112060259,1.345178302292453,0.23341546110730832,-0.8693961979602188,-0.6238365173627743,0.31840904713334284,-0.2372605685142899,-0.8378432960225561,-0.2521226399831804,2.029967725356955,3.971856686080405,2.987051235759849,-0.4489260857179165,3.5279872743785012,0.2686679251038352,-0.9430094039799051,0
2.232839319459952,-0.0008555995700376844,-0.9574868582445993,0.9602968948515567,0.7117343679998122,-2.3362254954261052,-1.3380529005349184,-2.086548941634314,1.7654092134731805,2.0371909713589593,-1.4724600505434289,0.9408692382732966,3.3605631623018453,-1.5077778604908283,1.7677886268193594,1.1260402179491467,-1.8941760089759438,-1.1700941332845476,0.8246072919220278,0.7965943027229403,0
-4.363063495838282,1.9937020681487547,-0.2419196587371638,-0.8128055094657183,-0.8113785008955597,0.7376714590769524,0.34301196021346014,-2.675994715204694,0.08835799115607225,3.6739155278412152,0.3297130498244387,0.9862333952756013,-1.2269536574644153,-3.203661971209418,-1.0085561937574292,-4.179938378550256,1.0823145999509922,-1.377866267360431,0.44451754373295177,0.7575291392086145,0
-1.6826048409399403,-0.1873083616080402,0.2819551981854992,-3.298196036572794,-1.4297306562360077,5.682478081492476,0.40884321181450367,-1.402138569688202,-0.49958264031183874,0.7996908786116055,-1.4842878162566202,1.0353964498047432,3.66177174898518,0.832397783862368,-2.007255083241339,-4.406881092781704,-1.8696895800917062,-4.168654740912901,-0.22787312899556308,-0.6697552997899471,0
-0.8444273859578206,1.1776479844929932,-0.942013330118567,-0.7937370567226658,-1.4551949957935235,2.78473681049515,1.8930361454035207,-0.8655865417979007,-1.7050087727384593,-0.2850033871034032,-0.47777208049257713,-0.5218554578971543,-0.5511212743440219,1.7978682960504995,-0.012566985851347967,-1.1383092888413067,-2.360245156604,0.43497244813672903,-0.17011807523122538,-0.45278495163698707,2
-2.235832934534381,-0.7975065804790082,1.4588832873162534,-4.2848966032057865,0.13289998652542262,4.237541508854139,0.7355521354802225,-1.1097109598702817,-1.248356477711689,1.3587117903824262,-1.9845132451188006,0.102208999741308,-0.22136469369255218,0.29904209111142943,-2.157550058651407,0.5784066420771745,0.3074581818479425,4.5330796095019465,0.10115429469956397,0.5881732469452824,2
0.10269708279393286,1.0802927581214419,-0.5470738565215975,-1.9011471249816294,-0.16722796934892703,2.717167502166809,0.5392101339846195,-3.8144298989094843,-0.33313433015792104,-1.3852807625626693,-3.6287243908120606,0.375255256743957,0.42702456891623475,0.054660719532096724,1.042255617327746,0.7194745349234706,-2.3886904105164386,1.2969539947058146,1.244731167430424,-0.3741446410079085,1
-0.20691133576386056,-0.9026286254062197,0.34535686073450617,-4.360992432289378,0.010004445747878203,4.235589902109676,-0.8783327991137353,-1.1765723122884861,1.927688056490815,0.21069652608643108,-1.069344687128352,-0.9305707077566631,-1.8680572597634293,2.098282551711536,2.239696840212082,0.381887881646382,-1.1842754202017352,4.870760678433729,0.30638280074245927,0.7813434393694474,2
-0.42109776030027135,-0.35283390585135754,0.01626859771827849,0.4874178398131237,0.5291151085637205,-1.5172699275308552,-0.02801762233399993,-0.12437028164179831,1.2070032387525482,2.2040714025423336,-1.8068652690715195,-0.16724790473917292,-1.3245240812723758,2.038409662932935,2.168287478605017,-0.6423220294143727,-1.1362386923505257,4.527645986417321,1.2108172591919983,1.6239434870162683,0
1.0108092191698965,0.386769903030794,-1.2448715514454882,-2.4469023157738157,0.07965422339253156,1.8433223438308028,-0.6896617174685151,-1.417419185460857,0.1332382865864439,-0.5793380191040635,-2.5513492941776814,0.07383257979777495,-1.5641435840931974,1.9585075748310685,2.114459551517469,-1.5229426539745794,-1.8695865390319997,2.9024796942975613,-0.8624217197354466,0.8646627678606656,1
-0.19378356981417033,1.7592166035624288,0.6533143142145408,0.021208426404198955,-0.1895736954826558,-0.8310629944922543,-0.5230404296165858,0.22728623493448885,-0.7419089996448037,2.085207891210275,-2.4197284056458974,-0.764749700205723,0.9891816155640104,1.6112148881572597,2.1332770151523395,-1.6830950016718402,-1.6707708110229973,2.39199649580378,-0.4522708391935566,-0.24363005571793026,0
-1.3431053614658137,-0.01295434828290414,-2.021536284703223,-1.3154444127648137,1.4755796296880372,2.639128383765543,0.7840896324124739,-0.9596670213974764,0.44817732718093745,0.7318143457987816,-0.03386108226142848,-0.7349673486767199,0.8825574991340461,0.5801417881700052,0.7763373729452823,-0.8569128994708918,-0.9396116204014653,-0.573627024400716,0.5873557717532321,-0.13255731964008563,2
-1.9658833899159593,0.1490311263440168,0.5197392453656917,0.28906112306323095,1.0331737607434923,-0.45375356358173613,1.522696973515837,-1.6092500899556235,-0.1864599430161923,0.8738475343034839,-2.2978381999748505,-0.70616220682207,0.3280923778688287,-0.28323048192775424,0.4711490838184137,1.1868146425493629,0.8625474187243629,2.320743972779284,-0.31871610879204393,-1.1910931621995946,1
-0.7013686538309174,1.375054491164709,0.9194424164250404,-1.7652762848302048,1.106092522853374,2.4319073537876164,1.4567894510905068,-1.0491094762430055,-1.2848012501226194,2.291565925538336,-1.3809455750130113,-0.7909538805384142,1.8435796436047756,1.1117162587252767,1.049037724917846,-2.2930333578450295,-2.6983410597612805,0.24338004205063873,-1.1376446042692772,0.32145878589092547,0
0.7769252482338056,-0.7662030903453688,-1.154616824354365,0.9263632233345649,-1.198926071463697,-1.9954090675790253,0.07759846984107813,0.6581017626837934,0.36984069075304565,0.7393697988595272,-2.1927162135254945,2.013698349534853,1.5462075764078187,-1.1211444051624782,-1.0351431643886235,1.6222785705844334,-1.7503505998477613,2.52061290377729,-1.148276834394577,0.3586747060511434,0
0.0245630509140502,-1.1422402519844435,-0.8145025922824178,-3.2820976789836775,-0.6418457827653071,4.103452969045307,0.9249578945057592,0.6792449270455443,-0.914047320840518,-1.6367438043674238,-0.8438524971832716,0.6576336910076903,0.7341267502232376,0.15568465242093532,-1.7100850067772648,-2.3348252052979075,-1.1600849089793615,-1.158980658719898,0.3816370677020346,0.9939720640754781,2
-0.9209683600364869,-0.6339879499669326,-1.2532080412418714,1.4516955916376975,1.772723101755885,0.29603966555880046,-0.24936783834808848,-0.5578547442691036,-1.1300003760924564,-0.21305412597142548,-0.7526524025326415,-1.5863350751318903,-1.5190037154843932,2.745499803884118,3.089186137054105,4.08408635075698,-2.555293037289773,5.630882745581041,0.878412979507654,0.08507113919863317,1
1.1300019041769302,2.54210634866988,-0.23213125280232189,-1.755652140111577,-0.7713972154433943,-0.7443527723312613,0.5833469497415206,3.0962163660042226,-0.32713704663827264,1.5189385075268311,-1.977291022426951,-1.9489636382185753,-1.1926037387294757,2.46383010087105,2.582087629288586,0.07653594377346162,-1.6607909784154686,7.621933756791657,-1.5097989084835268,0.38417588133766406,2
-2.576042554287529,1.5828800453236225,-0.5101250493637778,-0.24714315412505872,-1.1751619961278839,3.911974207219948,-0.9287565596886601,-4.56091589735666,-0.1381804933322729,-0.740512257354631,-1.6493429491492362,-0.12910270847372343,5.020096672595638,-1.1531981475443436,-2.0439342148220456,0.5053674923966808,0.23579902963361077,-6.3724960220849,0.375182312451085,0.434971472673564,1
-2.808358085633687,-1.7717299651156453,-1.1322791295448962,-1.552981500780193,-1.3462761232318594,5.394188704375645,-1.2271291369100206,-2.0628393950444455,0.40263995699200367,-1.2179708978248556,-2.731796411302889,-0.17255125751486772,0.4598612572787878,2.482968348058857,2.2717185665668396,-3.691248310110592,-4.241704409371659,-0.7341235618699989,0.3424135807683234,0.05985296137968417,0
-2.564347864224482,0.19698604998941163,1.2972303535117882,-5.073194144929264,-0.7922679859637135,5.624901615537291,-0.014381681509604524,1.5407909235214459,0.1659181710960416,-0.3383746178896134,-2.0292760491573585,-0.005936426468805091,0.8034860667238679,0.49919990038351214,-1.1906292382476118,-0.6024038468958348,-0.21569039380865918,3.723271623126531,-0.46609040423510983,-0.4854481339801763,0
-1.7005331555790208,0.10073524631751796,-0.2896871727535511,0.17301825771488244,0.18300995037398718,-3.0676267927373373,-0.665091948081787,2.4216142857894756,0.7317864863922184,2.792168082105009,-2.0803429842202563,-0.017171438588209225,1.2564146791051747,-2.446744456736391,1.0405449210837285,0.06438195792034318,0.8572124853126051,4.1933157084244135,0.6062097760176023,0.9387431750565721,0
-0.5982603276350036,0.7294187242115334,-1.1937262442757581,-1.258023783572404,0.024021027749844527,2.7438323474296062,0.33383761907736353,0.2384847986352967,0.5098251816073188,-1.2046401050657476,-2.275521172709164,-0.3988563971108943,-0.3397984334401112,-0.5740040432049351,-3.318717848128316,3.4083871493144238,-4.262354720454269,5.585984519867765,1.2337872769596048,-0.85034709797423,0
0.23277109336031587,-0.6330354005616816,2.361890703170213,-1.5653118255093843,0.0361827294430916,-1.7144777640774458,-1.2500886750939233,3.7715249637321313,-1.6121135315254396,2.7095408242796024,-2.2630161904733193,-0.9408220741920303,-0.04614705887590864,0.8610353979657569,1.3384888142857143,2.3966392481736234,-0.6877550134599058,9.50809800423987,1.056661949261027,0.7682485771525432,2
-4.360371446057149,-1.5473356864655803,-0.3371069725385019,1.770414905487224,0.3368430229165376,6.240983198873725,0.342399349995849,0.054642649325340686,1.0825103927622437,-3.4365304129668797,2.464002526798445,-0.9805463271163027,0.7372482658554654,5.7945469286196865,0.12901340674726225,6.374234753313789,-0.48647964804786725,0.4256998779620489,0.8327488885850196,-0.9190197910689418,1
-0.7615015420664681,-0.9621350557828677,-0.6916948232763047,-0.2792227764167554,-0.26979318020727744,3.976337122003863,-0.1888923762694141,-2.9707481816345953,-0.0049014769304754294,1.6223184874939114,2.2547975102602624,-0.6979916205382681,4.7992149811483475,-0.4273629484000525,-2.3790276622547992,1.5638019055039925,-1.6644201970688979,-5.90436828798396,1.8492046824691233,-0.6894983102069558,2
-1.6055767112949044,-1.4952545180032015,-1.0037189970106466,2.4239605924522407,-0.665768455807889,-0.35515443773245875,-0.16372795281767089,1.1533477870427271,-0.813454723728982,2.99517288579065,4.471796352861014,-1.0713387501580618,2.449792018428566,-0.11572242191547888,-4.316338706183805,-1.2222272650207486,1.5100416762212827,-5.903626889757262,-1.2378334701453404,0.4598822437138199,2
1.5838769203527512,0.01930752922613046,0.08312581787924939,-0.5610209335147553,-0.007402396000651359,-5.235898711518631,-0.6324513939508659,1.2890449630324077,-1.3059999057352296,5.524978329783616,-1.4831170544891623,0.5050626662835506,-1.9091657048278967,0.5457037843267043,3.930610423049661,1.9579835879482714,0.687358237097629,9.9363403293103,-1.1811304632386497,1.3009112374165572,2
-2.115619366922603,-1.519634186517625,0.029211015710739783,0.4103186308692597,0.3344932083453429,3.2498671840528535,0.4375876145863273,-0.007117832244250333,1.76232165216181,0.28444734115080916,4.755217033530782,0.9169294538718386,-0.5638738349327777,-0.44993825655938213,-2.9824828936256162,-4.408223153171571,-0.7921032089350406,-7.200051141268036,-0.3586388907881295,-1.2486863901571623,2
0.5292102703299955,-0.005267776652484927,-0.6064017622469376,2.4502440234834104,-2.363179061041231,-1.2917036161921236,0.9370267314088443,1.2379829468100287,-0.26420463033316927,-0.3602410105941527,2.537702687203761,0.9613664880499276,0.4041765611134708,-1.1508372078724698,2.4142461820311123,-1.8145944867782702,-2.4060059545089554,-4.09567545394067,0.4056644571998912,0.3964669716288463,1
-3.2120945738288134,1.5480743985441079,0.33984738896533107,-1.4595361366250073,-1.0629427301831689,1.1083654679459083,1.3270797513934045,-1.3398784669869912,-2.680611134073835,2.3275670183809396,-1.5158134354579933,-0.37391414605521067,-0.025356951325722354,1.307123365612758,3.019186208616535,0.8342862548025409,2.195927575997073,3.867694540107833,-0.06802289070487834,0.527289918837327,0
-0.7084620259923649,-0.15936209930464576,0.5780705978080088,-0.5497200564656082,-1.6400976219083032,2.3104891982653837,0.4645627276650941,-1.1834508080509667,0.9883231156063628,0.691502871948307,3.5321296874500674,2.5903744751954325,-0.7711391081963315,-1.0038303093630434,-0.5390563641164856,-0.05246192491268209,-0.7883954830125037,-2.5589841052914903,-0.6370871999386887,-2.143995262641302,2
2.152505212011542,-1.344319297606588,-1.1986001519629408,2.8213862221323964,-0.17494736099589125,-4.851916946774155,-0.4180326946851387,-1.1096841104727142,-0.8724171526193806,0.2560974082279973,-3.0785983989205414,0.6966881579538906,-1.4692672430700697,1.27240561386038,0.0521088597834074,2.2921560324313344,-0.4592645359271694,4.447954755176401,-0.2532212766165934,1.9329566907526607,2
-0.4385334525117639,1.027286169739685,-1.1918156909863078,-4.503230227149404,-0.8377590998621844,7.513280768417313,-2.9306252724774917,-2.388348630295265,1.275280993218131,1.4389272389057102,1.1964680739556557,1.3160559602096273,3.6245630176724086,0.5519784785515482,-1.3579099320061643,0.533627561973222,-3.1351602666424996,-2.2692684621706958,-0.29005178328421694,-0.7585177963827971,0
1.160913129022509,-0.8887103506067264,-0.015365447646741267,-2.0157984096528443,-0.36567533472660846,3.175101895713126,1.259316579895051,-3.7872387182555403,0.05327871056486983,2.467046779828446,2.14006746150651,2.103761476945794,1.178041097414134,-0.5927791334708286,-0.37250146956295715,3.841750212066458,-2.5914099645019864,0.3182239832052256,0.9027438555188002,-1.4559149194658056,0
0.19310660118319045,1.8993837609679463,-0.852379241858792,1.337428593500853,0.8496840249283797,0.3890919489424244,1.337422041572723,1.9379871647433795,-0.25470594087176274,-3.110187907760187,0.782764697929436,1.0525504945983397,-0.08526272271779578,-2.1892627336567743,-0.05605140929760566,-0.11712400628540176,-3.2758521428998337,-1.864741438183866,0.04999442712030695,-0.11256052914617856,1
0.9585624845034928,0.24427662897052735,-1.0184630299249242,-2.9315711256330013,-1.094436049068404,7.7843458876970955,0.5662096991492005,-5.557263704845003,0.2528832771300831,-0.21845315763964335,0.6467982896100226,1.4046883313272998,3.4432824185133413,2.9385806616332344,-0.050078480077691334,-2.109249571359517,-4.358881283981162,-7.150641179125428,3.1488966450468734,-0.24144306041634547,2
0.22402712540785275,-0.9203904278356327,0.4497284755061113,0.9274870648706468,-1.2391280239022682,-2.7861698213845556,-0.836851563487394,1.5180438865151549,0.9639448490796676,4.6158382573126815,0.2999101751908204,-0.19823793965256276,4.847825061464551,-2.528346306796836,2.4202369492243334,1.8092887234072907,-1.3531228446990617,0.695062595974496,0.16695961439579357,0.9570368301362232,0
-1.492234842371648,-0.3219769900741795,0.9817898365690693,1.6679747840469137,-0.342004268275726,0.656638172352297,-0.2594680999879023,-5.925625343859805,-1.4988247789067888,-1.7413429315022018,-2.280727286617518,1.273340552051642,4.884673690128017,-1.9625692763930394,-0.9090192942154895,5.066399829483421,2.8217676212640233,-5.095111574678301,0.8009535693011547,2.9359748746381094,1
1.3957033445076417,-0.45019500330053314,0.4214471827301903,2.4857315529354906,-0.31967310745946675,-2.5707708357242898,-0.699935209266492,-2.1652004482197156,-0.23171496691141202,0.8549368271562665,-0.2921980358555708,0.7032417288224121,-0.8397488535106796,-1.38410072081321,2.06697517425394,3.1014849934240294,-3.8145594275580414,2.409492608657637,0.9529814950227902,-0.28160380343382274,0
1.151683645510528,-1.1203981119008073,-2.105580831204928,-2.9864027482101156,-1.5757242629982147,2.400956256708331,1.0250593926252292,2.2339965683180085,-0.09086768085739949,-1.259785388841384,-0.7533202007633676,0.1463059745402124,-1.3624645529070136,2.133538426099326,3.5270182349619423,0.059701135857518906,-2.182991904647957,4.629102113795016,0.9523204023308188,2.129155862409928,1
-0.43420828010709644,0.06942513408968863,1.3297307914204186,-2.472485559531838,0.9385307351878646,3.244470944378195,0.4452323628985012,0.5949090847827809,-0.3455671193606471,0.2677719231336133,-0.03599875995308022,0.6591204741688469,-3.041371033725702,3.8004721807567057,-1.024773980597942,-4.043879050953395,-1.1592814598310541,1.9711287809740494,-0.7997222554109635,1.2370779464988295,2
0.017431014304899906,0.7813915011823453,-1.0717180793482237,-1.452492723521668,0.8177972485357209,3.022001733595586,-1.246830520143283,-2.222968041344823,-1.7397453324806809,0.8278463268464832,-2.7019436641669263,-0.6573816578684561,2.1628282092312427,3.6871083522670793,-0.15744239133941795,-1.4456973550567935,-1.8920813399116239,-0.16587144365921327,-0.1236721460180847,-0.5627021657665037,2
-2.2262984125559004,0.4653439939578765,-1.13824594605993,-0.16999781166574213,-0.7181987605057618,-0.05783498945732194,0.8878988189337149,0.7744060992052482,-1.5829241627174528,-0.7419588337485441,-5.200387280535077,-1.2885917083775926,3.384564704065266,3.251731770974928,2.948250435764055,-3.002872126690961,2.929069836784246,-0.4494834020507224,-1.154355895048134,0.19413215200564363,0
-2.6075233680361976,-0.7977338737999218,0.5060641378930499,1.0683809591802342,-0.6489547856369821,4.3313831762306485,1.5328290976625387,-1.6419055830784104,1.502194217148193,-3.035934817018869,-0.5090339262760524,-0.3767004863722298,2.0746780191127328,2.9046946273017453,0.3867245944954456,3.9741230918346964,-1.1273155130829728,-1.0502784071934006,0.757725176405555,-0.886353477310738,1
-1.1201347487294226,1.1054124052149825,0.10307304192408763,-2.8050752336615465,-0.2680521625612906,2.9565753806339403,-1.006287753837945,-3.470485727902726,0.20158396064036266,3.030123635157925,0.45996986634699444,-0.22577327271580225,0.972936783353252,-1.923386044217445,-2.249456080334546,-2.9301560422556125,-0.27037073601979367,-2.936400241145506,0.9064245874010424,-0.994830991369274,0
0.40550238526026827,3.3009718943015276,-0.010901131003714686,1.5186054544324543,1.7855867024760725,-4.110803145113985,1.3818480357930825,1.380966439595975,0.47590083452498055,1.9951357915438401,-1.2704425185502004,0.231107168513459,-2.1140844917649435,2.585467306608005,-3.56333744821257,2.7953719655077647,3.5312246557898463,6.496400903109432,2.080692510430297,0.8473363253542434,2
4.148669239568429,-0.5414589086036469,-1.2799812736257956,1.3589062351290404,-0.22119221461923189,-4.005804279073369,1.593523998609482,-0.7755913875651881,0.6405066819570927,-0.5937466235812916,1.2665135645673038,0.45190619763333684,2.2697082277338243,-3.7124252438900935,1.1656558148397123,-2.570849645216616,1.3135271311460697,-8.13981101750455,0.42291916022725257,-0.9534243008225031,1
2.2091346051593677,-0.20958776620291633,0.2902750174592024,0.44882624456681497,0.3133631511417689,-5.45639948497041,0.2545325897876385,1.795581478808035,-1.0151475363744358,2.2847069488353666,-2.0816268825511592,1.3417202887201152,-2.8834691361814757,0.3415028316827605,1.367660155867732,2.1457194773143566,0.7679694811500453,8.808715361864799,0.07801307445558936,0.7308322351949248,2
3.377644137837035,1.183535444768603,-1.1796394343446839,1.960590409425404,-1.2707564549216974,-3.119773629140603,0.9644174581203495,2.2643508071953615,-0.14323554191355994,0.5783322745763093,0.9078236165138567,0.9157398191575445,1.9684977147226106,0.8758732989973386,1.240083769135857,2.659949922443394,-1.3028005537183118,0.6093790890371693,-0.10985363780509941,-0.17173600889506777,0
-1.6139903434051837,-1.1546521849035831,-1.0758659254889664,-0.8343414438276429,1.2565166360057005,1.7468819624543126,-1.6455770589327428,2.448985178836336,-0.0635742772052676,2.1233354775498956,1.3645748815127239,0.6601315794508399,2.1609038618393557,-0.4697032830958764,-1.3748287647534962,0.7447210302722997,-1.271084318400375,1.0940242495216743,0.023675056330267077,0.6844227200437256,0
-2.0014322465636996,-0.8740604823997152,1.1984651733852207,-1.1167104782091324,1.1210763684490113,1.5362402242591204,-0.5056883931084507,0.9755775677256856,0.4985108042011814,3.491359389002024,1.2431722606264444,1.7963707747586768,2.6297668758654256,-0.09023081371585173,0.9022886237572623,-0.9563393221566265,-0.24054670282963297,-0.4099260580901384,-0.5814317037171435,-0.9941057342308224,0
-1.1252144510201962,-0.5271602352964028,0.13882475714133868,-1.0416013794843995,0.19337521056786575,2.838385882581071,0.5789655930842613,-1.041268730400207,0.21668758147199288,0.25178108211913386,-1.9290990487172417,-0.7227128683857843,0.2013598878036187,1.6358555687359193,0.4708445402830794,0.25584719877893924,-3.450416782055182,2.8429498841318694,1.1132103250442176,-0.157513987790085,2
0.4113870302444216,-1.6837276933113343,1.0643735818970168,-1.9787510844400378,0.4517422157590722,1.4249231150875021,0.8211067539633902,2.5325772296077766,2.085327800717563,-0.520072289101601,0.43107372410699574,0.25325862226729384,-1.5736417862729,2.1090756334519165,3.75998465999271,2.2560429878462402,-0.8507104454904145,5.682878222920295,0.7309593663135436,-1.3503178098315267,1
-0.778071895967895,3.1132516778982913,0.07219952824971228,-0.5627292694490589,1.3324100584207152,2.540992518892407,-0.17836431054107404,-2.167758980463446,-1.248240583452878,1.0612684436513684,0.9264375963553588,-1.1635398405562185,2.0067773441422956,0.38036887035983313,-1.3040813771450606,-0.47694338459700925,-0.3872552994940297,-3.478675476756478,1.058695226424739,0.7050351073346284,2
-2.237591780438921,2.073014403003523,-0.052010780817045285,-1.6663020433599218,-0.7184232396848437,0.7716618934803311,-0.03995079760345853,-1.8301859361970276,-2.5942091573068455,5.789064868561433,-1.3431725093237974,1.269187258851191,0.8166235920390378,-0.42840055220011664,-1.6932018846777144,-2.2299447310157197,-1.203334828561526,2.7306713429376592,0.4331741859848042,-0.1889605036664311,0
1.2888726533168207,0.46726417503386314,-0.6939419888127902,0.1183446623338198,-0.4471502783061326,-0.8043681140965193,-0.30448081739030786,1.0085904117468167,2.7437091693368596,-0.3213231805259308,0.1429334676561631,2.4729999267680864,2.5143985380413376,-0.13999041157124226,1.6791340353910085,-0.4547855815306959,0.8031070254447608,-2.75511415581338,1.6352986013166044,-0.25213765264941096,1
-1.3640258329452646,-0.8068119536816358,0.7358637437619352,-0.04904179892881544,-0.25688522910376554,2.463149716527665,0.4892874738498093,0.8901276421637168,-1.4794533330897426,1.3814972545241226,3.7945866189841952,0.33996379075691296,-0.6829161865451574,0.8562650291236746,-2.8083212293577464,-2.8986588745246533,-0.9123526519500894,-3.2953898691986816,0.42306344112465016,-1.4322774857320153,2
-1.0885864446393834,1.2145474420049598,-0.5338772156735258,-2.896882387220984,-0.5924588757834237,4.469029707688113,0.7164073912990427,1.897305874873887,0.5708545641151014,-2.3194761667419312,-0.47948240366568085,2.289746384473335,-0.5922039206152412,0.6677224654283567,2.620173856834225,2.15508902233855,-2.8389307395526586,4.465911136835139,0.8559364587000746,0.3559512148443263,1
-4.073843488562751,-0.6483411841439948,0.6721675822523486,-3.7247741029575874,0.8275142147312098,6.064965143105821,0.22806686765319084,1.9320951792147485,-0.28507574290574894,2.7141558855791637,3.495217913135817,0.3317880317096099,0.8955955684333334,0.10429666056850606,-1.4151261309910628,-0.9594077435099182,-0.04215254810350422,0.3085468837372387,-0.17513175563934363,-0.21756368625587086,0
-1.7704837216259173,-0.6493180051164164,0.4531231087104852,-1.0056376801195146,-0.6458124527580007,4.602923818981671,-1.651683488490996,-0.6047684854494224,-0.521167367008148,-0.4598174039731706,0.797309584910985,-0.6802958350592943,-0.8137201268325751,-0.3999254999537607,-2.63779209736089,4.30279524868496,-4.97797799552659,4.186926054066206,0.1167548178384844,-0.5739354126827827,0
-0.593368704467842,0.7262398732709644,0.2010549873105696,0.7645946126271752,-0.34554274141749064,-1.6575577814722902,-0.971717179276927,1.2263947667085109,-0.8952171441525554,-0.21764908669285044,-3.3628292173113548,0.8322695885742079,-0.9323211960534707,4.601545139267894,4.5716193714043705,-0.30332523028257175,0.9467719809626784,4.984757996465486,-0.9635914050207207,-1.072235953355306,0
-0.05918760185225436,-0.5321615134814498,-1.0667675546846611,-3.273787570686732,0.2361841552978902,1.440918268352624,0.6597224693877705,2.949864062014255,-2.0643909640288443,4.07871671396021,-0.5804111957830195,-0.4485906214500624,0.7364616599136089,4.377148400387444,0.2584404981660895,-0.8830614619514281,0.703769948098262,5.79356724758191,0.037676204708587735,-0.11782971759325418,2
0.5246683135167658,1.0109611858611562,0.7773564295851175,0.03984332377101607,-1.0969856920886976,4.168531139658592,0.3464642278810146,-1.997409929344368,-0.8461329085490981,1.603671266105303,4.768558872529992,0.2920904179848597,3.5660360499963635,2.9067991453358113,-4.077884926679143,-2.959917054085996,0.019436180564160743,-10.412863500720833,-0.7934614696311579,-0.847046819168613,2
-1.4829015378118604,0.6861419242417663,1.4835632416259588,-0.09891110998093045,-0.20975753075451017,3.3760124640002163,1.0651028687320374,-1.9145739541584357,0.6050978326295844,-1.6039899631932384,1.9686654698802566,-1.3761670164179343,-2.585358925569473,0.6167617395063076,3.3252849702677754,1.5085474381350514,-2.9768856356048587,0.6357062051665503,-1.4118082207413227,1.0329960790963895,0
-1.9969125886165928,-0.34197931931745823,-0.2751234003385167,-1.3459434150240441,0.4589421583025453,1.6955194834758136,-1.3140166635802102,0.483603037145089,0.20475825482335014,1.1623568202253058,-2.5097795932253906,-2.481512537985418,0.7659119952778314,1.8653680208505754,0.4504404826405841,-1.0768842308794992,-0.6690664788260623,3.125609018654244,1.111816825565053,0.1149853683772765,2
-1.2520316093387451,0.9149082035567687,0.47438303898169265,-1.0084462445852282,-1.970911088659686,0.09788591611691849,0.02737247869320873,1.5401156509113099,0.3216893700802989,1.9196052737403364,-0.5254103621444175,-0.3847560032107115,1.8119054139571165,-1.7385999160849113,-1.1112762610279983,0.5021591906739296,0.06439522443473278,1.8199472934437615,-1.138854967307,0.862356164470016,0
2.6241862484392495,0.759375499389452,1.3872502559667828,-0.18711795239881535,0.42250362649253753,-1.9566330187594965,-0.8509784292529539,-0.3700470775291156,0.5007483659768419,-1.4633262541515826,-0.20173487250889832,0.3475180359052687,3.2416854892915974,-4.227697639830245,1.7285545479617093,-0.7212848304750655,1.1867792562347326,-5.785749935404685,-0.7875514689632215,-0.2416779645132707,1
-1.4440648259650954,1.3674390431630605,0.030467406804004168,-1.3430152147864916,1.5807270423985165,1.5917924729174957,2.2181609054442255,1.5713785587970945,0.8640580536141788,2.5468327516329703,1.2525124870219821,0.6122418014477762,-0.10489245794831692,1.0962418884717144,-0.3120221928301642,2.4173870795428747,-0.49931767099517277,4.736854192440017,-0.14028650834818324,0.43373239402801883,2
-0.010351119697028621,0.38820061355195645,0.19754862805014903,-1.8083347469794875,0.20091093732841497,4.4913305108232855,-0.11838007505413023,-2.197710963398913,0.9819171632688918,-0.03761802281353521,3.207919777692867,0.06265449277865744,0.5612964708623701,-1.587218509753317,-2.742995517988819,-0.10341447889474276,-2.1208870160651756,-4.3696403154509404,-0.16255961747506978,1.4761900997298043,0
-0.7083290723926653,1.1692196043476297,0.7480869472432111,-2.190228221663145,-0.3091434841489421,2.4693300142882615,-0.8612728703928975,-0.30433910615469373,-1.7481878472406622,2.3023337276122926,0.7107119485531309,2.326189058863616,0.5108877152334306,1.9165069095405718,-2.4925052559360052,-0.5864681039744597,1.0818020748894077,0.6272862888277175,-0.18016619384139337,0.5427958505501123,2
3.3412634677138886,-0.9763393192547702,-0.38496652880844884,0.4682551312471752,1.4356447200992184,-6.354596839829705,0.7751445506114306,1.4884655661182764,0.8586029566244989,3.822876048528569,-0.6851192746398114,-0.9581008136621948,-2.9787597497195044,0.92155359359388,3.020510967276758,3.7647567975488854,1.1654991228726752,9.78750159108559,2.2057863526773978,0.808540758322193,2
-1.7084407413274616,0.4934823189718855,-0.0627278789796975,1.0938282275904583,0.9360986445775823,-1.449645326523911,2.6381026760084905,1.8718576592886218,0.2584706853722215,2.355322837177141,0.053976220352605075,-0.6842979794038673,-0.10408777845144512,0.17469083128436003,0.6981318211106307,-1.146034247337864,-0.5617305197506537,2.1257474487992547,-1.468665526659181,2.516646555793866,2
0.4206261841718413,-0.3997279824149245,0.0254406820750314,-2.321455802539677,-1.1624189639290536,6.190574747821901,-2.463886694684311,-4.170529274957213,-1.9038895341252002,0.6979280161474453,2.4589000779969887,1.6619297703472755,3.709368525045594,2.1111095950912397,-1.12594367227196,-1.943120084348032,-1.0465575902875648,-8.422536477586869,2.1201597078736754,0.8220484403720753,2
3.015884793749603,-0.06242813747513088,0.37788228228123144,-0.9886974379828454,-0.1972900891200689,-4.834036497305294,-0.5602026923402286,0.46597471468184326,-0.8804073025864007,2.512037295820382,-3.178492350644972,-0.4953032426034153,-0.7888790396834815,0.4206786990929732,-0.11957185424932826,2.0752482179978884,2.8775455787954067,6.921813689168312,0.2305980188939099,-2.524221680321121,2
0.534094022199394,-0.13746376973901273,1.4902968916692982,-2.6057551759803115,-1.162895316247801,2.9405460671548935,-1.0053349058597516,0.23382310175503185,0.9618958986902391,-3.057246400106374,-3.049689662249096,0.3854101769320479,-1.0656513000309422,1.1552722625488538,-1.492281846982125,1.252868744460236,-1.4796996433262415,4.040777682975807,0.11762398407484267,0.9130359846462619,0
-0.7947056753908714,-0.020027196843524074,-1.1040933111705458,-1.3770830755668826,-1.6787227623485266,5.245627405989808,1.4232919484238338,-2.744029966447755,-0.33023711102424674,-2.5669272985435874,1.9092123134723042,-0.45955431499411903,-0.26889148328387513,-0.1845224050571559,0.7259545717675626,-0.3951050584100816,-2.3024225108667866,-4.3821636579384915,-1.4696260511465133,1.0774938111461643,0
-0.4952521704586259,1.0198338123847552,0.6754472964345897,-0.4417898292776089,0.8882573990374616,4.905205811515261,-0.32682934551661674,-1.83306536631248,-1.0875140136176797,-0.4548634636290272,2.5184317772199805,-0.32441790215599525,0.1830774834895258,2.3012033593550143,-0.857412599791014,-3.9451779786660137,-3.5629886785405054,-6.000578934031868,0.4845230229456296,-0.8696103367439861,2
-0.6701400356212689,-0.0099953123778403,0.3981787880153095,0.7750310701842962,-2.0642622724454216,2.5064717366280513,2.0324736611373293,-0.7630781854421862,-1.0716491536683932,1.4409228125498637,5.053434227196997,1.27834420165593,1.4529560856440058,0.2327886992713818,-2.7819192867605356,-2.0114200432510727,-0.4135458546860612,-7.4570393548219105,-0.8774020159860154,-1.0361717215877837,2
-1.71351204814738,1.3154384618571806,0.34322571871700347,1.0929965607136118,0.3599926394206753,1.5883091056035272,0.9371155079842594,-0.6601523284111417,-0.20312173627250116,1.809534451980607,1.6974039929938396,0.44710404572433665,2.3787468715911295,-0.33948537765666087,-3.8893392909585014,0.550904734941545,-1.0519004040598834,-2.8358288625083024,-0.07115603179572852,0.7141106880059229,2
0.25658466018469395,-0.34178037492148444,-0.04362647082574351,-3.8610260108779,0.9873207116256772,7.6664205024256,-0.33921311906995527,0.19336759519693292,-0.8970953004816778,-3.08819255511778,-0.25788470144924014,-0.9874439340698364,0.06754523765988174,2.4634966666611398,2.4091569165727593,1.4693983924858383,-6.305108282287907,2.5218350261848843,-0.5399295668892661,-0.3137418348982358,1
-1.0819864864300364,0.5726153920568272,0.06846306437172907,-2.3957119703840806,1.8563277133624871,8.297291769615077,-0.12028871150379637,-1.5251679292038496,0.9907995001253634,-6.309506681889013,1.8024464884945086,0.9194291158384525,0.5848703376933548,-0.7974686147473815,-5.589500660441384,0.2299524753640475,-1.5756975861837939,-6.852918409845941,0.4534284892223496,1.4646672588818006,2
-1.0048935874967069,-0.8067704520025192,0.5614444608599518,-1.1406937239084411,-0.4671406983178905,1.4852190656431044,-0.10962585048771564,-0.15596293126415373,0.13285868266724815,2.0836868605171475,-2.3213627301266526,0.39273094038199013,0.9592230864742626,3.0010850818146295,0.10815797392371784,-1.3334373836560567,-1.3093689625585838,2.8538503679247804,-0.0774827743318861,0.7643296141303859,0
-2.051770142383932,0.48963126469015217,-1.0492232500470189,-1.140149236396152,0.6845747250358474,1.8601969243879726,-0.23355154357638175,-3.1753604901356987,1.9055526671437324,2.069693956990679,1.674093124412202,1.0905176747426688,0.6713181384303443,-2.86729087570881,-0.4362732140021168,0.03163330923637919,0.8248444595489863,-2.630886631676982,0.9241815910239345,-0.6406580226027632,0
1.2451263601937734,0.21452856949725138,-1.5040309901488447,0.044134232966519416,-0.7035239816671137,-1.0212248729152915,-0.22668642870116962,3.779756851978673,-1.7299056974267928,-2.1534286916905203,-0.8968576548946243,1.1398042162504856,0.5852195613370363,0.07053914620614754,2.974099118552391,-2.0597078991230484,-1.1084352687401218,-0.15377771771444307,-0.44112519919610754,-0.3583879681773203,1
-1.0643150008282598,0.20396560091124497,1.7446550619086891,-3.0626507366126807,-1.524631319721042,8.11961077675341,-0.49589815629597495,2.6312732937245102,0.04130141786486448,-2.5211531210881963,2.374947910022385,-2.441915562924823,1.0252361930832945,5.450694605921129,1.6830235266514415,-0.49048639664213756,-2.977591171316645,-0.8786562918768751,0.43099121927838796,-1.2052471644989584,1
-1.5882258926938997,-0.7713575356158918,-1.4436185572670992,-1.3160066998670241,0.7783255241455084,1.1056578391635434,-2.0304135758161195,-0.3883696304275821,0.21439434738168503,1.3057836747628944,-2.296550780817358,-0.3442030790233886,1.5059976751872208,-2.8366014094978507,-3.79653211258922,1.2925275135496177,-1.541978304273185,2.808152549535294,0.23251003365745868,0.03760944630373803,0
3.2507133766162575,1.1426489868487453,-1.6884768330888253,-3.434844388501113,-0.8114652006233829,-0.9512142099298649,-0.7199817377150125,-2.07132072653085,-0.5583904374523014,1.9988044914943717,-1.8592107176097352,-0.028634524995832824,1.4779402239880228,-1.2098720799467158,4.917809087856211,1.5420810099728448,0.7606147364576568,2.575117289714062,1.6292081188074055,-1.863472815908306,1
-3.38965543098142,0.03354209382480263,0.2987552795742291,0.1816737175837575,-1.4556817265935151,3.937928692760999,-0.6025838131807076,-0.30913423371966375,1.3797500638776827,-0.9129363687908303,0.09788254882865544,-1.085695731996642,2.180953006788105,2.8575019720683112,-1.0226765323787523,-0.7252636151367506,0.7852093906034479,-3.118530619463797,-0.4216547671935536,2.4516986759010893,1
1.8348703916040672,0.4592428063793111,0.5923407698213905,0.1094315706881559,-0.7777821637043991,-4.184469017884991,-0.17910355363265076,1.8371407823177521,1.4089107574829256,2.97006582756128,-0.8654346585402983,-1.2334839099201262,-1.091267306675899,0.5073274530475838,1.7164550040391706,4.7622113016740135,0.7978560455823942,8.816041981780081,-0.7207847968099884,-2.7634441636088,2
-1.8125986924056074,0.7836198305408291,-1.8630468568224754,5.074587563939164,-0.241152492261653,-10.117271366867815,0.3563258295730599,1.46872388532857,1.9429614348444821,5.188395517378743,-4.666629816323457,0.9589501074502397,-3.8741993231830034,-1.6064251304963761,2.9685962770372134,7.125754394865138,-1.2070150672549351,17.156204165729662,-0.8451669978400385,0.624742026481505,2
-3.3299219109238836,-0.7976653690474433,-0.4329859088131957,1.2135024815502247,-1.4518736168731694,0.36412142885926496,0.4195653159883031,0.9068983149102892,-0.5867888074710782,0.9359639614727501,-0.9176310183850548,0.8945914825692303,-2.00609449699248,-2.8332461605700248,-2.3967795517474952,5.510099693732476,-4.861634285419303,8.967275554512398,1.4470703017347137,0.19286967649813178,0
-2.900296910664225,-0.5079213264530645,-0.33017857477018797,1.130426629198423,1.0420069943602674,-2.806140904394893,0.14749362751133432,3.3623925723479937,2.1460426806736215,3.3258790192002534,-0.1925898350834967,0.651477246707511,0.16150303855362103,-0.6218395396108705,-0.7977361402768394,0.7426171413128282,2.1469965254170553,4.668008943003467,-1.4065642432797338,-0.24768145809650083,2
-1.7587547245682917,-1.5764391935210893,-0.8516928244212486,-2.66055756096085,-0.2005728328917318,2.9604404229463657,0.6086563386341333,5.461650579250697,-0.34448676495407904,0.9784620553153066,1.2719665417785895,-1.1298710165326669,1.980542859262209,0.24898700884871006,-1.0697034686217866,2.296823509039542,-0.3441064892241831,4.401174633014406,-1.602750887498892,-1.2831490454166905,0
1.2927585672585193,-0.01688297991511885,0.5121711192871908,0.3325920997045628,-1.6662228008386173,-0.9138061339353913,-0.5630141949126682,-0.35659614144072505,-1.2166430955406744,-0.9382180412599781,0.4180999272783267,-1.6097727003353888,2.5630763016240548,-1.8432796500779807,1.1721930431732142,0.9391774189491273,1.3147696572730805,-3.7573923988308224,-1.058556042344289,-2.164885808912056,1
-0.5927947803206968,1.355661895889928,0.6305442086834521,-2.3214987616342833,-0.5902197379293576,2.0886311262071366,-0.2852413403073753,-1.7802963445066973,-0.7429340962912804,2.0703630788172442,0.5742089447319014,-0.4003377182727271,3.309883709641156,-0.1748347042915468,0.48401626789349583,2.2061382488639465,2.6366904969586753,-1.1786816852806117,0.16659057969910715,-1.2409090655098076,0
-2.8868438502375033,-1.436742238258311,0.6705966261110702,0.09745167604395255,-1.1390428885780886,-0.9883521508334524,-0.1206131696368863,1.0425849660288975,-1.0198484874835236,2.4037894551818297,-2.5977637444554444,-0.09994740187442086,2.2512091029799652,-0.9499082853029206,-0.5067725506515732,2.7938870527325395,1.085068350471833,4.922720952943717,0.25867908548323615,-0.6744922294583658,2
-0.26916659764781325,-1.2376427261280285,0.39147672077115386,-1.419174702128374,-1.0499106120188058,5.152172737274411,2.800876947609391,-1.8775410472284215,0.4913651372326318,-1.0819129791785846,3.8207644000693444,0.5301512631836031,-2.2220728236605107,2.254928866902749,-1.0800291235561046,-1.779931887933064,-1.641601888729869,-3.7493760583991746,0.6555673984218366,0.288805553332357,1
-1.9166874706674866,-1.2486884854285891,0.024107168287894772,-2.7606850070191133,-0.28749098012453,6.365211369392442,-0.7467038962808958,-3.5152622475128807,-0.4004872448671374,-0.5483675007615829,0.10937154274306438,0.1455207430655127,1.9965992973306346,-0.11162270921629025,0.12396556901724576,-0.8171876528357488,-2.2444955534342026,-3.6161188948154592,-0.4931232515794686,0.8182266164596151,0
-1.9831140466586938,-0.5442654980966511,0.7332484725630033,-0.48956585889823834,1.300309545788696,2.012847651229398,-0.3546774435728737,-2.22476230485775,-1.3664632710364661,-1.654998781859687,-1.7346762262974675,-0.33383207446018304,4.317599162351406,-1.9046382678396574,-0.6354140534112773,1.6090575167572325,2.4525627763416407,-4.301865494940723,0.2078824286333278,0.06290973059478448,1
-0.5516062243904436,-0.6016691771074415,-2.122133412674471,-1.7640656071609355,-0.8168960881781395,-1.8582701177791068,1.155529776357458,4.154465214713426,-0.0791411392458341,2.987852112688639,-1.5503764009040344,-0.14534531448773885,-0.16276470235716256,-0.1825857334077594,-1.1884317786725798,0.47276197728616265,1.375133381866405,7.277860629494788,0.06899756116248447,1.2485911362493523,2
0.012320892985160481,0.09251260427375449,0.1470085865535555,2.13587153096159,-0.5617346640606443,-2.191682249131141,0.18394640250141972,0.58086655244311,1.3202429672526672,1.3520975176412113,1.5128258774283188,0.6127062860344694,-0.021573696465836623,-0.6900350870418173,0.7937036962450368,0.91328453651046,-0.6521157459879817,0.022499956630470018,-0.3639158241690215,-1.0008091940426938,1
-3.244539175709793,0.24962602560472855,-0.8910505172076293,2.6818423709565735,1.560552959916954,-0.28834033828530203,-0.16863290969190903,-2.2055092056736294,-3.387234583891768,-2.582347412202362,-3.203752851541108,0.4687752061135092,-0.42628475354920337,0.5566473241074985,-1.9348407144230908,1.2669291381067382,1.4816844034369216,0.0559647023794049,0.9225819634611637,0.8748708753092173,1
0.29578282472755857,-0.13481352569439856,-0.48640908866705174,1.7899630229623262,0.21523861318770118,0.5932451326455158,-0.05574617812386366,-0.45952008958122903,-0.19295885256670225,-0.23864502795777698,0.8700927308458632,-0.1817093920268027,1.941612477059469,-0.32790136486492194,-0.293524489578743,-1.750659543193786,-3.4017736261711247,-4.620524601228294,-0.06594360833295647,-0.09660848485687168,1
-0.5327549289534458,-1.2821138111330639,0.1773793405842796,0.2421633593191883,0.8461592627402835,-0.07228894150543269,-0.7341591723709454,-0.9446558690262917,0.7821330142039431,1.3909316842031756,-1.448263043368369,-0.2238872553562106,0.5815017026619183,0.9385233516403968,-0.8606775417773442,-1.417839429412248,-0.6889615666001006,0.2270703554575165,-1.0879223785936563,0.30552396622662004,0
1.0584657108068325,-0.43772557538684836,0.17352802613449572,-2.721466546979027,0.5298100656836389,4.991617201131148,0.906436867932051,-3.714795635047421,1.937562720390904,1.434156698684604,-0.4909284129015339,-0.5437411103659249,3.833217381023509,2.775958975729914,0.39741321299383214,1.5485825186850781,-2.4634563677936385,-1.5770580663732654,0.014040818007840617,0.1324149765536345,2
-1.0100826259943185,0.26870545294687354,-0.006538543668862031,-2.887073943915655,-0.7740914816197727,5.372570468605891,1.0227605566412248,-2.2806869102653176,0.3028952625429311,0.31063994144848994,-0.3114800933907089,-0.27979216569898413,3.214967786698408,0.5163027702676521,-0.12879557011791198,-1.444455162952828,-1.6860504968389585,-3.5784865216933737,-0.514932362981204,-1.9405515847036499,0
-0.3694606222917247,1.6577405500269589,-0.86941543155261,-0.5639328488303901,0.03215861956518158,-0.7334914050695556,0.742890329541174,0.23541798023384608,-0.9303115711456651,1.830641054715827,-1.1349126514114956,0.5204017627353577,2.3455579766551633,-1.145793420972282,-0.8303130546930002,-1.157428832191044,1.0137347331157667,-0.7876560117832878,-0.06542809442218743,0.7367754089031674,0
2.0456311444135737,0.8063601006208263,-1.4095488804076082,1.0177158861215134,0.07907026820882807,0.6402915216840898,0.5142795326684824,-2.900248651758471,-0.518867167953021,-0.565397775761411,1.063460130286273,1.2784108952618878,2.4689299889462006,-0.8530090200064576,-0.9073550638177896,-2.2673360207588233,-1.8703583422303698,-7.9786164254195775,-0.6445147191595499,0.7000726963262405,1
1.984460175348334,-2.859520038674442,0.10543922618137079,3.1172169374749035,0.5803191772595504,-2.626818036808516,-0.3202812299610218,1.8873966971203529,-1.2060939462781195,-2.3722247078431096,0.764709602887736,1.3741253925021604,0.09326438034417317,-1.05964492625294,-0.265976716291628,-1.0328264401355405,-2.106323230282917,-3.294710434181928,-1.2293574806183247,-0.3234369531427366,1
1.064110691154435,1.878682479838358,0.8643653463895952,-0.9700917436668283,0.928717832228207,4.743906554446863,0.0051431414744674145,-2.5641360738258046,-0.7589265408192374,-1.7566514179041506,1.8033451788159094,-1.209418667715089,-1.6990439648706372,1.1007889748880233,-2.2992813790605124,2.968132511063885,-5.025396297631648,0.5996683965476597,-0.003975671286582807,1.761011230334019,0
-3.480364005480247,-0.550880043204996,1.6718358587443891,-2.754514756714941,0.46993623307939514,5.99809768878262,-0.7977905543208894,2.8288717217220185,1.3460935524432736,1.3024583832439252,0.8561954385399997,-1.922314187472833,2.5854301421957198,0.2855894985842622,-1.6167797942518662,3.329276487944724,-3.597934700686587,4.454784429063305,-1.0283217820401684,2.7169530343388417,0
-2.1671698060175144,-0.40349579406262814,-0.48865539661173335,-1.4496172860251935,-0.2658552954468585,3.649878200720353,0.5556268227948727,-2.7120747992829304,-0.982166950484931,0.321980380308723,0.9197547749866526,-0.7408542264806607,-0.5497575186198425,-0.7590574569672497,0.20296982413149023,-2.095617227009914,-1.1705250195508,-2.553361639322234,1.5040676045201982,-0.6694881650021808,0
-0.4138181580163577,0.3562005887321266,-1.34000399502458,-0.13018763975676328,0.09730575190293085,-0.11794305766025696,-0.2747629760909964,-4.05516007066002,-0.02876037551022778,-1.0416667567832638,-2.591592899902768,-0.06021387961472527,0.7749392034259404,-1.1881585914238308,1.6872436607751244,5.649098618041644,1.5413902127752737,2.486631230200108,0.015077038782823729,-0.018306624706789416,1
-2.543049516191126,1.0055588470061783,0.18009153881108567,0.6841212491377735,-0.09683190004017382,-0.9055834683243897,1.7157000928806039,0.1628572993879891,0.09330264256756057,1.8149723575523562,-1.5598383634195974,-0.1205704567692146,-2.190825219388824,1.740964483056095,3.440919233787394,-1.6714390185847616,-0.649704736882075,4.385517632484938,3.0675021115866503,-1.0670296045940793,0
0.6680185362530529,0.4563130579586909,-0.6715650880005795,-0.5669957013289797,-1.5423806084462635,3.4866330298830097,0.9032093341312314,-2.3121455629172316,-0.9369942289200422,1.003047094773546,3.590312532242822,-2.629870835259099,1.1323067212212319,1.2406753555653116,0.20845012659055295,-1.5459500349833761,-2.203959107305309,-5.686555850372283,0.5414271305752033,-0.26456903260431874,2
-2.66399986264281,0.26366934468270115,-0.01585513388758311,-0.9725136644789142,0.2819842426944233,3.8726320557931073,2.2245343387712104,0.9306106015976778,0.08979608698994405,-3.3225082981754093,-1.8471209092135916,0.47796997759923515,-2.611484356081428,2.6375433723952995,-0.25282217116278005,-0.7301525716097554,-1.7367767209010396,3.24978830723053,0.5203926245593335,0.04817330375311533,1
2.1662296802164636,1.822271226723243,1.0551271715811792,-0.7935617699744124,-0.6862827822133699,1.4736364908596469,1.3154402182249612,-1.0541130301884074,2.2725276138044332,-1.4408120420512418,4.045909238425926,-0.5838027669199817,-0.5244201221636138,-1.1278519063141097,0.18785851879297621,-2.8714908044172045,0.4182301342250798,-7.539274722354782,-0.07192559294852517,0.5081792890523279,1
2.2923274659552537,0.5199100723365851,-0.7953836793707056,-1.6875200243562274,0.6694853551747171,-1.1974551128273303,0.1306748998926192,1.1087241786624125,0.7169219523855107,1.4163545869243253,-1.1693539446166157,1.060153914745751,-1.8071349959093088,3.1387315263758313,0.17656550333318388,1.8013415612134551,1.0960470944882856,6.5639957698586855,-1.01964533574504,0.07268612506370074,2
-2.1601273160715593,-0.23714390943617578,0.8107266672390149,-1.4060484921788823,1.7534046273129704,3.0487027229368198,-0.3006440397359652,-2.8038645773206987,-1.8999609181669426,0.4206717789769152,1.1919195576146646,0.16477652906792958,1.1071727091392964,-1.7043050677917773,0.4039094252337144,-0.48449299566614634,0.8752288637985497,-3.655618805095652,0.32862611537610265,1.118498180421683,0
-3.685974187517169,-0.7374338889839753,1.1777063543550181,-1.426419394964237,-1.6729616095371351,2.5665713933823318,-0.3029282658056264,-0.5538331313451534,0.19177243364413823,1.2237581653837029,-3.6145766350565647,1.2459138486184576,1.2154765293380136,1.7846503623697245,0.7709519909557427,-4.69808506913051,-0.554974228452242,0.4249924755058011,0.02496986338196453,-2.1169025919563484,0
0.41195750128308894,-0.324402919948115,0.6677815605961868,1.0802585790784422,-1.2515247542153443,-2.713145435844608,-0.9077499505561069,-1.7257425493925411,-1.043243409174384,2.3354961031619066,-1.437598620772043,-1.7922662057838596,1.3004808566713268,-2.2156142404027066,0.6292888730823487,-0.0013938488213061095,-0.7589903606638041,0.1080565008461193,-0.26447378409691047,2.158634915835072,0
1.3615954289454377,-0.2764512536598367,0.23847015891454734,-0.13048854313019753,0.5879282679978648,3.852829455562136,2.0956903299603655,-0.5601692041637941,-0.45835559274570603,-2.277331738347002,2.666520134689681,0.7560477759808097,-0.32561387554498267,0.5378774741943163,2.1304039420572676,1.2953481505130933,-5.993783535317135,-1.785837093735482,-0.444691133350475,1.093313378668319,0
0.5516875083145936,-0.10293725847909896,0.7273525822688602,0.8220655615592953,-2.059725226878529,-2.1347189989070157,0.31837245005863,-0.2140618356432149,-0.5556358881760158,3.1513399146771546,-0.4986810912155699,1.1453242656988951,3.440846217931093,-1.5035870789647123,1.5589343392187431,0.8288889241174412,-0.9496204351462493,-0.25673945051454244,-1.1429640539185577,1.024655190284435,0
-1.0992545346884972,0.540240544084207,0.9270974788911364,-1.7874332501625667,-0.8650769226341175,3.631241291812445,1.3762960778127988,-0.6354566203884002,0.30305042362014967,1.7807264418841022,-0.5714896910577638,-2.6482371713466084,2.586653454593901,2.488725960625554,-2.3046851097046543,-1.4578671542355943,-0.8837466745158422,-1.0649991178929228,-0.07268275320428483,-0.4582739153981058,2
0.23384629922845757,0.80633201905893,0.680176080063276,-0.6848718867021769,1.0574531394341933,-0.2080379221578686,0.6770023973137358,1.5251981843875342,1.108841419071706,0.373594037671255,0.5820312412371713,-0.03964207789491337,-1.0586216269799018,-0.9255722223953038,-0.12033948618789447,0.21448477733264026,-0.7513515336056817,2.1976009013580398,0.5992716708727502,0.3177217350129339,2
-0.9197585634372356,0.1400593061162479,-0.5272430277356126,0.24061586556263714,0.48527033434820427,-3.0037404656836597,0.5303099362479597,2.8120676627451378,0.006638010381105304,1.0243654084534557,-1.515363301563546,1.4648661065048172,0.002198436536093973,-3.072904961947952,-1.220453938027811,1.2383937745449922,1.1079620946232236,4.322657597311599,0.3407676757274373,0.7801577172566626,0
1.8943482681703445,0.0930212882214317,0.8764153664646398,1.6565888382340885,0.5341144682972696,-1.956370352964415,-0.9983351894961722,1.9746171377202568,1.252888995413658,-0.9439887881626157,0.7560016523956512,0.23843984438833996,1.9672282531763268,-2.8149821135637336,2.5956342375247026,-4.425535824419988,-3.3232495181392596,-5.865780747696459,0.9175992702596298,0.31291798890117156,1
-1.4356453330635004,-0.7351623100669669,0.9665404149994133,-4.282399502750037,1.4235909510202784,6.602454340100992,-0.37180568078333676,2.4293152250039425,-1.6250989687178627,0.39283435984462434,-0.2315785634107157,-0.3510482574722215,2.475348945683784,2.035451212054329,1.025378739365948,-1.0304403406447622,-3.974428619030646,1.960495918525346,1.9420780101652007,0.25602474490187466,2
-2.600561034323845,-0.3281596849796921,0.26881119718204194,0.9037284191607411,-1.0280817598431713,-2.3208131603512907,-2.312187002938297,-1.663703530988014,-0.5987398123063147,1.9546847499473292,-3.1218041022552128,-0.674487174380772,-2.5688211707459425,0.5447753032585132,4.211243868187283,-3.411440137026201,0.30564196378348796,3.313602841427137,-0.4899899488812818,-1.1752801165962552,0
-1.1673652646432422,-0.8071133415620749,0.1535485542601713,-1.0751004268619482,0.2075196377161215,1.5467338329759541,-0.7284740158847517,1.244792362215217,0.6819538813098218,1.0114195668578654,0.23246482589035944,0.31932188607293716,0.746267189694255,-0.9532693369574028,-0.01455983772149505,2.4241880398946076,-1.8792443678646946,3.436857405592752,0.2774532576559205,-0.38670454127544374,0
1.4869547435816644,1.0254067251419892,-0.9349240814388441,0.8274491123717436,1.4297352661900702,-2.3895172875459108,1.7729838520970223,3.7264925930382984,0.6892068696490764,-0.9459242158166707,-2.091382097056092,0.4960210635212485,1.0286492692771612,1.7016115218588443,-5.541485159926735,-1.7468406897293538,2.072203210714482,0.15154242496491863,-1.569472453051818,0.9603501523569682,2
0.2866518612483997,-0.42993197092420804,0.634080936752976,4.551179144977871,0.4073971776443704,-8.11265731275246,-0.2680077425053572,3.0587079978429634,-0.8741035628626731,-0.12430059365912105,-4.612624423942345,0.3128133167436986,-4.386486159214442,0.5589307084581139,-3.1598134477436073,2.842236808883163,0.6549797392165702,10.6146755922045,1.4280708119024874,-1.8153707896967453,2
0.46584189597045067,0.06983160829428585,0.9200138055422513,-4.4641412242446314,0.9091983490293388,6.479190856743825,0.45267917616006303,-0.3776184677041371,-0.43044733867642976,-2.7428844213011874,-0.7955218615017172,-0.5228941622933254,1.0199714649619158,0.11691152784352399,1.7158754591850234,1.436980876785166,-3.967074039080422,1.293525913534344,1.1015546500565505,-0.30366577891320257,1
-0.7534446056288937,0.7576285725975442,0.40329874305178615,-1.4610803403185615,0.9002590232205655,2.0749367047344243,1.935177501963806,-1.3727468358684063,-0.7958740858336678,-0.6931184028882028,-1.8717512225424082,0.15233515982726717,1.284305041566703,-0.9956140446024317,0.9226208596165938,0.19239531536501364,-1.3341492090658753,0.13103064880496684,0.41793466062350854,-0.2770011830038617,1
-2.1037007618792725,0.594794706576607,0.3124849981973039,-0.8465824124826978,-1.7787817299151834,4.643080545036471,1.443641475179593,1.4016450701908871,-1.0261763079634616,-1.987546648984033,0.2937654654236328,2.174837707063181,-0.42713443773903825,2.9957388230462807,1.7660594474741889,2.3544631627467565,-3.1159225356452587,3.314436130171688,2.421465132961808,-0.3258976178858741,1
1.514652595922605,-1.2348836273343775,-0.09081983337538539,0.23657172363770274,0.9908851216043476,-0.416077779258867,1.0004366772966917,1.9756451539575766,-0.018638255594339036,0.30276942870696943,-1.5583079471926227,0.20045003912884646,-0.06700561333042443,2.3657835448022624,0.5384869191459278,-3.323961851702743,-3.625848030770345,1.212547593896304,-1.451589578549887,-2.078969564967517,0
-0.6451107164418827,0.185392640516553,0.3554395723604608,-2.7699116422099515,-0.2295359368102314,4.442024517472209,-1.6257425823246754,-0.39961451721970476,0.26343776865072016,0.4893084704375952,3.2055428603131055,0.21352592592847303,-1.9741789521996567,1.2757390656795398,-1.1746047769225814,-4.059485992570072,-0.48108319639573216,-2.920031436991684,-0.06675917817732932,-0.9988137109846277,2
3.7825439874092366,-0.4272725817655366,1.1840690584438738,-0.2406148672074151,0.08831454946524162,-5.2949183533839905,0.32402343422206537,2.448136059022729,0.6353518112991401,0.4529078007569455,-4.134473276936163,2.070253084867195,-1.9329233842867652,3.246196516051384,-2.8008714722528434,0.9753975451661239,3.73015788724433,7.409407069087612,-1.8464216590525009,-2.772838743096468,2
3.862166320684865,0.13363319318873396,-0.4125260725372831,-3.563097420180232,2.380991489339341,-1.1728156276400339,0.4983144204532381,1.3222505799148605,0.6978071357336549,3.1655881051662673,2.1612369520693524,0.37493286844768214,-0.7500680302848818,2.0679969940438547,-0.4094038409253907,0.014914893430037157,4.577317967116475,2.0191729161248912,-1.147490415073775,-1.2108740331176684,2
0.20031500870279673,-0.2939543922142164,-0.3588760848681331,-1.2045478113865946,0.6986867093533149,2.986153690210875,-1.117455008894189,-2.5765624580536377,0.9249146692185436,0.34835298599859876,2.532389420001276,2.1579716860282594,-0.3816625664234756,-0.935449815979569,0.6178738144379252,1.1050672701223392,-2.1582362433244473,-1.7348449301541464,0.20069412524292482,-0.17468191658949636,0
0.7934771373827845,-0.6538033597937238,0.5331036100347484,-0.8747436614352576,1.4457181121423268,-0.17783236175401532,-0.2506906561965594,-6.932739956450911,0.39034874889595167,0.8208570020474666,-4.649426718620898,0.5131472038994898,3.095983197055988,-3.641377813269396,0.5921982913633849,1.4515114946565015,-1.267031873397848,-1.4301747920758128,-0.3709455018546202,-1.3245730745368822,1
-3.796019361688839,-1.4559855451036634,0.06323765706912303,1.7162588598578865,-0.7655184968435811,1.8792517730790408,0.5115029991322932,-0.1294386744269166,1.07066002828769,-3.728306021167438,-2.3828660438856337,-0.5122488471822143,-0.2205555801825949,1.4666783955472837,-0.8278067706373247,2.477207676439878,0.4715710693461579,1.4768351810274407,-0.40720196174469764,0.9707845542771427,1
1.4525738059305837,0.6336620212924092,0.36783819339889656,-1.2637481397620658,0.18481416761224878,3.4569576740194674,-0.1814742023560683,0.4462633512550951,1.0777374176922063,-3.650168778552949,3.0561328740585116,1.2694507234235926,-2.4894082697621296,0.8318582437863513,-1.952556062581334,0.7853764539184438,-0.9503153482272233,-1.769059938738511,-0.17401311532615715,0.4672036928277625,2
-0.10931546066355702,0.758144889210677,0.7907440072398346,1.2547189293844534,-1.952433108205158,-4.777897616380782,-0.4082820135643562,1.6036370622817846,-0.2436243827114264,3.0873940557294524,-6.527252463176066,-2.318200090748849,1.877886274750661,3.984317512929946,1.6419470360646984,-2.750248804162361,1.5371536291266614,5.251086977833257,-0.3734530559804402,-1.4296146739194613,0
-1.3245867660624433,1.1428303395562345,0.04181934789533887,1.2974833592674129,-0.6968660144532531,0.9607343823157135,-0.5209323602817835,2.488215072708842,0.3751900169422932,0.04982552985651334,1.393708784556856,0.12305078655877959,2.5393899709386254,0.7827281945988638,0.25090944597192566,0.10951942040809781,-1.2413947691786962,-1.8745528064992654,0.11341519819815811,1.1257568490321013,1
0.48108215387333564,-0.09401224410092489,-0.8289266290193714,1.3913457119525687,1.1891600128447566,-0.07589602571804063,0.45064293672396416,0.9491184995221742,-0.11813638993902573,1.117791477754352,2.173482715876,1.0303287322501544,0.4381288022348031,0.4634415171481381,1.0118569555883647,2.2943258062478353,-3.005395999356504,1.0422141294907454,-0.038826288656095734,0.9631090120434588,0
-1.9532154791434426,0.5026518176033214,-0.103116812655206,-1.0100778976528402,0.5365994334273445,2.859900161972359,1.0972401515594965,-0.9898173106105702,0.8698289854000336,1.5791967188653735,0.27959917126788447,1.3077227069761872,2.1474011677874456,-0.750932554586212,-2.587256211584784,2.459877606941718,-1.0941762804638318,0.7441770658021003,0.010939742575923972,0.17647664247949113,2
-1.2406057980370508,-1.1833941744295695,-0.7856072811244635,-2.6991583280011295,-1.564894919035778,4.489955634744382,-2.001736131354037,-2.418890189738685,-0.4794804554303609,-3.088940002958483,-4.58340417231814,0.4493766390248095,-1.0574914941127922,0.7762129700320217,-1.0739205793431612,-2.8904956239509603,-2.808306352013823,0.8943082252700251,0.690094797602683,-1.788388927204346,1
3.466157987698066,0.4715840546290202,-0.5639294797822884,3.5642793493671268,-0.34339547472429444,-4.373135423475761,0.772748337704709,0.6828295664195869,-0.21860813248412103,-0.8374562410981488,1.8506523247715,-1.7886602576326742,-0.5367077971380312,-0.26455157581610145,1.075621004403645,-3.225976638561692,-0.8767629163057199,-5.560755326167581,0.9626180540172147,0.4466405016553858,1
-0.7210716764485984,-1.9196755003382913,-0.8017604510188983,-1.7092816027194409,-0.06760412435084459,5.382675135816042,0.23891686709962753,-1.1076746797724617,0.059574110980515994,0.6231062722089548,2.9334186857414593,0.6002250417454383,0.23140129649943086,0.45316513786227053,0.7472953564673688,3.637521860283463,-5.012904343679517,1.641966880824157,-1.2971955754332818,-1.9340439217476193,0
-0.14732727685759883,0.45492472806603235,-1.9053856678929664,0.3336983633873384,-1.7146419404673492,1.1659882288337484,0.8796292965893135,1.5487022288793701,-0.3484831994228694,-2.234018663651433,1.3124667482346886,0.4365091319200617,1.4317272061069202,-2.1296289227014364,1.0674842424398399,-0.3993804693082027,-1.725265181188012,-3.456392469607753,-1.877623650223818,0.3892569214267273,1
-1.612176660284376,0.7432521056230499,-0.002662187982655652,-0.2025508734315442,1.285693270572076,-4.0186360885580585,0.47733145642319164,3.9381861718369855,1.0313160619334916,0.830764937758887,-3.386054782385717,1.755181004032714,-0.16770492817191318,-2.1617196483961507,1.4470131776339588,0.12140247998279463,2.952578377454035,6.13678731417556,-0.0713906357151618,0.581920189438312,0
0.4228721822126591,1.4211790967971158,0.7890172518121636,2.3264548974306942,0.8793465470270936,-0.04897924470001542,-1.8512385761517283,-0.09800760246428863,-0.5846505953032183,1.0871078284669546,2.9007572792788237,1.0383551849025725,3.169501182629934,-0.03962884589227733,1.501624699661213,-3.0784645992743807,-2.150905318272942,-7.8445019098335225,-1.4818523031090187,2.4528616211424015,1
-0.22133948759254263,-0.32137110185219164,-0.36217093885845253,-0.7013386175172964,-0.23565340051520234,1.394321011698648,-1.1446176648765949,0.1582004013537932,0.7410992282667114,0.6269943720623614,-1.0506714915521382,0.3292500621593337,0.7077967650503816,2.487426343700937,1.2710410277571003,-0.33636358279307066,-1.3291196443652749,1.6052530020111053,-0.04098753284461416,-1.004726227645455,0
-0.3840282839725997,0.6403199554944988,0.8018504822507189,-3.2159970265987226,-1.0019998181759349,5.489114313303756,0.03719327862066938,1.2620757749238525,-1.3866957742675619,0.29827508503582467,1.514789103905112,0.03906451073402389,-0.8033746368074735,4.285555578923966,3.277580916071901,1.3547933760195212,-3.309078536793614,4.328308207788058,-0.7208662498331265,0.2420656213543121,1
-0.9861769990376754,0.7741795185432268,-0.4244843165341625,-0.10399411518231783,-0.03703718059913433,0.6548988938859591,-0.18893157166819427,2.0938924572447717,0.28347847557650846,1.5172130190809447,0.9638428889075659,-0.011212988182289848,3.579037600507365,-1.2543256028500378,-0.9448899017843138,0.5770353149466971,-0.40081730723705555,-1.3328645357262279,-0.46021425907704966,-0.8604962743954631,1
-1.8621484009318534,1.1446614595996163,0.47517515689408685,0.027792660279687187,0.7903916101860035,3.9347458192767393,0.5791253871425066,0.5337429407563552,0.8127356647019062,-0.5032606390932024,1.677273243480315,1.3194413356711556,3.982372799777985,3.1627930956271864,1.2549604715056486,1.4548647556638648,0.3582013020701369,-3.5411483518143125,-0.035662653621835405,0.1818629132550231,1
1.6886268779060574,-0.7081268640084478,0.30054744840099773,-0.2052020304630714,-2.2364262035051636,-3.6848561834356457,2.230818271811151,0.11909651477005778,0.1361958628054981,2.010376134120249,-1.3036361947908426,1.4595381748779412,-1.52456525822373,0.061905751547778665,-1.191896420903286,1.2219427391325612,2.65153454295039,4.400936049639919,-2.35348319363109,0.3246397411466488,2
-0.8451841105198552,0.7185965232500373,-0.5896192625604866,-2.4871835727488927,-2.0979046842888645,7.293053382181884,0.05914358169179254,-1.9099287505567544,-0.3976508141954396,-1.72838895760763,0.42494662559360563,1.09667088749613,1.6639230793996944,1.1101585997479562,1.1196173361234432,-1.280698136211906,-5.838278374235091,-3.0043651554592747,-0.15985786583573805,-0.08310530841660531,0
0.1309569386398426,-0.374661562507252,1.5993508708140063,-3.5239766040501057,0.6045303061799301,6.883742163121682,0.18820208842281722,-4.279376675041358,1.8350049552611885,-1.2511994496564673,-0.7008851484609284,0.8813644317524277,0.5180655599962687,1.8012667497857302,1.785625958488989,-0.9713224868655678,-4.409009722268323,-1.738341173880258,-1.0948903856770922,1.393802351143269,2
-4.999511745491871,-0.08599431564531318,-0.020998256334276225,-2.3041487118395114,0.23170061977835565,2.714552504737543,2.259283720273219,3.9148433922979553,0.8148253797881114,3.030679647765128,-1.5885125815265748,0.49487120020162356,2.3459071340619873,-1.134876457502392,-2.1484546394245965,0.7726834526554487,-0.8722340488154808,6.12329159985946,0.2645406157361685,-0.3990068502286412,0
0.8037109877726183,0.8748468271196571,1.6593293931145676,-1.2771321891653322,1.9098748679089967,-0.018832186220524186,-0.21865885725176532,0.40882287632666436,1.1780256831922882,1.6955058214812384,-0.14765228045577183,-1.467771340655257,-0.37661551958016803,1.3423563200561555,0.3862172768627681,1.7563977239905348,0.08351571476942266,3.9938278710009207,-0.1438642738914198,0.664086228770222,2
1.2803166852431294,0.6418107560002312,-3.3307860143946333,-3.6147750391591207,0.5955383221999349,4.558961833097091,0.3648287889421647,-0.32495567493807453,0.5387409256759493,-4.403979359414195,-3.0634190290195775,-0.6068852617171128,-3.1264216160348113,2.7704547112266904,2.832094982037176,1.0657329977095131,-3.8970232202998094,5.876228864251548,0.0032443440781993525,-1.970288616052164,1
0.11649869577896244,-0.25078506603645556,2.541641059840153,-1.5256882628112467,0.4885221794282672,2.7998870529056847,-1.153966190889869,-1.2623466862671255,-1.2498039072751423,2.6057377534356596,1.7617047053717485,0.15631269781593382,2.6383853225012883,2.1032628234552257,-3.0538956330727385,0.6544732884048103,0.880113023391651,-2.154839852619016,1.8955024193925007,-0.23819804026761085,2
0.5614643933996999,0.7686154376669616,0.4595077666386616,0.3946588581611503,1.9600075188155925,-0.2560191366229945,0.2516506656796395,0.368781912775769,1.1111924114542773,0.45896301913795834,-1.763691784051983,-0.2935379342872174,-0.7966051894521313,3.600948352915487,2.219903129695444,0.6731108175499634,-2.0507494158192587,4.385263662122276,0.036307341741559356,0.8042382946826748,0
-2.1611073255834192,-1.1247465308643787,-0.0076678020480680726,-2.2317432069890826,0.16249851024908865,4.808335823410473,-1.4863533019065733,-1.3876882128135533,0.24068982229387786,0.4717604014535913,-1.2265214378027938,0.43813657214145746,0.9274661865623015,-1.5841627635224738,-2.3200412403330066,3.750646550556206,-4.838511727232115,4.481983819684267,-1.5424162038886688,-0.0986221043341575,0
-0.4037109824352485,-0.5066970968393757,0.6115210937041258,0.8374805386203208,1.108997119123672,2.3651970964485,-0.45246181143500497,-1.7018619744121453,-1.9461488609145319,0.2942389211231041,2.1437867938255883,-2.620157187847513,1.3821501722133287,0.7456474248997067,-0.022320088827159856,-1.6665395738133153,-2.395345246045337,-5.226296333234921,1.6823222129520023,0.1166107956322724,2
-4.552772065750351,-0.4873689446800402,-0.5387411578546822,-0.9383923205979848,0.292168651847224,0.8908094673214288,-0.08308800314950383,0.9381168739203276,-1.2030760107564613,1.0784407549198445,-0.7975428157070343,-0.14292023225737802,0.38481862459011584,-2.293504939313308,-1.2925737309026433,-0.1413967499963954,2.7028755508758717,1.6832824506759718,0.16127459380310194,-0.13520951313015353,2
-3.132255681556259,-0.9199078445739007,-1.468262686962047,-1.081185324799637,-0.035295917188680345,2.786620771829288,-0.36091932299328416,-2.444936157106113,1.4580597766491035,1.2638417059441611,-1.5701535959020223,2.2048507220781515,0.7515705936698664,0.3156243063797519,1.8353962597210045,-0.873791724422498,-1.1110053809777347,0.6130886013863708,-1.740411474056052,1.6708505294436606,0
-4.460837385145538,-1.0858074135065343,-0.28353987807492004,-2.0961985267064756,0.6128210444429151,9.151070543710182,0.7229828113771894,0.44486796481529245,0.8942375132116674,-2.302286214951978,1.4311877042221481,-0.17202404701473895,4.376279380946991,0.7997109047127924,-2.4381402859620325,-0.5953452995166135,-2.810929401195639,-5.468786316971115,0.8805145741964782,0.15195187794363502,1
0.6428547865848655,0.7164531930526367,-0.19087430235377886,-4.382135201886237,-1.6589105828832822,2.6486709571668103,1.4029047839621902,0.04193059444339875,-0.3443633306768606,0.9542531140344583,-1.2081043858224567,-1.342719664837795,0.7437996903838255,0.6051275768191777,-1.1179231090297503,0.22959262588798923,1.3676902053957023,2.6092870149791576,0.4274993208920174,-1.3258700887244808,2
0.5661361887020748,1.0593425433607495,0.4605658786015438,-1.9673749757748238,-1.5817432128345434,4.002155425298362,0.6492544997712605,-1.6452267314850242,-0.04731389199931435,0.32568322757136114,-0.45064809923364946,-0.22757931935184353,0.6017765561269872,3.8444872717669782,-0.4233329619409064,-1.964482170641333,-2.2044488467468972,-0.9730115894939977,-0.23739712676564328,2.2424311574609384,2
-1.1470632039085558,0.7080211958677365,0.8637819031668581,0.4708270104739658,-1.4804439250227162,0.5969334616633186,0.20726875313021484,-0.3431650974947692,0.48514309564823804,2.3516961218559236,0.27503695245595283,-0.2746467915329495,3.1773754718048983,0.8019090776610966,-1.7264746681744452,0.8174882941868014,0.5054028267427446,-1.3089124715348412,1.9830425583505231,-1.0838621380563884,2
4.304556431146452,-0.5950987410478299,0.15846118511886256,0.44229959558596854,0.9945909288357225,-2.8782117990944376,-2.091651903364375,-1.0496000838296187,1.85160907703945,-2.064562709289915,-0.8995346797773658,0.2777256563345103,-1.4040673447451435,0.19626994016560917,-2.5204227113514204,-0.2817577960219604,1.952052218109293,-1.621432488190576,0.7187082925761192,0.9540976603759755,2
0.5541331405651588,1.7176476866808064,1.3471592934086047,-1.0164725919253024,0.6300931581315045,-2.0070092035395097,0.45844040185329793,-1.2635641030828042,0.7723360402943095,0.6027824561364827,-3.384783334729853,1.1017204865890793,-2.8783226691247297,0.34781181114363346,-1.4337264334321644,1.7789191283227974,1.6708963631273437,6.820230809546698,0.3411796290033564,0.9374027104720325,2
4.403710153410108,0.22894024389627662,0.2398285379235732,-3.4031266255471073,0.2035247552148713,-3.5922948041362694,-0.16290915628598213,1.423249793238322,-0.866336617187862,2.3714498041070673,-0.9134354267749915,1.2932370523496068,-1.530346225967863,0.7756514814057203,-0.7068528800272376,-0.9714257482219049,5.265358012603468,3.838529678356025,0.42393231161354816,-1.6053830270598055,2
-2.1595360459439563,-0.7311842409140402,0.023082555702404917,-3.159003617962129,-1.1059332245799558,5.1899097523841,-2.080187972641872,-3.9852901408781096,0.2789781019156488,2.0385853192897834,0.24030493244008988,1.4502193738337088,1.540567926848702,-0.5738956271235705,-1.1513914259984324,-0.8012206925688999,-0.9113284954743555,-1.959340928627852,-1.519105291242564,0.9810709238787138,0
1.559936343078734,-0.08974533601511399,-0.03218056512901509,2.698545901300653,0.2599553065442319,-5.169345499661572,-1.3113538919198857,3.6266739179824206,-1.8615435281616473,0.24785054837840015,1.8541613882898258,0.14627904381135326,0.8751064991864581,-2.0177306694292474,4.807511843367545,-1.596295833170219,0.9240014971567778,-2.5743241938315307,1.2620904960258454,-0.43971156043633197,1
-1.6009732626592612,0.5055077575917957,-0.9078688084774094,-0.37495767475523445,0.4513680314454664,1.6630501711252705,-0.6937253088683843,-0.5878868248195293,1.0508882409468694,0.8605101043598673,0.12510450931548855,-0.3795600749291589,-0.9595869925242073,1.6110496749446426,1.451056333220933,0.7099010008979967,-1.1080057170708941,2.545602776945489,-0.019514802751701654,-0.3060454650644175,0
-2.761815503834053,-0.517622744420836,-1.436060494836333,-4.092393941815016,0.13313564624990556,2.2265970058237463,0.03622057046526678,0.7455339932429017,-0.7249029262599724,3.3633735773134075,-3.7960891934818513,-1.049949577930627,-1.037805375903672,0.5137201937887239,2.5792530572432346,2.2935439271787375,-2.0811421815677793,12.003093715734204,0.5597480275899028,0.030439562394779483,2
-3.462487661112513,-0.021264052012147087,0.5224641173900957,3.001791445563727,-0.35188217414045164,-3.260987037179945,-0.560191180674306,4.247302612357343,0.0533279658494385,1.8679086952889628,0.059896211161236446,0.9333207846519014,-1.9230258772227646,0.13112679690773676,-1.8419849663266732,-2.0399595788138916,0.6701638715752123,3.4098268769343503,0.8346231822478283,-0.09808541239626974,2
-1.0401903064082845,-1.0099957354457663,-1.6967359427510438,-3.188038420594359,-1.4424079802360232,3.8527372336703483,-0.7930683907128941,-4.245979222023669,-1.1306565105457478,-0.6537648562300938,-2.4412382118529967,-0.3636101362420109,3.9812881350115967,-2.8067042806891758,-0.33925335968071924,1.7305731879877269,0.8061742967468977,-2.6723684992085426,-1.409946401889573,-2.647112108055182,1
-3.4413315297915132,-0.4536842696609017,0.8184053998494355,-2.30902141094086,-0.3797158202146883,4.575300350656932,-0.4895366719905653,-2.3516084003482107,-0.10084481837845984,-0.49129462972917826,-1.4754268207118935,0.7116217341841727,1.80144662992093,0.23722995690873105,1.6238511686568475,-3.3462780363411375,0.6412145631530017,-3.58471667034206,0.5239518739379996,-0.8118796688667311,0
-0.6605069365474192,2.291107174618739,0.6324586861481764,1.4634102507548885,0.47760112766229346,-0.30327170199651843,0.7686821368867198,1.800318115422212,0.7891210234902003,-0.6673493925286123,0.7652096204891199,1.24940142981085,-0.30563895222006177,1.7991571028280835,1.4847130484701516,1.5867726329107312,-0.29141131826342204,1.5105733990272427,0.4707849743952435,-0.6967047672987804,1
-1.6555246910841825,-0.32166358054911637,-1.285087969866526,-1.774526329217199,-0.31332087282762977,2.069200261577204,-1.9625304945209214,-1.1084822349596315,-0.47405307303580635,2.2793742992435595,-0.3233231587457075,-0.33437710670132015,1.380748699154089,0.03833965450980903,1.0716672488902672,-0.8189134710771613,-0.2514789592056429,0.31149298705106776,-0.2858559561574305,-0.9111228918701051,0
-1.4103049948439201,-0.4338065870878184,0.25639955924383856,0.7007266973992266,-0.3155400628963584,2.7763652747508054,0.16367176222971988,0.394966441729414,-0.3028848778801811,-0.5288022084116979,1.3410473162929266,0.14621135589758608,1.409014252242833,1.593688199790563,0.7874439884275285,-0.23475495871756213,-2.480872369293416,-2.1812468631116864,-1.8301064887175909,0.8959972104136343,1
0.8765104843063196,-1.3124236755267384,0.34909800240550426,-0.2514882717943212,-0.50003867654928,4.147916637974395,1.3290720969940957,-0.16166642179046398,1.986410576273252,-3.335239987869101,-1.6466817530222224,0.6544783129101075,1.6623749007590873,3.028155466457912,0.6456387081456497,-3.3485364910584536,-5.459667903979296,-3.7192272621463514,1.0524506316140432,-0.45337242062983774,0
-3.015375950639221,1.566703721444044,-1.7121923601223947,-2.0999261257352586,-0.6063205852377572,3.2157989902583513,-0.6966096841922437,2.561144383379461,1.8978680757991242,0.12403098128806966,-0.8999473068957293,1.8123562925094931,0.0542954253104746,-0.2319949363845385,-3.5550997254861634,0.5290956299150549,-0.7619463454223883,4.076099943274026,0.46730270129488166,-1.0935586856554882,0
1.811469957635896,-2.1906029164011374,-1.5778064052596468,0.8582016138741085,1.9975000931796743,-1.985960330741746,-0.950754988583956,1.9875191543041222,-0.08697609762672419,-1.7727843548665048,-0.4298140072418455,2.585790627217978,0.1328362696791784,0.60221182030328,-0.9214800517748791,1.2502128054132577,1.4975069302331292,0.39806510953753277,-0.7440398410318515,-1.5660306160166126,1
-1.6932351363698204,0.22054890689522208,0.057955168641172075,-2.103716956636874,-1.814447367262549,1.5343598110904488,1.8181588366757873,2.4603621517508154,0.6812343199949997,0.43799784560079624,0.7672421675340226,0.9847346857512055,-0.16836240498553,-2.8172761789196925,-2.075684028212156,-0.9773887494251838,0.09982670721677722,1.1093814538190647,-0.7228276301385732,0.740904633051127,2
2.762256926220367,-0.8233695226135396,-0.4586002861898597,2.289342303555613,-0.3958303766699278,-2.436414962449264,-0.5021715068525778,-0.019998189738504868,1.4846904025987575,-1.683545710952654,0.3747342078155318,-1.7349756969458754,2.533504188809615,-2.408398023573498,0.21065096963246954,-2.0323792588863077,-1.3376406133456609,-6.932499047337546,-0.15952204806612233,2.7717896094916394,1
2.2400696277195222,0.38581270320864025,-0.36537743585665683,1.2302552914946965,-1.280415803416591,-1.1726848635354645,0.3863169679584866,-0.027656068585603766,0.9922521257553025,0.6596852511501639,-0.24908694542105259,-1.4626339528990246,2.2283881979068427,0.5008410407744728,-0.17551753787148083,1.8096035989606936,-2.294265550113688,-0.22561171792645093,-0.9253363714385271,0.18464585699325556,0
-1.341083598696855,-1.8559847476631552,-1.8860230068683301,0.021120820167331633,1.8614602246792642,2.890061974880545,-0.7477830397187013,-1.334199312255765,-1.0837664368374886,0.9271641917985735,1.7205786595485466,-0.27835531621919474,2.447251536487266,0.055318270228691846,-1.7444484785625378,0.2891271382048086,-1.1495996675151376,-3.6278692587617885,1.0917613641014539,-0.5277873316105391,2
-0.3388939209386106,0.18909763054717318,-0.7022909050377665,-2.7828676343019105,3.556458074376815,4.5520889759146685,-0.10872911346889559,-1.9640906915094685,-1.3744301068469618,-1.8300416933972383,-2.4519429306779257,-0.2834620453258333,-1.0657111483340964,0.7456049338673072,0.6064453646656893,-0.41101060140323864,-4.190829769203683,2.474581091357697,-0.4048836100592911,0.5748278843813402,1
2.7160589153370247,-0.6984224386906184,0.0890737697140614,-2.846715569128376,-0.38668632198399133,2.1317674227763903,-0.8419765290621017,0.1063102275766532,-0.44416742136371407,0.39280282834756397,1.7593806614066585,0.15105575691727147,1.3736804603484767,2.114731798971617,4.560967498111662,2.75823417715807,-0.06564461216582906,0.9904708946071974,-1.1389482066999677,-0.8847348374730727,1
1.241705608470024,0.5675933646089623,1.7598129231736774,-0.7067228101104388,0.11620171909580941,-3.5954043259083126,-1.6039617514266094,3.551431213819736,-0.29637189375324985,2.0665346730373604,-5.10620545545841,-0.3521362158210421,-0.7379100555821518,3.304480844767988,-0.541040813458328,-1.933586452935804,0.5848765251637882,8.146605535173958,-0.3642404820512782,-0.10226574498399026,2
4.705050946152134,0.9156646964840696,1.160498489410031,-1.2254386623399802,-0.01917862516714182,-3.9259215137409846,-0.017060687140464822,0.26822344900661266,0.19010629284927974,-0.20388612197765976,-0.8309489911315181,1.1760176917840621,-2.8380615058135144,0.7619110427263301,-1.914181053179103,-0.3610622049574075,4.056939941571823,2.127479200012013,0.6695342435560055,-2.2511352240100946,2
1.0000468537756086,1.1085315772530144,-1.2669074620582157,-0.31956884534443075,-1.7931247843359261,2.0523799915509384,3.3845388598946484,-1.1638749065343466,-0.03672313763077546,4.024891023914304,3.3734813303907876,-2.220453751503902,4.643891199334078,0.0775219247311636,1.9303872485063938,1.7427073743949235,-3.458972192665015,-3.113941388505219,1.007209102997765,0.6423133625895667,0
1.1266321465412172,-1.2100329674810664,1.138935820977949,-2.495826776099595,-0.9972915110979095,1.8583475305488297,1.7897906998373772,-3.696055671847695,0.7427230614249261,-0.7407392836564466,-2.8090816229141478,0.13394029593058274,0.8158305304689697,-2.1605409024916518,1.769175157722666,2.0810017313769116,-2.291989593211861,1.6413942797799732,-1.4055789105072019,0.6159550890440554,1
-4.116291238792699,1.0025044548820388,0.5454087738331277,-2.546954123048476,-1.7664178506729673,6.326672254646593,-0.9047063055854803,-1.2666803258679056,1.014894342063009,-0.8704534870869893,0.5888739779739336,-0.5724175857800458,2.107157341982157,0.39222893728027985,1.221914871650104,-1.0832349457058519,0.30947453131672575,-3.292351988826226,-0.6961984723041789,0.7239119667589867,0
-1.5742514555554936,1.33005659821205,1.9694453813319799,-2.2813442526989762,-0.7345338183480314,4.547334576670864,0.0565155544836897,-2.1111269695145727,-0.5577784798460769,1.0555529930692609,0.11042817975296271,-1.1503666973633662,2.177284448939344,0.0022966372290436077,-1.8441773924577043,-1.8520319235435523,-1.337477674046798,-3.0740924893727697,-0.8874154176968325,-1.2782980138486677,0
1.6424246771931765,-0.409692876293349,-0.7078562474049283,-0.18744569405390754,0.07657993120346739,-1.2124755155226998,0.3877812093623871,-0.6897937577481086,1.2125845819735506,-0.0015431901966054262,-1.17321952900584,-1.6290932886306528,-0.09526401233252135,-0.015245342306644094,-1.0904832987996178,1.4924578669073685,0.4540818616456028,1.57607873877144,1.5556149614627257,0.6291798578745547,2
0.004043045786669364,2.1150516821422025,-1.3156669929208955,0.2529447264278415,-0.9718983104405119,5.236931165668136,-0.34772356153097006,-4.2917874315234865,1.0641839529286203,-0.5066417981763318,0.5848741307305196,-0.12916976316448395,4.246754127085196,2.370311118843296,-1.0702485323513058,-3.2029837556363554,-4.033071974601199,-9.424739992742522,0.5083650441335016,-1.4883254135185378,2
1.59568242525008,-0.11584627234825322,0.4213270695156009,1.0444815051543128,-0.2254039937388813,0.26565909692315554,0.0001146437703595783,2.5933664778847576,0.7875884733611177,0.49735867424867,1.285522469037716,-2.444332480542263,2.276538010762904,1.044641542277808,-1.8072247807509294,3.3877035369697976,-3.457122988323701,1.5450785032550556,0.9811391535716845,0.07424958225086495,0
-1.4317629591063024,-0.9007384366187103,-0.01807591335572484,-1.5660832403747107,0.8874775606097598,1.4107873640733721,-1.1432864667343514,-0.16838884113926977,-0.7779230308329358,2.4824606735938177,-1.1645126684042326,0.3744588071991203,2.3560433332717157,0.27866260753827676,0.27739123879698324,1.9152262775287596,-0.07654599038925869,2.9458997119056787,2.1041792751167683,-2.643825437963495,2
-1.500604188757861,-1.2748056152728766,0.6207117531051783,-2.6804651907710877,-1.4267123057666307,5.645960916610449,-0.07172898181100094,-3.461939075891444,0.24443534797901806,-0.15370492475665798,1.535563577257804,1.9448286415681042,2.2063269925813547,-2.1553974273599437,-0.6837061201202757,-1.8247643368877193,-1.566047208942201,-6.1906751373015725,-0.45257996994319016,-0.2979113279980711,0
-2.3467821896600642,0.04641633623479096,1.4294647090765544,0.2962932295253171,0.13851058301773517,0.4423685507801771,-0.6275716804230591,1.7223045588966817,0.9315796230032862,-0.440270785197844,0.11079850439415462,0.8566877893186128,-2.8485964312081578,-0.2997853727823754,1.269259503095736,-1.4267288272896888,-1.6386700311783122,2.9330085490367357,-0.9239183911032677,1.693750624214755,2
-1.1136295448574922,-1.1074607803497711,1.8934523228245186,-0.05290207805163505,1.3688845853099327,0.8027933869224447,1.3429950777402997,-2.4266053876859983,0.9835457924075637,-1.4824281756931728,-2.6742348425194553,1.5959797350372649,0.587406657863027,-0.9849155287717561,0.9725189208480318,2.779037907500096,-0.46217047373274023,1.6669436645858298,0.3803018024448286,-0.9093696726362216,1
-1.6223862211851166,-0.24359950775306205,-0.31332259200413143,0.33096265768505373,-0.5423862636822946,-0.7028708069207003,-0.6656055779091222,1.5701243206771376,0.6884984655791221,2.146144805276668,1.5891388782369906,-0.576838243669509,-1.1716934007748487,-0.43997209212121446,-0.7632548628468722,0.032224781747289155,0.5814719793015604,2.1525191073662127,1.523368553129795,1.4714876651735471,2
2.405651024967397,1.3862760820808229,0.269017527771541,-0.4502137169782203,1.2107777468234946,-0.9415604846534484,0.497730109558992,-0.0966232025709759,-0.5293455236693311,0.47038264151043463,0.7784486269572565,-0.543583940093733,1.9985703668287031,0.048087251910794215,4.569526615788252,-4.5889698188272785,0.1189680917562641,-5.855711650854696,1.16297582623604,2.184810310984808,1
3.290577616278569,-1.3177985324194006,0.5292100439110343,-1.7331321630333467,-0.2955162932555183,-1.0590496837812995,-0.6039225937437165,0.6081085139524505,-0.3348507296111789,2.3403948263032635,1.192885468314898,-0.7115554940294971,-1.0322981392489232,3.9183241116797736,0.7349570252712279,3.247831576706815,2.410142506623002,4.877479788496454,0.6728948662991454,-2.334672448315709,2
-0.9593800228626035,0.16916687482853096,1.2946333037401292,-0.34859394384047915,0.6025009698088679,4.546558703609883,0.9137407408368338,-1.082876874476608,0.6763817197037947,-1.2178819762349304,1.152791468323842,-0.881293733690008,-1.251136028349003,2.383877049875137,-1.8554208588791599,-3.3060612271267926,-3.9948087683925038,-2.8529579998978414,0.5988996097207662,0.929128862531557,2
0.8706033204923715,1.721103239138698,0.27270840729127993,0.9337875930405803,1.526312495686149,-3.012202791258636,1.3955415800780508,1.1965181495226678,-0.7615715270929277,0.6711506349208354,-3.658093931867583,0.08316008339929655,1.2681577380412392,-0.9885972376327777,0.9951710957404059,1.9699834380672439,-2.058214299103712,4.965544921598116,-1.2749591283821455,-0.8668191285941451,0
0.22177438551217632,-0.12951692306300036,0.48839956236244525,-2.5905659449141174,-1.1414567992076388,2.905460635533462,-0.5358206557192421,-2.761000288861595,0.2586560299831514,0.2043914086752714,-2.0653473737708126,1.0429936246590428,0.8397624275351631,-0.8382675260461636,1.6002295052589908,0.4058556140389764,-3.0881596302803844,1.3932841411963648,3.215947243111665,1.7522111572056083,1
0.10204804144791746,-0.5188301809198854,0.3978950934659485,-1.7651687791983863,-0.4737720477692401,1.1945935799996716,0.6778741863753364,0.22401781985475056,0.07308376479083839,2.434057377700994,0.8312511195157104,-1.8993111708452337,1.3903390651772334,1.1814457275817496,-1.2760577926633465,0.7544746541371693,1.2826704199820742,0.878961685228849,-0.8335684515025388,0.13373192659534713,2
-0.9875312686152405,0.3412343716834272,-0.32007792327212864,-1.0466245382063362,0.49722023844336843,-0.9228334043099158,0.4721404024255661,-0.5714124197102985,0.9094496131899353,4.116864488123099,-3.4005658015487117,-0.5588426970712582,3.2516947431884877,0.5214205449921372,0.20967959970886785,-2.774252585169036,0.604972108444294,0.954661716202675,1.8782773517441866,1.3054729405706766,0
0.08074731932433776,-0.4569525571435672,-1.8420337457856046,-2.8965359626304172,0.2528944168422004,6.780477381366215,0.24720339962663224,-5.478514143500006,1.7692977462631747,-4.116067204103015,-3.252720257798968,0.11647407729198958,3.596912942415609,0.21093813317396692,-1.5655322209459395,-1.4179594554615988,-2.1119378964705717,-6.787828902841194,0.2597377466574619,0.21656930617088582,1
-3.949850100147678,0.879987515299927,-0.4956604139187791,3.3537027101111265,-0.8564195729613694,-4.4656178455898345,1.1340802960689875,2.2689254241389407,0.9675318526039591,2.72747679534353,-2.2394104248983764,0.3827463149482212,2.2497774952593934,-2.841850800152407,-0.8681142130650693,4.296691704379582,1.556143408904993,5.373644223776582,-0.6854355594395208,-0.3201930196346475,2
-2.5650418727726603,1.39420825461489,-0.2884782028839011,2.7036035621977885,-1.2397101999703488,-0.8998737128695059,0.8687260250438161,-1.844732685916559,-0.4396558551334833,-1.8593255961561312,-2.0850294854027034,1.5783366953387015,0.17984067198787657,1.9864863603488307,0.8013029423894709,4.410301760386075,3.018521151427101,1.703173412282367,-0.6685311764253546,1.4445480754794222,1
-1.1475948649644496,1.173229091293498,-1.5947124045428194,1.8017020661536853,0.6287543145278464,-0.05651390225550296,0.17110140193267767,1.5079665750222317,-2.180546822491492,1.6340048291712734,1.275327175702608,-0.926410464593819,2.757262407837259,0.056631572518688555,-0.07222251975304261,0.2622613974122816,-1.8599011190039003,-1.5440958311050033,0.000875586240620727,1.6321522438452944,1
1.9143026167124257,-0.20818714378121492,-0.634862376641585,-5.1927188830300395,2.3508520262346253,2.5419324709101536,-0.13212487511416424,-4.201566656273382,-1.480665778696691,1.5499541151224103,-4.252655116060252,-1.7488212394787468,-0.3027096383725605,-1.6055504822647784,2.0758236466171827,-2.111293546329907,-3.5510849135428844,3.33160096416407,0.2321547681635336,1.8253414656306106,1
-4.731336939875371,-0.4147493167088482,-0.04996879081053281,-4.569542575494975,-0.05688614954256105,6.58732730294084,1.3937155644181263,1.093347077113102,-1.6450972541397806,2.6442720849072963,-0.8021013011830881,1.2486557538896381,3.897526557465012,-1.1098987068194677,-2.0538736500653125,0.40069934330952994,-1.3450657137612065,2.3863533203596026,2.2749884135364646,1.179145716235675,0
0.7522506137933963,-1.5793719075375352,-0.3815835486484203,-2.5959149986755095,0.41025906898077413,-0.4919318849062783,2.695488709469085,0.5764695424757065,-0.9496387450907569,3.8558297822985135,-0.4023326402585994,0.42355883701672115,-0.4158072700790545,1.8472936863592653,0.31173042722182176,0.8355747094795407,1.8900063060713705,5.415089878410364,1.686012583861031,1.716358498799454,2
-3.0727745208592445,1.8493687915666626,-1.3487177217748425,0.9037761209063386,-1.0851790521321152,0.4319111315822943,1.3703428095107595,-0.8630039360049129,-1.6721490355238497,-1.3259583541711957,-2.598036986092816,0.299287147941539,0.013606498629207264,0.3556407900729548,-0.7003800464506118,1.263470905456823,1.4282596756504735,1.6277983130593174,1.0869379000326989,-0.984427920527556,1
0.47867599098185387,-0.43600197022494996,0.2604186067710959,-3.2151695002838316,1.2705053810343956,2.2589776905629817,2.0866256153414393,-3.387958363419698,1.450575700819326,-0.6169049327740428,-3.636262243269668,-1.0429690333437662,1.7853545223284817,-3.3391453033285696,0.9176926167767334,-0.03200101818972101,-2.0665526207735194,0.17520963464948763,0.8105937992459662,-1.0712222864955514,1
-1.0928207947607596,-1.3819773746726571,1.0679577442582933,0.27815644148100516,0.42434494386140187,-0.01856705559181956,-0.9365367870263103,-1.6937975957041536,0.1102446321191789,3.231776626252785,-0.4874922375672347,0.058755387939084004,1.852725546473359,-1.32546095943868,1.2389025987337035,0.8839090190116142,-2.4972013916703375,1.1406017747362467,1.1278099799572492,0.8097357497947946,0
-2.2759980966087223,-0.29444944702490183,0.30784383291718953,1.4723470325435337,-0.17659369379737352,-0.734178040031131,-0.8051319883859205,-1.4159571999655092,-0.25981653389290366,1.196515278845708,-1.233353200465767,0.3149101318319002,2.016056316781503,-0.515966850489421,0.8625528569610152,2.3771000627037755,0.9039028455506237,0.6152875494796682,0.5506149637757695,-0.36994417856372275,1
2.2855149097182084,-0.8729382946572608,0.5903266244416787,4.789302089422554,0.7048680817970705,-7.427990147124067,-0.33402033423760474,3.55986436516217,-0.776175564897887,1.5302198490192156,0.7163793279652355,-1.2065815287074781,1.22198296512176,-1.693152119617168,1.6856366272081074,-1.3741265607680173,-0.5914870400258003,-1.5565383824389987,-0.4515906532470789,2.926157338518293,1
0.7122162820181948,-1.1463526088450813,0.8333894899614118,-0.5946559860361282,0.22659212617799823,-2.2250788760402385,-1.3296826073926284,-0.23796816185123015,-1.258368594304883,0.22607587767814952,-2.9679924288883184,-0.580741118283471,-0.9108755624764641,-0.974702865049708,-2.053325222481199,1.1024031572377366,1.620732700728229,4.01309877992808,-0.772833460036299,-0.9431462779775022,2
0.2826467854524676,-1.7035821602729582,1.1656166491111606,-0.8751323483033604,-0.45059972468403203,1.7862768842062602,-0.7210725979957165,-0.16591849875144749,-1.2012768987579148,-0.5335336242214823,1.0771146419886786,-1.8122947792484574,2.675080915241037,-1.3723679613846786,2.109236280344313,-1.667074183156001,-0.9689210886378238,-4.914480648400746,0.5342853792078425,-0.798472511187592,1
2.5051290408319176,1.232409097246681,-0.4848399241688649,4.860079206566757,-0.5527147286079154,-5.557521523826242,0.27440120505235754,1.5557917677378956,0.15052320556869614,-0.6371934520249054,1.2359134523765585,0.12936433827975002,0.0019300172883729427,-3.073319058756502,-0.16187485812376656,-1.7005846505373539,-2.7906242889268813,-3.9733539860567473,0.5484478486844262,-1.3061577004789535,1
-1.8409001792625879,0.624600518224056,1.229310691907974,1.5275623914910752,-0.36229010397795286,-0.3554354595905471,0.1349610569154279,0.33402245073558623,0.13131683316005388,2.1415960787239228,-1.1830050475033467,-1.0537907973425453,2.7357700456973983,0.8219050235363998,-2.6961724039957167,1.2660912680988665,-0.37610131651486145,0.9307671920407331,2.641030778662475,1.2155068050230795,2
-0.3908015189732348,-0.49657995373991737,0.5292829920311475,-3.1739762869653276,-0.022780630445084823,2.835995389440293,-1.145577535434755,0.1352991884189022,0.8997868507630178,2.1349023548786006,-1.0718728268222333,-0.9434615786943489,0.8307322988149501,2.292251077326508,1.0130852887705375,3.4100381235188464,-0.8001756445768293,6.418379540142831,1.111386925431259,0.8096282780621594,2
-0.5663052354354643,-1.1951085602602058,-0.22175201800740965,-1.5812412917880758,-1.6478868938568443,6.8337636773707375,0.21541140273012366,-4.359140143788668,-0.16589268284638348,-4.509623870652744,2.1391007448313486,0.8522896894528121,-1.2244062718513256,0.7926103604239827,-4.863363213654698,3.670679201044483,-0.31103049320289955,-3.620371860166003,0.6922348854682576,-0.5456589932114322,1
-2.563623540480979,1.3176976819723825,1.2735407305469741,3.544835220710305,0.6972281793958297,-3.0004784275354,-0.4592261105352324,2.9399519776648257,-1.706489127679997,3.0714068441247626,1.9154557739017375,-0.0409166103546503,1.111116847625874,-1.0104366497292125,-3.3023430099706723,0.3278792308649814,0.6538725337802813,0.09521858072817538,-0.7977414984564859,0.28715950949617813,2
3.096106016763046,1.1346860199275617,0.41572550997978686,-0.8597910425038362,-0.13281060880247617,0.08361235489352029,-1.250474143603487,1.8434916223672158,0.7294219383503361,-4.007390735701536,1.1286760779291556,0.7855463198980283,-1.1588843264679531,0.7089424774060282,-7.47625830991392,-3.0522385555429405,4.1704970981081075,-5.605252051933408,0.6087368960918721,-0.46000206411180583,2
-0.836530419915505,-0.7806882771074571,-2.217314784660689,-2.5635850949277934,0.3529530848137524,5.322118948967879,0.906138918091378,-0.602315223989299,0.8343402211571068,-1.9063462108265201,1.3710442881103522,-0.3094710746994398,1.6859833394109363,0.4250093069692449,0.5441711978284873,-0.0802616296807156,-0.5528507475553356,-3.4428731815265516,1.244102516156723,0.039933046556253286,1
-1.478953954664159,1.3009064535471864,-0.21811946065081583,2.413848866583848,-0.6102823114778584,-0.6867975734614741,-0.21274001806560003,2.51929031158547,-0.8234340949567343,3.8290030935885557,1.1853200260823435,1.0626556336097004,3.566283777334128,1.3478972886147509,-0.23049328776521238,-1.5764907125335672,-2.904827605690299,-1.232088955663868,0.05880434573626804,0.48882855820201454,1
0.25175451589844755,-0.6561907366361542,0.05474395453837187,-1.8504144359703765,-0.6019941468839443,1.7883858663143595,-0.4916916087597099,0.686468189163846,1.3955638697052697,-1.4799897301209948,-1.7101052881647003,1.2769492546645032,0.3771197546770112,-0.1859855211777044,2.0396196080159945,-0.4596912593769935,-1.9240129406430073,1.4515425727744147,0.3022240447578436,0.4796087861778043,1
-1.0496837974714563,-0.4873205361087919,-0.07645955083947616,-4.134609997788714,1.2607253490553065,4.408363830054821,-0.605716916648595,-1.6870671294268487,0.5381739465275096,1.2800035206627571,1.7658951776982592,0.8332245281449644,-0.23213485340767126,-0.7001743947965402,1.817337403489033,-1.1977409823965581,0.27805186905729484,-0.8365676071410466,-1.8411117324200659,-0.33469496850826597,2
-2.5168599902777062,-1.1960583674759722,-0.3820945938345779,-1.2698471649382483,-1.8001838537040453,3.548729876393958,0.15977013611188073,1.4543851341587222,1.0387347441445698,-1.7009974010442523,-1.385385414139966,-1.9935783824291238,-0.03330198731128409,1.666615374705395,-0.1376488452045943,-1.625348481482952,-1.3023187122110373,1.053325199743799,-1.2948656516261972,0.5865593133958481,1
-5.259537810462715,0.09899805762479688,-1.1602170570327905,2.3918378720208047,-0.19291717253005522,1.7138314050181087,1.6608549116041296,1.3134151144613133,-0.43730622618779175,-0.9706571578585073,-0.2861799396871161,1.3768376228188624,2.292323075883745,1.0490676091459994,-1.7620245516469284,0.011219544734558329,1.3390649739027887,-2.242302252388844,0.16924826174266294,-0.17660171886594317,1
1.8201407987746783,-0.05272508423498128,0.2126424823268253,-3.9775511057113295,-0.3539424825269719,8.243340756134412,1.0679596745340911,-5.319826862622737,0.7513474611501303,-0.07347544481021373,2.6268730878154205,0.6466033975037647,1.93813211756332,2.9283979088153096,-0.7338027019746733,-1.7239833119041181,-3.3698948133841835,-6.958867207375117,-1.473964180376095,0.5548823050956851,2
0.005410770362968664,0.5521186852449957,0.08358736538447735,0.531314027061325,0.5973604797329994,-3.353517453526048,0.5878038540094718,1.1256827033756998,0.6705989393347973,2.817625019186038,-1.1744223438504267,0.6282947190876064,-2.4801030388843595,0.3336865157999277,1.4676314045782886,2.101152369858431,-0.2838474518582992,7.995721480836008,-1.31649613930369,0.9521602235241249,2
-1.5373144785826929,-1.61417633496484,-0.12636599805613863,-2.201579711974028,0.2228021017188606,1.0882897951360406,-0.1411905820903369,-0.5154822204567961,2.5916947213095622,3.5743873605809906,-1.2668716103168263,-1.568881293023388,1.385106303397954,1.4852069311371734,0.7544457427241357,0.39581853243569154,1.4594500607931846,3.450184664696453,2.428934738076904,-0.6042894316091492,0
-2.5496528230842515,-0.20819273278073774,-0.5193413108811302,-1.7774359020228272,0.007282987050419192,2.0951028468237602,0.6612363481148585,-1.2256668895591234,-0.9049514889131439,2.5236991507446147,1.0447615565230794,-0.18779162815613853,-0.9394205130818885,-1.5139954100886843,0.8988446972399272,-3.620352952091883,-0.6855375687813547,-0.8784925981806874,1.3549896343416075,-0.105708080975688,0
1.0825093074475283,-1.308035777360805,-1.218776233189182,-2.4586672398200937,-0.6999094117674,6.86214423169748,1.0142669879699076,-4.678864328991287,1.2600693961701763,-0.8141878593606735,-2.6066100111363437,-0.42974708628784625,3.22566924323126,5.254452290474124,-0.4315791696466269,-1.692650309450073,-4.869919241549672,-3.255145011220221,-1.7953282230512257,1.9139128463736548,2
2.528126736998211,0.6106802242124623,1.9057882343626686,-0.5197454127034267,0.10932698296244958,-0.6155367692268796,-2.3799193621810226,0.046745545734512506,-0.2490505611996868,0.7112591509851147,1.7564873323567252,1.1551928402812521,-0.30137432504359474,1.1436735195780399,0.49155272173759523,-3.7341992821230345,0.6412858369637335,-3.8841190681059636,0.34819685301797904,-0.10685870078910822,1
3.932505392731597,-0.1791091508538055,0.5098759829067596,-5.534922888446472,1.2372216428843834,-2.2774411783410167,-0.5385026522226634,3.236477751097322,1.6314404017982647,4.169177355617961,-3.420870243211622,-0.49611677818152405,-0.28770297054423355,3.433432761140594,0.32913882472319944,-2.9575381659441584,4.1590407006039225,7.4616238554302345,-0.095408181766648,-0.9012642255798817,2
-2.5747971769460696,1.7888664942840682,-1.5659687963468298,-1.2477898914879535,0.7815181527137038,4.223508778848082,-0.2742731402743024,-2.460437426312911,-0.32388224088105777,-0.38783575327425557,0.7932764402294161,-2.0035304194121597,1.1060515553352965,-2.3585812040009917,-0.6576866626975272,0.7657687909632593,-1.900459873737772,-2.225471446456885,-1.5865276436576432,-1.219735606326348,2
0.07063323528208887,0.578809109784556,-1.662199495723507,0.9317041147062799,-0.596758318019291,0.2771373539420173,0.014667372685599258,-0.608212459391489,-0.6717136568774156,1.3399683971442724,1.8647110306959847,0.22159801813674082,-0.19553300644452198,-1.1206470145640823,-0.6271382365978897,2.605673002158848,-3.072288051276149,1.2224969640163335,-2.2041733854125187,0.5188439229401117,0
-1.1329394516753895,0.685124338415306,-0.3579668887533979,-2.8569982875872593,0.348933827351114,4.166706241560784,0.2444479584974529,-2.9857899208943355,-0.09738100591346759,0.27302928621897227,-0.45987199442874305,0.633646964071388,4.398890457247024,-0.02633530155832653,-0.06459564459852674,0.26112422299131754,2.395444350740524,-4.640822505548566,0.8841243210313999,-0.3888097854593733,0
-2.3498371825859232,1.1804283572479357,-0.6382929251113144,1.3937621735485979,-1.8579760248927368,-0.9789911223004677,0.5517911190550536,-1.8291000896058112,0.06111730269761683,-1.43097113999701,-2.6163063037928005,-0.23801962011695701,-2.0665140603234953,0.7261606576304368,0.9494781526687056,4.617216373708745,1.9029574824172881,5.4014184634131235,0.1779210100791577,-1.780103237122918,1
-0.4106774599464489,0.37702683303032763,0.7961798949762344,-1.492543281720446,-0.756784418747691,0.2708799921278315,-0.45452240701841656,-1.017637222676395,0.20000066583166098,4.3647347034813215,0.1708513488589154,0.581145557008673,2.2504535822760543,-0.7828075958509046,-0.11570686960314314,0.5862876252210525,0.009657932661987001,1.2013249526793528,0.4883647602144977,0.7123352668133672,0
0.6402721488932881,-1.4515181184283728,-0.30736124134784987,-1.5694040098761737,-1.149487636578482,3.402444647169722,-0.7001329529499091,-0.9279726858132589,0.3222408808824085,-2.8892269596513676,0.8457656274874594,1.4362013949052208,0.9965259193719577,0.9166326478229418,2.0508693243050606,-0.7530409700755891,0.055792470881568246,-4.304606035340924,1.0366064138649516,1.1885010140347059,1
1.8440694054822808,-1.2261473645198493,1.9793844714143014,2.259999077792953,-0.289944066366679,-4.798775602139045,0.48905750054155556,2.4798590752258183,-0.5031963884173696,-0.1965986749947839,-0.5047303600736424,1.9156420206593923,0.9995762450956038,-0.7842903491036453,5.098735456413223,-1.160786831060332,0.35007947057567423,-0.8070554667395688,0.4476719908369938,-1.0412051371272881,1
-0.4098291182310855,-0.10552482732608953,0.9867984350370388,-1.5534943525111928,0.6294941559995911,1.5208508813901331,-1.5255799251838817,-2.1736982582781077,1.803648596287526,1.069810436310304,-1.0443165922261395,-0.025243058663484013,0.7880556246338332,-1.1167462983804743,-0.7412129015404947,-1.0700754613118963,-0.7819555972610089,-0.6902188237357959,-1.19769935087518,-1.2662226643379593,0
-0.38898910242365314,-2.667629714606425,-0.05315980572258217,-3.4982906442972723,-1.3899517473838237,7.225494693014379,2.1321856668063788,-2.6789353647572587,0.6689403187957681,-3.512611990369572,2.225105388058592,-0.4359169334535281,0.5629085905849571,-1.653362839181463,0.17011101447500554,-0.8608475681882507,-2.1298794946637543,-6.016757621620052,0.8832590162275658,1.3042551998259626,1
-3.405503062523231,-0.0022127099597559416,0.40447532285054083,-3.0146753654673852,1.5925978553403537,7.200098380636536,0.1334432790439806,-3.136689846988467,-0.32730403127438007,-0.9029244138534593,-0.24743047967055987,-0.8284169304503102,0.32015605166915173,1.1950726015997906,1.5600156644163676,-1.274236376496776,-2.2485835959186624,-1.4617219085974615,-1.6702940057558509,-0.7146757897840716,0
-1.4981969055068962,-0.6339666256300026,0.8485379473419877,-0.769180533564862,1.6040982221990354,-0.06804091395891451,0.892377134884908,0.5906653750801334,-1.277949885321198,3.3563263623754844,-1.4907933614420148,-0.815576854438179,-0.9470939709659152,2.954352109345702,3.666352392894569,1.7681377446542696,-1.1679545792866433,8.006848519204416,0.5723669415776499,-0.58634080130006,0
-1.5760255614667864,0.3343026976252587,0.4239516680632088,0.7889193344254448,-0.08855005154301071,-0.8249536094251918,1.314740264821312,5.479834864880585,0.9601638968056067,1.2532028440090035,0.7067179771288049,0.7202586588327751,0.3970274002983397,2.190490847691858,2.605447250085393,-0.2769044065796725,-0.5979845562321278,3.849636143224539,1.4573716424645666,1.4787115680334728,1
1.2776569941633964,-0.6985530493827176,0.6507397040931587,-1.0605705250987398,0.3747785308586731,-2.2870352577211683,0.4870171564202809,1.4687507802626292,1.074848721680636,3.056786838115808,0.21458608984755978,-1.2624524016646612,-1.302373004586229,1.3497588114067114,-0.43128349140871014,1.2366728955125996,2.2671213710934337,5.1540888881473785,-2.4266179602311997,-0.875272098575002,2
-3.0498128861330365,-0.7289658219887498,1.400554386500802,-2.243349261968088,0.13077246894419722,3.1474752301135074,0.04556069771985127,4.867823988858361,0.9445582824931873,1.8355640219121652,0.034735387269094864,-1.4885939779624031,3.9626880228631824,0.46965918362034076,1.0594555330585524,-0.009380256729597858,-0.8967447918722624,2.370271086336796,0.009770567353241414,0.14320219249638214,1
-2.095509042980255,-0.05475155588077412,0.1937518326758752,0.9658696363755396,-1.392446526503188,0.8487326100324603,-1.7973349779332692,3.7362615158268966,-0.5484228891280898,1.124627237546187,1.0309594500412156,1.5052386894064136,3.217988340777089,-1.325222585749343,2.0964165349867114,-1.4630736095592884,-3.756782926195749,-1.1838976362546545,-0.09582708075830544,1.6074193470813503,1
-2.8696244185423003,0.6320484771210559,-1.3066080266531346,-2.4108883121194764,0.31097634501422283,5.684210736586707,0.4798283715194892,0.39222255711252774,-0.27151118310388506,2.1450914876684513,0.7539969811941385,0.9837917519532065,3.647098886690858,-0.5086617262514002,-2.6048765235026083,1.8778609294950388,-3.5356631621407146,0.9518857485048017,0.5622889179004108,1.1822403898584486,0
-3.0418903643467714,0.394598935358264,0.4405071726036236,0.002285707647496471,-0.1553415541160091,1.1440685294438082,0.6057587975500438,2.7250077653397033,0.7500617971067234,-1.4675614406992334,-2.0341481549946865,-0.7854119933226567,-3.4621067129350784,-0.4403265824279815,-3.1691775028870635,2.8478335189302317,-2.7455431109082813,8.928970185273075,-0.3235174434423892,-0.02529319310900609,0
-0.8607441656955579,0.6328186361090995,-1.1079252261948622,-1.1845235468387405,0.7540140713944891,2.3891545664324854,-1.2809774344385265,2.90152632714097,-1.0041124247584468,0.586025616748419,2.1446184694083326,-2.363665540004127,2.6273367680707898,-0.4603051091007112,2.145508370000929,-3.1760280662412477,-1.6573510260987727,-3.658460839134113,-0.5097897289597362,0.12897210781189702,1
0.8895080294278179,0.06118220714424601,-2.170219000302106,0.34151033422320864,-0.9150837506108667,0.902933285992901,0.33986463328470484,-1.5356371427676208,0.45531378783033694,1.455081701243883,1.1763889921188424,0.45063433992680635,1.4512648055282151,-0.44466739782340436,0.07404877049801506,2.355191924682673,-3.2144993510652298,-0.16394855317502785,0.016504455311128593,-0.5409272285948689,0
-0.665251316070943,0.4587974992733392,1.8302184099405412,-2.4364214402276643,-0.507859581870685,2.318745849750882,0.09825901506819355,-1.5137984886680194,-0.8557315886428748,0.6921507989712348,-2.6096445446490906,1.1204162316812527,1.299403747711679,0.7534693135078859,0.6210463615455935,-3.49415723633287,-0.5555204450241218,-0.8315429074792613,-0.3624418210905925,-1.3203080761282289,1
0.23448925433309054,-0.16363299564993505,0.20758361209537735,-1.0278988007246228,1.8279434714648592,-0.32876885971055997,-0.7545091468138538,-1.3324931381931182,0.3717821000782752,-1.8605962715008133,-3.2365869464476584,-0.4326804985026243,-3.0800943592585384,0.2841340262634928,3.0689839421209277,4.513916392461223,-0.5801345506567627,8.095480013366549,0.45686325636846165,0.5403449145364171,1
0.130454782296773,-0.09980671115393072,0.13670532275726222,-1.229228733463722,-0.053962660064733624,2.9196468106417983,-0.4298727342120928,-1.9215551690944859,-1.1002517228009645,0.3786214042237669,0.3524680356140294,0.3942895459611482,1.1700813442122826,1.658757928501315,1.4262338346197891,0.3805781970830566,-1.5725777747036656,-1.0238950326603928,0.7453589747902679,0.42556604588258284,2
-0.3565489854471855,-0.1909858084779715,-0.80317994579797,0.38410157820418545,-0.82091315817284,4.488124798942841,0.38135158115491613,-2.9859785413539597,0.04121277502800201,-2.172608267592556,4.42889913450589,-0.4417467234969245,-0.5578077004006396,-1.061471628674193,-2.339597063068664,-0.18153705269945664,-2.582330139799163,-7.180344261107013,-0.37701328298679065,1.1585434512677808,1
-2.7044918427053726,0.4518975861164713,-0.7432363667780943,-1.1930338931606785,0.933992223153786,3.6932397508518027,0.2297589919427541,1.2224067836217585,-0.9602529244189619,0.6287151451311345,1.9319783503295809,-0.27401631381909686,2.1534002228702107,-1.4244579702001174,-2.1552494204806742,1.305177531031653,-0.959429987186996,-0.8578381092867862,0.7873580466943357,0.5245174345941758,2
-1.7649398396637115,1.969340336819593,1.9240334998004929,-2.2451567723575705,-0.06950594997902164,5.86774592878024,0.19771537465791925,-1.9383906870598158,0.12892331254997774,0.13249667907684737,0.07876735044610217,-0.5054200350549426,6.02421261734859,-0.20822419756046107,-0.4816665280042496,-1.6920053319826165,-1.335223286323803,-7.0773907013094774,0.5519363398830722,-0.04841325921206709,1
0.2193456920307132,-0.1556575382899,-0.5009405371965816,-4.020925842146251,-0.9228129499824342,2.4643656649783945,1.2435456010978068,0.9799634337637848,0.851883409377045,0.44057459448911085,-3.376340074231715,-0.5411811545334609,-0.4547746242894659,2.3098209203779723,-0.6646129355662529,-3.908479874821471,-0.453981801769507,3.2698082733378016,0.9166737118471837,1.706462455746808,2
-3.0178762696618544,-0.767738018629382,0.7779377675803066,-1.4399841786355632,-0.1443304678030941,-0.9918301878293228,-0.7670713513188714,-1.188081160549771,0.9998235210624266,2.8692714450880237,-2.152990236796171,1.032893484091672,0.17593275419955134,0.9221817908060398,4.129142728575792,-0.1228838845553416,5.225766347706811,3.352008915533963,-0.7616452389357636,-0.11741852378595928,0
2.240819227758546,0.07419057067955154,0.40615883013056386,-0.017000457976161676,1.4896352833883448,-0.3108561286384273,-0.4271030163021271,3.6073499680013237,0.8209033054358575,-2.4957414328148753,-0.9721112221608204,-0.4791070961969124,-0.011067153623339765,2.5837271989614705,-1.7624579059606202,2.0138014606383168,-0.39869551946109505,3.0737759919201695,-1.4055189311177638,1.5686021064379236,0
0.9960759560530947,-0.5885949845622744,-0.8069782666399364,-0.1363250513197235,-0.23801908044889125,-4.946645511507715,0.3214630873029826,0.4551830792738655,1.4021818738013903,2.988050489004824,-2.409453411208752,2.9029416285053427,-2.8995449214390017,1.0290439641014115,-2.623084353471704,0.7761698066434042,4.4628447165376635,7.025747320790309,1.6178267235679804,1.764739752441796,2
-0.9212011340852514,-1.0638849116799036,-1.2314681704286847,-0.7513530517818143,-0.24408563855855206,3.692561710895819,0.7897857458625657,-1.1999239113984674,0.5359644092424989,0.30379988791679124,-0.40384930322534074,-0.049173784270552794,2.0745366935310994,2.9014594201979316,-1.87147070094971,-1.5839895291504082,-1.4752695384157721,-2.499057630243269,-1.171304595544942,2.1153432191621837,2
-3.8759548558718833,1.5348098061038578,-0.3276186660655158,0.21405025247585963,0.7319641373943171,1.625753907934932,-1.0760066377147952,-1.9177557708770148,0.7279413890322503,-0.497109234935162,-2.975440607792401,-1.1136866219055395,-2.0182349455941235,1.0295399721680065,1.3702770984693906,-5.568868512035258,-1.136133769964708,-0.46771030157305793,-2.0604769289335,-0.03260376040084858,0
1.8662615389430486,-0.47974189529556244,-1.5212596396782603,2.159876117295994,-0.738425005943864,-10.183693860705093,0.9051925673718886,1.4149367582612182,1.2818390285952945,4.848325207811487,-6.792420281001424,-0.5962608845449534,-3.043347348322332,2.5384911564046653,-0.510004252299489,1.3191457703101968,3.71712339414188,13.204101831527048,-0.7132048029780338,0.6689188763437223,2
3.188237686011673,0.5699013964426419,1.6991455815232015,1.3758483440150289,-0.6982222323384965,-2.795238768000343,-0.9432427626437779,-0.24788113500131437,-0.9254552480990578,-0.6134124026749475,1.7722827209556442,-0.6470258002986565,1.7483108695007297,-2.535175231543179,2.082541883102523,-3.034858948167371,0.24428287957081607,-7.561619881987388,0.8638277286885493,0.3429562674553059,1
1.0420270312213058,-0.3303492465514715,1.015046943458476,1.003725608675234,1.0094696724921264,-2.7208472746551147,1.4673820105354922,2.76204649528389,2.9622138644205442,-3.0182295064455733,-1.5614099751186918,-0.976169018468538,-2.751051331853425,-2.896439055314613,-1.5714851594929227,0.4654684047135116,-1.330041771804638,3.3330038756367038,0.04769947087362862,0.17830995631569363,2
-1.0639333842982461,0.41172510724124184,-0.2427288682128304,-2.672914416272376,1.0000374458259134,5.051049014860909,-0.7363727523560001,-1.938911385556321,-0.43257575712307933,-0.48679271710461736,0.20829392557830229,-0.6667847639617395,3.100293659228357,-0.04655982888516497,0.07521637551022653,-1.9040202230255134,-0.5985364030755821,-5.044389564707981,-1.0142150087968282,0.5177279086900803,0
-0.7479626723673436,1.262226753925343,0.9245536575733021,0.5407307837933186,-0.5146974113162374,-2.0289090646246315,-1.7339123969769745,-0.013174477811343843,0.3367229815964999,1.2892291588976432,-1.038861969010628,0.5397664303241543,1.5831030475017567,-0.023708713876642307,1.2803499026905605,-0.5538615664707358,3.1372973432393225,-0.7357505564087092,3.229829126809528,-1.9836314728963822,1
-2.7155616743172004,-0.438068918780994,-0.01923508911892533,-1.7039059621022585,-2.3154453373656176,2.737110029172957,0.5760034500128405,0.008418628190647315,1.8108732335944926,1.663815130562036,2.3381473464806644,-0.48984742313183643,0.11082679252700678,-1.5076384190382623,-2.616409568338737,-0.5718583938590467,1.4020792424853648,-1.1854256922959674,-0.12790190849850178,-0.554906869988666,2
-1.9799352639156023,0.04043983951099896,0.5751351036511284,0.8118188950459437,0.8113055056977589,-0.5968568793844904,-0.003604518113449724,1.2090438356635103,0.175065046793389,0.7163020759840893,-1.1787235119282413,1.8470672178884158,-0.02984682158599572,0.06532408138427082,2.8928344472421283,0.9499084090241903,-1.3554370538764102,3.7112739422665175,-1.5207475248088895,1.3426532450114794,2
-0.9582559679778274,-0.24489006504943875,-2.5172303766303354,-2.5452913370293526,0.3108127360499551,4.734306786832207,0.14141697257100241,-0.5986965788874672,1.2136458541964776,1.1133068601303162,1.8684585108509797,0.18773481527053326,-1.506044242364506,1.121514433288735,-2.1531175003166116,-2.9807470321226237,-2.959131413772507,-0.5445335684818393,-2.017902276462043,0.10651657632390796,2
-2.5112743014360293,-0.1240606779362897,-1.571395594482974,-2.150792750603297,-1.1470701456912535,0.7932049338679065,-0.4490401927324806,0.6524981495744009,0.9053230960752856,0.44988862499837134,-3.773603010050183,-0.15572252146734258,0.1289886318981398,-1.9135038472397583,-0.9592735907369035,-0.22082003067037004,0.15813807368955723,4.780758942034041,0.05507563831471145,1.2930975212410925,0
1.311189341115207,-0.16362745408401935,0.26154229042581373,-0.4167962326813186,-2.00580622161407,-1.2200574684656478,-0.573195807468886,-2.5692435531975226,1.1565280859800942,-1.1457484712980337,-2.900570902886782,0.7848997197486183,1.6061284488984322,-2.203826904699174,1.428778614417356,0.9402201725556604,0.7436566096637192,-1.0011005444012218,-0.34996441550588114,1.2135529453935023,1
-1.1547786107807876,-0.04581104431808029,0.5608080651609907,0.931273934395765,-2.075784765046595,2.7255692071492197,0.00932133779606678,-1.426683649776173,-0.7453442950497876,-0.00113550249952854,0.5575130010740909,-0.9548742310505617,3.414408556317212,1.704438917791978,0.36659066546836283,-1.6283404123631968,-1.7663786459967956,-5.6160618200067525,-0.06329525886579862,-1.036667316152543,2
-0.7283578708791343,-0.5794930678011466,-0.36056673178985454,1.5914186901086658,-1.2117769192049808,-2.663379666237842,-0.029969424069509792,-0.5910960712382448,1.1414234246983592,-1.2561475749156819,-1.6367123037287818,-0.005902242320550605,-2.1213535418470224,1.3291930344084735,3.1052528602545473,6.309714292806108,3.1043165088720315,6.5479331548543565,0.2539157193348046,0.5326311343770632,1
-2.2891614441834602,-0.8323499145880878,-0.39020450596025524,-2.208742831477282,0.005714110552789686,2.7772739565704323,-0.6925857199104988,2.86884738761096,1.1089802385271024,3.103532781272211,0.34058624038628094,-0.1786064354098913,0.9240358406378426,1.0423374994185142,2.5034338236505818,3.7860990396046046,-3.1579863618348316,8.205359954564887,0.350350320805497,-0.7005269906110326,2
1.938028661020582,0.6461860121365275,0.6340766610392347,-1.4890848422642522,-0.9948042414019207,1.5007942841347381,0.24749590391802714,-2.524920643846058,-0.4175473072659852,-0.6706783841902462,-0.10992654053405626,-0.34486025309278195,2.230941393463433,1.1495995885342398,4.312675909474508,6.144802984568238,0.545607306698729,1.3981360800023064,0.8580582255459638,1.1426674988225407,1
0.7430066521676537,-0.7537543405673636,0.8593904978198513,0.5110457980819256,-0.29400776113237803,0.2566921758597551,0.8776128145279906,-2.721720594489095,-0.7950928146383525,-2.5974752715556986,-1.5307503054606508,1.135046561869691,-1.5445752548210945,0.15261843003432485,-2.9937807980358073,0.6444908364080252,0.41216376187371406,-0.9083517890142649,0.05486328715614163,-0.786028274403234,2
-1.464721846124785,0.23656889341322374,-0.7762764839679763,-2.3321875554114757,2.833892231937442,2.966559795072935,0.35087053459271467,-2.5991838914732215,-1.231041982815341,1.969129800953361,-1.8065898672940235,-0.21194892932393988,2.5801493368854374,-0.003066881474774963,0.32256653981437156,-2.77621568319075,-0.7118931279258692,-2.03169889207389,-0.41504630860954944,-0.3534490287498693,0
-1.5462384297360698,0.7847740305269084,-0.38713757665058196,0.38017294849941585,-0.5006813998088716,2.175967933604461,-0.5593494798043172,-0.706968023069146,-1.2976255371808256,1.3714412147407549,3.68224344386628,-0.4503654144104354,1.278283884214463,-0.9510287420442023,-3.2865668442778615,-0.8133920706732229,0.1511453051174343,-5.111969813926264,0.9674163511946909,-0.698273796231372,2
2.8248345761068405,0.3477606482268912,-0.06970191911782275,4.1478579111904175,0.14222520069638298,-5.185973291122327,0.25498473247773684,1.767758957085749,1.1935424710049374,0.909157394397673,1.997073870215273,0.8287049876070091,1.7156175145260106,-2.4718897920964045,2.4275962755556835,-5.07592537671842,-2.8055126480569488,-7.236577010802144,0.886821712427383,1.6529956688486502,1
2.3895827985954057,-0.049079204226818746,1.0515810454264938,-3.3572332801123035,0.8920478034272733,-2.5854270297667252,0.7551027307933962,1.5642181016698393,-0.602258177282046,4.489764972404052,-2.6433632140806402,2.000625932214334,-0.17080070114212087,2.7108740393390844,0.06722764117140656,-1.1714084153523077,3.4912832373061304,6.590138892507897,0.6358209031476184,0.5809622947236015,2
2.153592742189862,-0.4048296410783314,1.1247999769778887,1.4085548479179466,-0.19728558300943913,-2.044129468152934,-1.560013095298083,0.07242681656790473,1.0943608572807824,-0.4750204576345747,-0.9687206330553513,1.184061614408482,0.04394867929956758,-0.3774463216042431,0.7751551104696719,3.304359272320256,-2.582062158479066,2.936054964808209,1.9699379120649152,0.021410628404289655,0
-4.2504935915725,-1.8166601035191046,-0.4558827353720192,-1.9959596409523472,0.4620742558975168,4.5348421014380635,-0.6904777115664218,-3.026522839007049,-0.5965629295846528,1.2258374495062023,1.037085873832206,-0.022965900314450522,-1.951761208300396,-1.1640510424364705,2.4619575551106108,-1.7366137267239643,-1.8359273466092312,0.19449149916636693,0.7900432041297202,-0.31575800821709465,0
0.4041068466380706,0.49738208669202055,0.027586351623552368,-3.538454798312966,0.9266967343836623,2.652745375724306,-1.0608834215622855,0.5113097897333767,-1.38928126862327,-0.007436396570352,-0.9092530716277194,0.8303669550428232,2.202956120619445,-2.143822168034667,2.8024085763364184,1.6428126245728465,-1.8669677583072035,2.027895716050568,0.032732477657032286,-0.19587438650316466,1
-5.452300894329971,0.9268837505549764,1.441954153562435,-1.013883848736537,-0.8274972855463505,0.840351627044324,1.1572892423540373,0.030132207952727974,-2.2555209723316882,3.097120533130523,-1.2131199085038988,-0.5430364949296431,-0.8679663627285401,-3.3611006300647635,0.9610145494224374,0.5028705341030014,-0.607754148208796,5.572694227593213,-0.08792649091714158,-1.3867758626915752,0
-2.859728356558816,1.4297307261923515,-0.6278775390205247,-2.0463985526598956,-1.1501688401667924,3.4426570437427717,0.4186801288643035,2.4438200357991944,-0.20535722387881458,2.2867436321635033,2.2177378178440987,1.9731246657865393,0.7893337959299499,0.05167076457233555,0.24251264065715428,0.8229761180082479,-1.1278077540989466,2.6006159518743934,0.25534010009093083,-2.9310967637125387,0
-0.4854144501987807,-0.34139865313360873,-0.04604373437170928,-1.8745520915155238,-1.3065326416622,2.647433112803428,-0.6702333622134368,3.986318921370157,2.112393328314427,-0.14257180935781588,0.8692700692935027,0.8168979113065603,0.37423478011958955,2.276369223960786,-3.2582255334409203,0.2291268339528575,0.02700613453046885,2.3835745281512666,-0.029799976194821397,-0.5602216277648677,2
1.1522430202380611,0.968176152875425,0.23720920127565875,-6.0387450038861745,-0.425361470265525,2.537829520174196,0.1143834751359338,4.386537291763625,0.3734453554444396,3.946634662609188,-1.0409325914632148,1.048092728848176,2.321437401952234,2.9828539382300407,1.770971139850467,-1.4031203807760364,0.4318067392734677,6.0310444418097715,2.1191036023595675,1.6584359070094898,2
-0.3097804752306689,0.8059009431107838,-0.007968024861214118,-4.326640584948226,0.31341205266384853,6.479283405744535,0.4619817108954856,-4.027452653586419,1.4513090463002989,1.8225148017759047,0.849359076686863,-0.744311787757107,3.0592030482839134,0.5329750360610634,-1.5863099978699648,0.1536579251352237,-1.0720775876228088,-3.0671098362141227,0.08987912040214814,0.7667121161322208,2
0.4479859311993897,-0.48214261100469924,0.7565319009867107,1.4840203093742148,-0.7255411589750427,-0.8285854467814316,-0.992089680099622,1.942417120561484,-0.8361951381595797,-2.033792525645394,-0.9870586561111232,-0.9086158879680972,0.8087046826437865,0.34313043352921,-1.6898282423974558,2.069983041508093,-0.6417895200229771,1.015768827185619,0.5071657592155541,0.8007601833715027,1
0.8412239758385341,-1.6020830094994443,0.559432845408076,-0.0013939974039871572,-1.3560122715994256,-3.771916286547253,0.4167143492589161,1.717968347437162,-0.06408287656884287,3.243906305238147,-1.8233280242956358,0.011132592717344245,1.7008671057501314,-1.6238955011566722,0.5744335551327033,-0.5727268234505474,0.6146805607225975,2.718007972735153,0.39195243160084786,-0.2400873199671996,2
0.5679606558590079,-0.16364583881502875,1.8359124002008285,1.254335590848656,-1.6785011885482375,-1.891476837781554,-0.021526145688816417,0.8911603120977538,-0.40673138151517996,-1.224496988326266,-0.11196701595820624,-0.14147620346559694,-2.907657268174386,-0.0019472333044650014,-2.0702621359358666,2.4263276526283253,0.3083747174872118,3.7415364904706516,0.670957572095812,-1.2650189283134636,2
-0.04405537547415983,0.11237668162789474,0.5674786341372773,-1.598513279627511,-0.1298726431173898,-0.2697217013885659,-1.76255218604164,1.9274151727257618,0.2801411217288841,1.7081090743438323,-2.4640722095261394,0.8484564564700638,4.174139180235518,-1.1912976340945962,-1.980581941218695,-0.664329685104917,0.7972043474010944,0.4246011430949643,1.0298733405125822,1.9581522269127134,0
1.890522619807006,2.0759541110974755,1.579033701092001,0.41903156410906583,0.506465061928088,-3.7619588607479066,1.2565041179401115,2.569748927123136,1.1234647179238435,0.7065700564305981,0.11113994301136931,0.3369938400965603,2.0230009824013644,-1.7712315696608614,3.452864988923478,-0.9371762934276758,1.8850763300926263,-1.3482308641037746,-0.22930508753249892,0.07538846923434823,1
1.3310699689243828,0.4059654991830201,0.9395289721634184,-0.4540251551747674,-1.7234044207138595,1.8263913055461825,0.6246733536989464,-2.8590685149933828,-1.745440629920937,0.5629694358501978,2.0259308474768107,0.33159995427906114,-0.8542072598480839,-0.7488416247639529,-1.256379865259039,-0.06678998217331078,-2.926160945306056,-2.1863886527643484,-0.5004968498447857,0.5982508136813659,0
0.12852635921021904,0.20767478048424776,-1.076931746256939,-1.5952210477599311,0.7060941340718802,3.077999726056005,0.930037197223281,0.023616087334862756,-1.0485724682482491,2.0892889380242394,2.359193711962233,1.3652260676801675,3.611219557621137,1.8200849842412288,2.7407732584693445,0.5570704661157895,-0.7914653928236932,-2.4356680505424047,0.477662138095501,2.4297560258036457,1
2.269424727141144,0.7914859272852282,-1.50790236336102,-0.46265074587147637,-0.42074514889806713,-0.8933702767253953,-0.342554518749369,0.021725087019602962,0.6687277509012801,-1.3964586025438237,0.887045074057882,-1.7457359145765963,0.06106693789375928,0.32139110285409833,-0.6303834763093221,1.3572828914734627,3.212130361937585,-1.6408519613086228,1.511353147977536,1.2275795050671234,1
-2.051836980663957,0.3283885415530026,-0.4775447923350288,0.950011673948804,-1.9617708151754156,2.5870933554649223,0.1619883436562097,-3.653043303555795,-0.281370535527243,-0.15162541475910363,-0.8304171616899634,-0.337500884988916,2.837302384187231,0.1967962423806393,-0.917826476221214,1.0713957679100643,-1.1965239879131473,-3.504864896857868,-0.9752177936179999,0.43455954691339777,1
0.06825517478925525,0.9162691989298705,-0.46040692149697343,-1.1470591783149018,0.5965723448835499,3.4534784323317025,0.7614897389393612,-2.3519085165594493,1.220429909588865,0.7957471581678335,0.18699566854788152,-0.1972506403523,1.9631779603786583,-0.6684709510944484,-0.9981929860924859,-1.4724877831449827,-4.270538733049835,-3.0399706533510833,2.4860202462776724,-1.1813549645828454,0
1.1099514897958649,2.2082504289968408,-0.6870450659553086,-2.4838759523913403,-0.20049376535647676,0.5723340134320632,-1.4798553430192238,-1.5885760645093665,0.1986435513874016,0.3062353823631878,-2.4874692366277875,-1.6524045853927698,-0.6914437418168997,1.3316838269857485,1.5788357768500991,-2.4177615060543087,0.7384536334383625,1.1416664960014662,-0.7132320106245545,1.5697275392410768,1
-1.1221951713634672,0.4032722774108696,0.2447004264617071,-1.4853984115058614,2.296339315929359,-0.8875980754516679,0.9019934527501375,-1.5924339380441856,-0.768426681526005,4.651871804438727,-1.5014098057975729,1.5376006015739785,1.6630595550167555,-0.031198207428739355,0.4987856494735228,0.2763640146919746,2.3242473964570087,2.6449376971552154,0.5103204124441805,-0.8042690495286687,0
3.039600305204628,-0.5618846512624851,-0.12508053197001676,1.5919072981893354,-0.5400143385700622,-8.489656076164566,-1.2034140699711293,0.9526727382874837,1.4441433207128669,1.3304148270084495,-2.607826988210774,0.6005097972271872,-3.4073379728643016,-1.3093232459636521,-3.157401163541058,2.0016775042147064,5.4625296664577245,6.283670826515968,0.475201627947098,0.4328185412653227,2
-1.1330714814237857,1.1548665470807686,0.974609111422171,-0.22366453334729575,-1.3009334307640588,0.756725697186433,0.4858344244121921,-3.078959358840501,-0.799111924560637,-1.5885899479035535,-4.2505242560333345,-0.46059347032672304,-1.3304522496714446,0.5615898055455009,-0.45437780165644104,-0.7511287990054583,-0.6868085540952984,1.8308041857208817,0.12817519067067903,0.10975340127556972,1
-1.1597853881083813,0.4374746644216136,0.3762977791910654,-0.5849969864062429,-0.1990496153407668,3.19603143125846,0.8254521507811602,0.46717789062320536,0.28719327787279425,0.9477481445439496,3.6150717763997373,0.6956595442991098,-0.3388812471989793,1.6079346829814845,-3.927462816530267,-2.731106588783102,0.12011701119409413,-3.960332594178515,-0.4463327971520985,0.9491235890461854,2
0.9060936172783375,-1.12319714033978,-1.4834659521057496,-1.1558246662355307,0.6148309676776891,1.317243144706969,0.020123902995707287,0.9062904128434967,-1.4803803873256582,-2.0273819743269916,1.0580052025049964,-1.925536384706547,1.4110175350998952,-1.8315539419171598,1.59439304585871,-1.3326541970627448,-0.2229866984094857,-4.041015358647437,0.803060488658778,-0.6761490520517169,1
0.88339238764865,-1.1548228677262822,-1.249476488541901,0.25777074091985464,-0.6529019851784491,1.4286435596741915,-0.6676846546932222,1.2518359799087135,0.534302049730166,-0.3601761665928116,0.21299900667717253,0.3575758908293014,0.8412123300289492,2.5080525754845704,1.8385004232525048,1.2500722983036154,-3.6224544789130997,1.5975826614233093,-0.6758008534284953,1.3427094389440943,0
1.5357003491203849,0.25970817559978626,0.10612440721318038,-1.631495078588515,-0.7967402233081192,4.573866318159236,0.7073735171147446,-2.7894578011781626,1.1090074365548068,-2.7957303827375193,0.2889966710298293,0.5794330929655631,4.007412269302828,1.119930115204015,1.6898745135793667,2.8381603105198048,-1.042922054755137,-4.831598259539544,-1.8573189505197714,-1.2020033392056921,1
-2.9166659668392168,0.6160542355371026,0.35682849865796107,-2.4718759387280373,0.10448654160568759,6.507701247874229,0.9776591369651063,-0.7131246584027962,-0.11705532308526423,0.8648195936589977,2.021157650550768,0.0460850135404643,-0.2676959442689977,0.7018863825067159,-1.630507965145409,1.1900901379769384,-3.6992376537986176,1.6020901945281094,0.3034422502910077,0.2816017539623824,0
-1.1551895927988256,0.8587331351593346,1.1566180339150132,-0.5727898172854724,1.374777288920952,2.5026303849408587,-0.20447632942450086,1.5354353905479345,-0.09058702138811366,-2.080446152027772,-1.7221843274223358,1.3876308807840454,3.064864649199188,0.865926852562293,-1.035465579935169,3.025718463227884,-0.4313647375443027,1.081658644861151,0.8524084101599746,-0.039830995283980514,1
0.11371550896086413,1.0966131834620525,0.5222968416165916,-1.8886744131028892,-0.5257449832680463,2.880231055662344,-0.4713265035703927,-0.9961485390361339,-1.012154038322279,0.7382834697916518,0.6737332949731114,0.5551408106255694,1.7994234685407688,0.6829845287582139,2.369240704536878,0.9525619353258086,-1.3869718624723184,-0.4236616662594357,-0.42801193205420235,-1.0830289045923183,0
2.407316977986,-0.1276261786504852,1.2060858873997573,2.7972943034488758,0.012349689985716507,-2.7706089644830034,0.300659448885967,0.2985178189047424,1.8063571593725565,-2.5830269707694313,-3.100264460492805,0.9968162895388207,-2.1481232209617898,0.19790498444635762,-1.6663728743564954,5.119393169134296,-4.727920577020205,6.848276444317418,-0.18424597885404745,0.32000702692797417,0
-2.047024663943151,-1.2844508622826205,-0.26164355290069913,-1.47135311705109,-1.0176392518337791,-0.11759886726135538,-2.5820591707634684,1.9376154048687755,0.2145789262421487,0.7484609476746448,-1.6814903640044596,-0.7866299715542499,0.255677321469131,-1.1015697243630944,-4.38421287733353,-4.01970516451201,3.29155601676809,-0.42125795800392,0.3713790976173894,-0.7374053455801753,0
1.065013152407556,1.574491300465195,1.1786959847192626,-4.200781027369905,-1.884330018952845,6.146362920084186,1.4488218177872538,-3.808404131350656,0.5162858974073742,-0.4492748817556136,1.2419885184555435,-0.6936967170887008,0.08926545784205242,1.6806373470859453,2.5573237481664104,-0.8739776830061045,-2.097271268182251,-2.4702389385428387,1.4613719875076132,-0.2367438476519242,2
-2.0611847560394687,-0.3112221186347788,-1.1457382830520515,-0.49450556246759914,-1.24198535994816,2.5499216257335156,-1.4374872955071711,-0.801998669756959,1.3279905881839518,-0.1815838312838114,-0.12483375681539843,1.003801889635533,-0.865036270640513,-0.6849480088685198,0.1866251122825997,1.247144862076185,-2.9123605137680855,2.3040469385074975,-0.6935685095180287,0.43641023868737466,2
4.111794938094995,-1.2930104157562536,1.6790247985038282,1.1406195708570495,-2.3440788973493767,-3.6796446580537037,-2.5570382983204483,-1.0436196541453682,-0.38518762770383064,-0.04232382521563971,1.1015813052414307,1.068687353658907,3.0784593767254673,-2.5996770000125187,2.8972736730315747,-3.019558188686461,1.430679155545969,-8.547648194320791,1.3533549225882027,0.8658615583337871,1
1.875049523481211,-0.596036549847532,-1.8030867617451225,1.2087277075384222,0.09877943755105899,-1.6402127918102565,-0.1390655984692081,2.473329079944891,1.2649635597716582,0.5074068304743518,-1.6329258908180386,-1.1822464019884,-1.3125235105227682,4.753075651709381,3.488331352471296,1.7411610805267395,-3.666096406272438,7.157062103090871,0.3806554213602774,-0.25721603684469535,0
-2.678859444594254,1.0530192099399445,-1.1051730810190554,-1.3439297327027093,-0.1232980464189985,5.1728622533563,-0.7544376098037611,-1.656193014083164,0.49940348661769857,3.5727172808225247,4.495345205453136,-1.1662282279953577,1.0302911866002158,-0.23197227316139102,1.058980513808085,1.4819809813052118,-3.8371250767490035,-0.6857830409914834,1.1070142239824061,-1.1329018927418335,0
-5.148923136036573,0.431268441605056,-0.8746803013392757,1.5689185858518813,-1.57640980780968,-3.4643130642700806,1.463417447976724,0.4160106322829803,0.36539078436214323,3.2896158769164408,-1.0448604482306703,0.2310710744819205,-3.2626909772454002,-5.450377410716793,0.43296595098091406,0.6451642674590393,0.09632037876631383,6.728038442408741,0.7704267719063206,-1.7539828207421797,0
0.22178359015753735,0.4489761444216759,0.3874667927634213,-0.48573803379668545,2.1850269286444295,2.790636543810774,-0.37413268149103635,-1.200341057691296,0.3887483035904761,-0.042328343304134264,2.039441931595951,-0.839289536708479,0.682119429445913,0.5049542714096966,2.1641795106993147,-3.5882483293807224,-2.924686132411916,-5.236423336214318,-0.9717680577398935,1.1366497063755456,1
-3.574116730610492,1.3172459401476873,1.438210776281385,-0.4605294918352326,-0.3057369316307639,5.544418090350495,1.0077935711396466,-1.0446850359207849,-0.46754654788279687,-3.926907410283112,-1.5997898201731982,0.9822575212039218,-0.2207150945529066,1.7082637698196539,-1.816030823826957,0.7318010565272548,-1.8961785776850844,-0.14242592124184653,-0.6911966267469493,0.3302480893350243,1
-2.53141815878801,0.8860273870113858,-0.9290649408936263,0.2766179988509607,-1.7063994104714486,0.8634661359856961,-1.4525254463122808,0.7294045084792686,-0.8071774512125034,-0.7598926073585375,-1.5837862900746253,0.33569658215474196,-2.02753314763437,2.877318134376695,0.34868674005756195,-0.8651744961371188,0.6799575187240732,3.1519721961555516,0.2942050199296082,0.21224348794614614,1
0.7134746256414439,-1.8420827576087893,-0.8182319835023398,-2.5370169478035827,-0.111927250405041,5.450668727662089,0.7482806471485979,0.7894296787318855,0.32193644418963757,-3.237052620578009,1.5613752920221464,0.6459120154192018,0.9962445927410815,1.7343775457532762,-4.541404938288283,-2.657413385527446,-0.17761514178031956,-5.618672237344897,-1.5861688669408667,-0.7645469051075113,2
-4.6091912394138195,2.169770748750665,1.1424495630017617,-2.6504108723547706,-0.9831431262668516,4.669120741941784,-1.3764734410914066,3.724770710202624,-0.3938585671692143,-0.8278552291535981,-2.162168109806725,-1.2034524246244487,-1.296384722281374,0.6862536830608394,-2.7421912984058476,2.648500517234732,-2.314143086241851,9.269099809701917,0.3141158493773917,-1.0005526347347284,0
0.07391692995392307,-3.4542548528409984,0.1476381003869167,-0.5877934427203821,-0.9621435288593144,1.035616601834224,0.9996310435934835,0.34452290763564886,0.8765405122923029,-0.31063831308995193,-3.2538336867557933,1.3309985491296976,3.416729460921696,2.7876961644095952,1.270556073987886,-1.5835148656982616,-0.36342686580853745,-0.765689293701298,-0.08138569428412104,-0.39047499694389004,0
0.9907563808416535,0.24472791816001685,-1.338682741545504,-2.32953043330496,-0.16118523821931702,1.1552590282800121,-1.8799117053720003,-1.3686628808625012,1.3834901644375224,0.12947062115297792,-0.41740701677527925,-0.7297874874885265,-0.4065480089650668,0.5558677952593942,3.036700780502696,-1.411072593186233,0.5317309888899759,-0.2137526884918632,1.6355541783488972,1.02919059020358,0
1.755636080438828,-0.7078108009966816,-1.1466051963455226,1.1273064867431153,1.1221588504151059,-1.405268089032385,-0.10690649009074292,1.1049480885650653,0.869825681396013,-0.20972913018767025,2.089824088857111,0.6372180913553204,1.0826410148202983,-1.0104314626179958,3.6710418929382476,-4.106472849634304,-1.299334505440553,-5.928934958355805,-0.432707627937086,0.266085421067041,1
-0.9597403296891297,0.5811209451637238,-0.1332975669939288,-3.3205739431451464,-0.31064688184828193,5.130103652535762,-1.757472622092309,1.8204008215250824,1.7240207155655047,-1.1760985460368816,-1.1572117301422624,-1.443770055576542,1.1251437428760471,0.0786813907587749,-4.457423627126653,2.9768250496573057,-2.821864826198616,4.395502085487172,0.1263110138013661,0.861166235982181,0
0.5321028459407962,-0.9014797888584318,0.3949217672080263,0.08415648690463673,-1.5197678828100394,-3.0924286419829823,-2.1318067842521535,1.9285256309930126,0.3113523830140507,3.377018779893032,-0.9207154823536298,0.45356003026458863,-0.15123973222616016,1.3109540991384265,-0.3124386626188145,2.6200152079729633,1.5452920788556337,6.579931381270907,1.2999189780618117,-0.41614521651172764,2
-1.0793264794657256,-1.4306993716118372,-1.1235103453834479,-0.9808610192690689,-0.29554480125901383,4.959689370466666,-0.031991096536398415,-1.6988734779768093,-1.076939252665135,0.23122249486627,0.11899039482513141,0.35441226171086265,2.505412133513421,2.8452005924667843,-2.1534249843028306,-1.6445651086402058,-2.5536561637363766,-3.5209497629969047,0.10518365956392356,-1.9045245195686462,2
2.4446815102994055,-0.6255156566820088,-0.4309599067001535,1.1530521358673476,-2.4933500484826845,-3.5032420110082816,1.1017396495445941,1.0224552530641067,-1.1053821813650617,0.6634697625988133,0.7442462134238989,-1.1132566940209931,1.2113876938819466,-0.6376258618773412,2.763743802990227,-1.9189720204769114,1.209294657252181,-3.1270182222886818,0.4539890643795448,-1.372259452409794,1
-0.2203159785931199,-0.6892325721353322,0.559199603440875,-2.0580786087086302,-1.0540868798292016,5.200951252048477,-1.6223406408284906,-3.4905482843042526,-1.4338636526151392,0.16137418757575672,1.635251852440581,0.9457291126502332,3.051774348538227,1.3402227203469694,2.1217867101873167,-2.49461221543418,-1.1866102507160339,-7.2346416444037915,0.26748740873384264,0.32423730126634465,2
-2.2091154056692934,-0.8583881142065399,1.3647647548555963,0.7859313889320414,-0.3943916269381333,-1.9329255372385292,-0.1381681462798993,3.1397957114862463,0.003275907102981825,-1.278110748426177,-2.3456262959667296,-1.7433314020665682,-3.275608321898172,0.4383998296937921,1.6243366644909671,0.9184261647625284,0.5740805963748026,7.277060817746234,-0.2761054479357567,-1.9363692749310826,1
2.5682230820504035,0.29133364331879874,-1.4914267376560257,-1.0990285906709525,0.12129183090008201,-0.5248965406445215,-0.05685659986476705,0.9322996304357405,1.200141587526417,-1.6589345745785415,0.1621214334883656,0.23463799594133422,-0.08899610022061166,-0.7432149619644122,-2.5320711752096567,-1.0291617127989028,1.5758663182103736,-2.0631318862988883,2.617273338971958,-0.44547088676687246,2
-4.197157980893454,-0.7161685164733763,-0.9953495843461563,-3.9059122978531016,2.045893295523032,7.046428715652561,-1.385534197789162,1.0715405211964517,0.09802958244366852,2.336332766934785,-1.7382886141623803,-2.0145375914856953,3.870008323954767,-1.8731701674348789,-3.044669402891461,5.280074735997498,-6.063753919987637,7.4612219425925765,-1.4443302334227175,1.2123844528897523,0
-0.445409671927975,-0.48535131078557103,0.2684125798529064,1.7440294790592414,1.059638220644354,-7.146410087610498,-0.7905992211312695,-0.46076347579001453,0.08568111164060456,4.275147249711942,-3.2000416188016385,0.62400913211282,2.1517577599404176,-6.047786087069449,2.4165355680488894,0.2473840594602238,1.6308806866876289,2.3902411521901437,-0.2516894907690534,0.2922960126139994,0
3.080415526782878,-1.6557345104979544,0.5916247232846588,2.0886232703955976,1.5538331422956793,-3.8030234107484584,1.51319168432021,-2.841859455941954,0.18977761392638479,0.17656321635977723,-1.6271419942713283,0.13398422394332238,-0.5326885323861188,-1.7473842722580955,1.940141199251725,2.1524464217808417,-2.590235661497853,1.242360843072795,0.6288712544525031,1.0820841971530328,0
1.2575134549506322,0.0817527464644891,-0.27707588805595107,2.1656607872891356,-0.5814625592604257,-3.9116645031885495,-0.9109581754432782,-2.1343470887674116,1.3168798384684821,0.910379865087844,-2.0445341065579976,-3.2268996247805846,-0.6294811020173547,-2.7089689584523704,0.353225599973493,1.728953190869205,-1.9920510014306152,2.236082347558726,0.04348692860380232,-0.17684586429168253,0
1.2839110868851642,0.4195504419139125,-1.2851214985646227,-0.4983332574729733,-1.1671842538476616,3.459757733111123,0.041562792633555036,-3.3401638872906494,0.22894021516454757,-4.3179587357392535,2.3986405123492878,-0.28437585908066076,-1.3649971987501601,-0.2540570752812281,-0.43117840658946616,0.9510290594307713,-0.2833175153851656,-5.549556786511949,-1.603116255930204,0.09260800122649453,1
-0.8476083024994896,1.6974122264385847,0.3229322148383435,-1.867687294552578,0.06954783670284528,5.110821915552622,1.126676679430129,-2.672327742279405,-0.6427153221102642,0.015046444853531571,0.6680028304507266,0.6819230032173926,1.9290377414125155,1.0428333340237104,-1.5783946274782434,0.007429553207585204,-1.8547148088578584,-2.9917457222431865,-0.8249821416716359,-0.11262005072912981,2
3.4896774195549893,-0.04104785170187289,0.7543139687865577,2.9563899304898196,1.299500767006587,-3.4858676409769878,-0.08645742057300403,-4.319893356762695,-0.5553682568228798,0.20247075143454962,0.1122852292931864,-1.661590238341676,-1.163795795110012,-0.6354010014225044,1.1074735017167514,0.23975250691126737,-2.1846065955601244,-2.664735072281879,0.25538336538533213,0.04854854468103579,0
2.345685259444718,0.7676277622673545,-1.1263703961449854,0.7986365568912865,0.6478049719508239,-2.6570802805265554,1.4765300374527022,-2.6479939035329783,0.7213716777887588,-2.4954390246824385,-2.4057423911458997,-0.480201725345037,-3.8861832862518124,0.938829606345168,-4.658889986741144,1.5303916316467392,3.152032045577968,2.035641651432918,0.7405222889724334,1.3846304581765432,2
-1.716310964048705,-0.2021012803542177,0.49937966061579625,-0.6041355663909765,-0.7265362139655445,2.1539450440414933,0.08287445399233105,-0.6589558534004534,0.28965352090030033,-0.2525850484113419,-2.2580392824766737,-2.0756427678896157,-0.22934879565776334,3.0544173730191604,2.9278926958366926,-0.772496605028754,-1.6206532720302629,2.5238219328171314,0.12822454150382243,-1.6341158518370344,0
-1.8157863392465807,1.2664270376268931,0.3094599960034553,-0.9483952213052207,1.1213940199703027,1.5472681182029453,0.5467493539641234,-0.13282931738624204,1.2495376393526856,1.7927384182504502,0.7160091011319449,0.7953302717885513,0.5361653312455361,-1.6770768157135327,0.7572527903124404,1.4920624189552454,-1.6342995794819462,2.054705171384049,-1.0221012939641378,0.6964764641679814,0
-0.9772761716942906,-0.1248559071075058,-1.8299038611633953,-2.0424973451181003,0.23016532200719958,3.373696842047543,-0.2802281820987568,-0.9320975194738361,-0.5587182538539862,0.8747674854034964,3.7545461345255586,0.4306701193507018,-0.7722514656865098,-0.29368074766541397,-0.14868586784010962,-2.216859184721477,0.7835521229127036,-3.8028609958208266,0.7515334211533271,-0.504595558749045,2
-0.8060682965985475,-0.7997641277878986,1.3354317289695847,-0.7893599214489027,-0.7769898342505827,0.8677388113124221,0.72509972869941,-0.9304129341720719,0.3037579491009266,0.43338500320573603,-1.5754394614017233,1.461242227246194,0.05501984467441434,-0.3919182216381112,0.36338520676713726,-0.1411381826400444,-1.2647319658909293,1.6599924910282315,1.7134380090505723,0.648479326697246,0
3.9840701811890864,-0.16100816619470118,-0.893030501908519,0.6023389132864649,-1.3898470660572526,-6.415759838716012,0.05704168467895999,1.3506073072282616,2.165879741391191,-0.015524329555181904,-3.879726843895241,1.1393869305161624,-3.041254639025392,0.9977110659502736,-1.2714047201673015,0.3927819235583023,2.5741188912844852,6.418257675612196,1.7634856074177445,-0.10142889318015628,2
-2.960929341089911,0.5665024550552186,-0.15504865885163163,-0.3325381213948768,0.16686524744165504,-0.5305037872803345,-0.1543640727738832,-0.9325725344246901,1.0336283354875164,1.7850316340306336,-1.4630332916838191,0.9469748008755057,1.9610258555537214,-0.23426063367621786,3.3700805391741055,0.9601940484445743,3.7801904942909363,0.9059908352066655,-0.3076894365069016,-2.0510224885260975,0
-1.0721179116598756,0.20273168823968934,0.1223266861648562,0.6634149166530543,1.4278623820852956,-1.3259703891606436,0.3815515758892609,2.509000005786967,0.07796847219394218,2.312968737449084,-0.2619025503787943,-0.8337509418377196,0.72970821979613,0.3139829408278916,-0.6448131128738839,3.4760184602082194,-0.41268413334777576,5.676627396588179,-1.0790244592678986,0.16899143141433093,2
-1.1218688291229826,1.732184577177565,0.2482585417616836,-2.9995504321676476,0.04269727445844389,4.87668030367502,0.39849877872840567,-2.273104524171001,-0.7389510239018741,1.3774289359816458,-0.31514658492175285,-0.5292357005230119,2.466859334544455,-0.8606328121147191,-2.9060988512705808,-4.822113544928721,-2.253462594804184,-4.999551563987789,-2.4338165053449266,-0.2808637555749642,0
0.9252084214262692,0.7056312338051302,0.3213331813140992,-2.104440791107387,0.32637832261954636,0.9427341389946786,0.007255173636000776,-5.958262922371409,-0.1781954217106992,-0.7107766431390884,-5.475309977311105,-1.0223952908709855,-1.8625636464364108,0.45877941767286345,1.2649533682131544,0.6006643554501808,-1.3866714581006496,4.002057577370384,-0.8196567616334733,0.3837505255981918,1
-2.4432238900362226,-1.1766874215550533,-0.7036867654919974,-1.0602633512412099,-0.742279685508737,1.9397030980730323,0.03690533855301416,-2.7089079310181012,1.0213997688818381,2.137358331580568,0.28857211465213584,-0.12044699536116532,-0.7147578925854015,-2.6270825707728314,-1.2950428823879516,-0.20493549509214048,-1.5680984605650472,0.6560362275065827,0.2831494955184188,0.7445896031071664,0
2.5549911419473266,-0.09912479138785595,-0.2853601457781144,-3.1231635786900824,0.22519232749093304,1.1311128084989166,0.47131917048291755,0.30226935738298333,0.46427464682496516,-0.6267809490114468,-0.6166645552127392,1.3015113634798892,-0.015947997659696345,-1.2458417764178105,4.2283590443562495,2.176584206778556,-2.308738292746833,3.5873064773232475,0.0741340400516567,0.21356693329250903,1
0.4810631794886726,-0.1815694541931124,0.48913448707453666,-2.664713651709411,-0.1980248989587013,4.7723208112226505,-0.7372466703760234,-0.6544761849718189,0.10849833926309564,0.04987245238993987,0.9705148469084826,-0.15802448008628092,2.79310305266632,2.6225279819297436,1.9195749914269795,-0.2100090403031607,-1.4041486527656355,-2.396334700967672,0.035775485295785336,0.354690986039357,1
-0.7231493398221831,-1.2181484120692732,-1.4267375640444053,1.1019340927573982,-0.4808957088136235,4.398619357333562,0.33490993645994044,-3.876480773013904,1.4663987246010093,-0.35464429971686684,5.7122635266820785,0.4111456975296016,3.6568627801472915,-2.05477753434537,-1.4859252822810247,1.656581596604164,-1.5915701580621864,-10.694788300173375,1.1944648053276665,-0.002570863685376058,2
-2.2632369595516693,1.165877811457279,-0.6103998335406896,-3.2909220191067874,-0.16696642234871384,4.988357724675575,-3.112527440092419,-2.629775982436625,0.2154934679861821,3.6218486132505263,1.8424015985634972,-0.6645614074647973,2.96677979707815,-0.4228027741220235,-0.857512884626015,-3.070098997490774,0.08488902623814654,-4.6746093245182,-0.311959313116186,1.5975461699369529,0
-2.022659685710699,-0.036902840728767206,-0.2856085173890448,-1.26407807032307,-0.5495377985779493,0.6970818504267047,0.840918636530436,0.11459762642950744,-1.6794266193847127,1.7257152974137755,-2.4649024029878537,0.28245048926523897,-1.2259137795808757,0.7430572532468553,-0.5794295713724935,0.12523205218930566,-0.7902099665423845,5.897063853823987,-0.010901197099380455,-0.71005905662051,2
-3.165617099098681,-0.5425099077147337,-0.019887793852138756,-0.6105319371076714,-1.2893743578898493,1.9312005447252534,-0.3979917748892223,-0.8261675187973339,0.2580919766013363,0.4906091207406508,0.1712031582872522,-0.03749077172481981,-2.0636933601013006,-0.16430664168772857,3.0677672191615777,-3.0082999107798756,-1.1483561255656927,0.36034470480961195,-1.3781883518331057,0.5974295355288878,0
-2.6898552971777128,-0.4570138198521978,1.696791098740288,-0.3192379492937879,-1.1352253558884424,1.271827901408496,1.1054813523421145,-0.1938566371987961,-2.476681556030022,0.5298164109479395,-0.6208822332903683,-0.8601003213280649,1.006121132442396,0.06921957200272655,2.001206712057276,-1.5535180230717538,0.5896566513589883,-0.836742632505133,0.2254101426299924,-1.3056713470362415,0
-1.723457686221704,0.19358699506569838,-0.052085761646117223,-0.7340152961199845,-1.8007174883715154,-1.545095114561847,-0.09298240734595058,0.5773057873774494,-1.0432034011890876,-0.2999652479199091,-5.965653555543723,-0.45404639815968423,-0.45075885204063204,-2.1323836937409935,-1.3625188789325977,0.4219202060707583,-0.4368739901095151,6.701886871297909,-1.4400225578501806,-1.6547849517952353,0
-2.342374844784664,-0.6803426190998739,-0.9855878206715561,-0.582463991446106,1.0665016591810415,2.845366493488402,1.5270132612259923,1.4279656226017658,0.5701299455178457,-1.1786907472391133,-0.052952360178659896,-0.23844566714956222,-3.4779298120293127,0.4021189924394373,1.8470573761800813,3.6397973178757943,-4.867440972716624,8.181645180564526,-0.3112792838795362,-0.251766827070369,2
-1.7338886605245976,-0.26089226948679867,-0.7871235503202662,-1.0094607464874032,0.480815773189125,1.3656643733486438,-1.514893499076297,0.9277923375260957,0.3845668539420678,0.07331689932590202,1.5857007358193433,0.07876622963734135,-1.8758939283143388,-0.2933982989932611,2.62382185066553,-1.8969859881041748,0.07078504613630487,0.25919671174102,0.061097635289098715,-0.8239174072841009,2
0.4803199331651762,0.07028706708913407,0.44910809069038693,0.08126217407858638,0.31967261257605173,-0.49216809437706766,0.36251622528176697,-0.4922801675677724,1.123898866891339,1.4653931733813557,-2.371753692616318,-0.8417729076788759,-0.3345853144306856,2.4984280725140797,1.561440966912291,-1.1678159905472278,-2.3702909872019227,3.199866192214771,-2.447838883399216,-0.24462508304127525,0
-2.442779194477677,-0.8081016455257083,-0.6604695199582961,-0.23907750655255455,0.23788077019964818,0.1606548379429597,0.0004720347890848933,0.09639773513024452,-0.18974350395406103,1.4201585572419064,-3.3556836425340575,-1.3341607557492254,-0.16960268761366804,2.2433287751557645,3.540886903581574,-3.1108114786105125,-1.0148739672148797,3.1169695150657324,0.4803511621244528,-0.10132902281809021,0
0.16934355911277243,-0.6681645907735275,0.3488818313036715,-3.6666598432153474,0.15359460673551137,9.426150766921879,1.5065848461335742,-0.2297800854213461,0.1417047166539316,-3.80165016111866,5.325299022242297,0.36376990672783033,2.170597220583706,1.8222677537441774,-5.228051510905172,-1.8200195388885372,0.0781732629856352,-10.253481650022833,1.2325361550005687,-1.0177329400894606,2
-1.2858073918781132,-2.1956724413257467,0.5905023187952785,-1.5759970652243978,1.3108827266886962,0.298805024002473,-0.7804042777105111,2.500580330709458,0.713597488557311,4.790971808000284,-0.7711932308929674,-0.13028624928391652,0.10291191225722329,3.4009591797072063,2.3968488542837503,2.0309614300554637,-1.286669260751304,9.13106673572486,0.014611180300383027,1.5154796656876108,2
-1.5581175285182232,0.4814434623118279,0.8374572023585122,-0.5839487640325265,0.1667819386556424,1.216869675673211,0.7067703870618957,-1.8272383631929803,-1.3556493032680186,1.3841263216769901,1.1981480427412747,-0.12666088153077432,-0.18246613081706187,-1.5859927493490389,1.9373098341058215,0.014304727259028871,-0.5537713752679112,-0.6189759514704765,0.3352599949493718,1.4268361417556514,0
-0.7725065276343869,-1.9836340926863736,-0.6174524110056049,0.07014813440001477,0.18669796459422633,1.915810655311324,0.05113416662288371,-0.7527608193619424,-1.0582486265279207,2.199939348909603,1.2453343478794012,-1.1469285123354318,2.896461907338052,0.3699306864285977,-2.090769298775535,1.551264697877556,-1.445778885051916,-1.3017761879858822,0.5712516986466183,0.14955959763717236,2
1.3179202624695447,-1.5966516602507685,0.8803754230545769,1.6541692607838547,0.6200049889007526,-3.263169424772128,-1.2025685442481686,2.7131302917479845,2.1175194017310353,-0.2115914666303056,0.3166666835521462,-1.0563434720992264,2.1643297815633393,-3.645334882996067,1.0445294683353037,-1.1847381349540682,-1.044978404771411,-2.6564893228500313,0.740300328761527,-0.8772495699787377,1
-0.6479751045483872,-0.9773832502346362,1.0888846209650607,-2.219504354286054,-0.8345805774771595,4.245629377733829,0.8433066744329553,0.603488670942922,-0.8993672798372561,0.810380250726964,3.0144293044609856,0.1484502836510538,1.7666631702797557,0.45404436472932397,1.8224278724950835,-3.575209442271766,-1.6037692829369916,-4.876393168552141,-1.155089775168019,1.0006034085162683,1
-1.3019561562962645,1.1301621858591637,2.067668105623625,0.31832420482886137,1.711759717983775,2.200047704710375,0.6392930032654406,1.9123910520153231,-0.6528710359036057,-1.6189446597217578,0.41480874484761976,0.924982520865801,1.9000586927016614,-1.3692396916529357,1.1187387231390296,-0.7498286434110458,-3.6288559527792184,-1.9806133751974284,1.160727284317493,-0.9026132225242168,1
-2.3825335328087087,-0.01865679377762594,-0.26516177223404164,-2.82746430975818,-3.299410445554966,5.098377263366188,-0.7162669418890676,-0.07365913274673486,0.38428868066582644,1.4479556508914504,-1.2107475872697935,-1.1961266586802455,2.8257465095754988,-0.636983212883344,-2.62581351112392,2.523551955741886,-3.5957702617281764,3.3465050080256487,2.1003956109556703,-2.0343390357733857,0
1.3021213821339996,-0.13149181198922538,-0.10425431531645454,-0.1598711981730635,1.2878307886750573,0.33725302423515496,-0.24404737288040645,-2.9307611275254524,0.5022100457070079,2.6401633500804538,2.5331999835050225,0.768440731326766,-1.8675770690140108,-1.717505119860531,-1.5287933307378356,-0.002256737604664494,-3.2196532673052918,-0.347581499184776,-0.8038034476563688,0.5360092255913662,0
-0.8869393056308625,-0.5876116834101616,1.2931917687021603,-1.4683058853739608,-0.6977305159963834,1.3619046910224115,-2.5617515620580185,1.8359934286879838,-0.8129224823594956,1.1278134492569603,0.11965985060099582,-0.8614186380975557,-0.06871158722903381,-0.6108817418977988,1.0749101814377315,0.9209261036560433,-2.296667198206879,3.929674281654625,-0.07187652958566514,1.4139851569978024,2
-3.165173481934587,1.5082349315811752,0.2721992597537909,-4.500671934790969,-1.3403841850963165,3.6950164235256273,-0.5059063354307114,4.862804359818565,2.545035523403604,1.9407244315314758,-1.2528516938386645,-0.600381390512336,4.050105518596453,-0.24561981697343738,-2.317504460617843,-1.1135799444854366,2.1222479271671073,2.5403745454326008,-0.24760714791784602,-0.21440668474875849,0
-2.295987224696815,-1.0382307304919214,0.5472504430673867,-2.1065200475767076,-0.23045290172181426,0.7529156978678189,0.4540350958756309,-2.775961207828547,1.7168459305521968,-0.5732531720141006,-5.18043508218307,0.923178305622918,0.9000409125047338,-4.385626801378193,-1.268030479529882,-1.0458248334761246,0.3755325641282967,1.20919938254731,0.7758975489914652,-0.22598734951128918,1
0.30937881377836185,0.35049977179139785,0.8621113790337348,1.2101941984122153,-1.207604507566461,-0.539315445876805,0.08623487529719638,1.882940341595925,-0.684281536425708,-1.9131337908940438,0.29131816152497136,-2.113350793238269,2.355827112635059,-3.2651975337147428,-1.47883492159779,1.3439426510647845,-1.431306792103324,-2.3512329502661924,1.3831571691334672,0.6846575410030471,1
-2.4710948036457405,0.2674330349504143,-0.8018560945434515,0.6518206988899378,0.5430383607482107,1.9782246854649845,-1.3759751853157975,1.0172839701345007,0.40517254459739543,0.607101017450161,0.2385949249595567,-0.3901206894213935,-0.6009364063329343,5.053142243544761,1.029655037453457,-0.9856117607611075,-0.12487977955615948,1.550966294838152,-0.5486495621405001,-0.0758367202452196,1
-0.5869219063310448,0.08368981997688686,1.0659097871516237,-2.1162233275045335,-0.8643077150294702,2.8678650922224502,-0.6059441628470909,-3.532692373143444,0.03923805481997368,0.9471861265146531,-2.1560393665617195,1.7835000132962895,2.420065226368131,-1.1665822779961261,-0.5787079651776961,-2.3008475920720644,-1.7030365951472466,-2.7614274308665507,-0.3489217264410125,0.11533979039383678,1
